filename,n_qubits,n_ops,n_1q,n_2q,n_multiq,depth,max_gate_arity,active_qubits,avg_qubit_load,max_qubit_load,two_qubit_gate_density,entangling_gate_density,parallelism,unique_interactions,graph_density,connected_components,treewidth,avg_2q_dist,max_2q_dist,max_cutwidth,max_weighted_degree,reset_count,parameterized_gate_count,diagonal_gate_count,rotation_gate_count,clifford_gate_count,t_gate_count,s_gate_count,inactive_qubits,gate_count_u2,gate_count_sx,gate_count_ry,gate_count_rz,gate_count_u3,gate_count_cx,gate_count_rx,gate_count_sxdg,gate_count_s,gate_count_h,gate_count_p,gate_count_x,gate_count_tdg,gate_count_t,gate_count_u1,gate_count_cp,gate_count_rccx,gate_count_ccx,gate_count_cz,gate_count_rzz,gate_count_sdg,gate_count_custom_circuit,gate_count_mcphase,gate_count_q,gate_count_cswap,gate_count_qft_dg,gate_count_cry,gate_count_swap,gate_count_cmaj,gate_count_cuma,gate_count_rxx,gate_count_maj,gate_count_uma,gate_count_reset,gate_count_z,gate_count_oracle,gate_count_ccz,gate_count_c3sx,gate_count_dcx,gate_count_cu,gate_count_ch,gate_count_cy,gate_count_ryy,gate_count_rcccx,gate_count_cu1,gate_count_carry,gate_count_sum,gate_count_carry_dg,gate_count_majority,gate_count_unmaj,gate_count_u,gate_count_csdg,gate_count_cs,gate_count_r,gate_count_crz,gate_count_ecr,gate_count_y,gate_count_crx,gate_count_rzx,gate_count_xx_minus_yy,gate_count_cu3,gate_count_iswap,gate_count_xx_plus_yy,gate_count_csx,gate_count_add4
0071a13b.qasm,47,14537,12143,2394,0,502,2,47,360.2340425531915,442,0.1646832221228589,0.1646832221228589,28.95816733067729,76,0.07030527289546716,1,5,3.4022556390977443,9,252,126,0,8453,2926,8453,6084,0,784,0,235.0,1576.0,2086.0,2142.0,3192.0,2394.0,798.0,1330.0,784.0,0.0,0.0,0.0,0.0,0.0,0.0,0.0,0.0,0.0,0.0,0.0,0.0,0.0,0.0,0.0,0.0,0.0,0.0,0.0,0.0,0.0,0.0,0.0,0.0,0.0,0.0,0.0,0.0,0.0,0.0,0.0,0.0,0.0,0.0,0.0,0.0,0.0,0.0,0.0,0.0,0.0,0.0,0.0,0.0,0.0,0.0,0.0,0.0,0.0,0.0,0.0,0.0,0.0,0.0,0.0,0.0
00c20ece.qasm,256,9462,9462,0,0,41,1,256,36.9609375,41,0.0,0.0,230.78048780487805,0,0.0,256,0,0.0,0,0,0,0,9420,9420,9420,42,0,0,0,0.0,0.0,0.0,0.0,0.0,0.0,0.0,0.0,0.0,42.0,9420.0,0.0,0.0,0.0,0.0,0.0,0.0,0.0,0.0,0.0,0.0,0.0,0.0,0.0,0.0,0.0,0.0,0.0,0.0,0.0,0.0,0.0,0.0,0.0,0.0,0.0,0.0,0.0,0.0,0.0,0.0,0.0,0.0,0.0,0.0,0.0,0.0,0.0,0.0,0.0,0.0,0.0,0.0,0.0,0.0,0.0,0.0,0.0,0.0,0.0,0.0,0.0,0.0,0.0,0.0
03042ac9.qasm,47,14537,12143,2394,0,502,2,47,360.2340425531915,442,0.1646832221228589,0.1646832221228589,28.95816733067729,76,0.07030527289546716,1,5,3.4022556390977443,9,252,126,0,8467,2926,8467,6070,0,784,0,241.0,1562.0,2094.0,2142.0,3192.0,2394.0,798.0,1330.0,784.0,0.0,0.0,0.0,0.0,0.0,0.0,0.0,0.0,0.0,0.0,0.0,0.0,0.0,0.0,0.0,0.0,0.0,0.0,0.0,0.0,0.0,0.0,0.0,0.0,0.0,0.0,0.0,0.0,0.0,0.0,0.0,0.0,0.0,0.0,0.0,0.0,0.0,0.0,0.0,0.0,0.0,0.0,0.0,0.0,0.0,0.0,0.0,0.0,0.0,0.0,0.0,0.0,0.0,0.0,0.0,0.0
03934028.qasm,128,655180,326170,189876,139134,361696,3,128,8775.96875,77506,0.2898073811776916,0.5021673433254983,1.8114106874281164,5192,0.6387795275590551,1,98,25.9510932390108,127,188502,50760,0,64287,113904,64287,339847,111912,0,0,62295.0,0.0,0.0,0.0,0.0,188358.0,0.0,0.0,0.0,9456.0,84.0,142033.0,55956.0,55956.0,390.0,1518.0,138384.0,750.0,0.0,0.0,0.0,0.0,0.0,0.0,0.0,0.0,0.0,0.0,0.0,0.0,0.0,0.0,0.0,0.0,0.0,0.0,0.0,0.0,0.0,0.0,0.0,0.0,0.0,0.0,0.0,0.0,0.0,0.0,0.0,0.0,0.0,0.0,0.0,0.0,0.0,0.0,0.0,0.0,0.0,0.0,0.0,0.0,0.0,0.0,0.0
03ee478e.qasm,32,95,64,31,0,33,2,32,3.9375,4,0.3263157894736842,0.3263157894736842,2.878787878787879,31,0.0625,1,1,1.0,1,1,2,0,64,0,64,31,0,0,0,0.0,0.0,32.0,0.0,32.0,31.0,0.0,0.0,0.0,0.0,0.0,0.0,0.0,0.0,0.0,0.0,0.0,0.0,0.0,0.0,0.0,0.0,0.0,0.0,0.0,0.0,0.0,0.0,0.0,0.0,0.0,0.0,0.0,0.0,0.0,0.0,0.0,0.0,0.0,0.0,0.0,0.0,0.0,0.0,0.0,0.0,0.0,0.0,0.0,0.0,0.0,0.0,0.0,0.0,0.0,0.0,0.0,0.0,0.0,0.0,0.0,0.0,0.0,0.0,0.0
04276362.qasm,3,33,23,10,0,21,2,3,14.333333333333334,21,0.30303030303030304,0.30303030303030304,1.5714285714285714,2,0.6666666666666666,1,1,1.0,1,6,10,0,23,10,23,10,0,0,0,0.0,0.0,0.0,0.0,23.0,0.0,0.0,0.0,0.0,0.0,0.0,0.0,0.0,0.0,0.0,0.0,0.0,0.0,10.0,0.0,0.0,0.0,0.0,0.0,0.0,0.0,0.0,0.0,0.0,0.0,0.0,0.0,0.0,0.0,0.0,0.0,0.0,0.0,0.0,0.0,0.0,0.0,0.0,0.0,0.0,0.0,0.0,0.0,0.0,0.0,0.0,0.0,0.0,0.0,0.0,0.0,0.0,0.0,0.0,0.0,0.0,0.0,0.0,0.0,0.0
0491d461.qasm,16,4400,3680,720,0,500,2,16,320.0,442,0.16363636363636364,0.16363636363636364,8.8,23,0.19166666666666668,1,3,2.2,4,144,126,0,2564,880,2564,1836,0,234,0,80.0,482.0,638.0,646.0,960.0,720.0,240.0,400.0,234.0,0.0,0.0,0.0,0.0,0.0,0.0,0.0,0.0,0.0,0.0,0.0,0.0,0.0,0.0,0.0,0.0,0.0,0.0,0.0,0.0,0.0,0.0,0.0,0.0,0.0,0.0,0.0,0.0,0.0,0.0,0.0,0.0,0.0,0.0,0.0,0.0,0.0,0.0,0.0,0.0,0.0,0.0,0.0,0.0,0.0,0.0,0.0,0.0,0.0,0.0,0.0,0.0,0.0,0.0,0.0,0.0
0525d9ee.qasm,16,4400,3680,720,0,500,2,16,320.0,442,0.16363636363636364,0.16363636363636364,8.8,23,0.19166666666666668,1,3,2.2,4,144,126,0,2558,880,2558,1842,0,234,0,74.0,488.0,638.0,646.0,960.0,720.0,240.0,400.0,234.0,0.0,0.0,0.0,0.0,0.0,0.0,0.0,0.0,0.0,0.0,0.0,0.0,0.0,0.0,0.0,0.0,0.0,0.0,0.0,0.0,0.0,0.0,0.0,0.0,0.0,0.0,0.0,0.0,0.0,0.0,0.0,0.0,0.0,0.0,0.0,0.0,0.0,0.0,0.0,0.0,0.0,0.0,0.0,0.0,0.0,0.0,0.0,0.0,0.0,0.0,0.0,0.0,0.0,0.0,0.0,0.0
0534bf07.qasm,256,2295628,1143662,1151955,11,1813087,3,256,13467.207557690468,754930,0.501803863692201,0.501808655409326,1.2661433235139847,4371,0.13391544117647058,1,82,110.49591667074185,255,696522,411581,0,291960,730999,291960,1282369,721287,0,0,282248.0,0.0,0.0,0.0,0.0,1143369.0,0.0,0.0,0.0,86598.0,158.0,52403.0,361827.0,359460.0,969.0,8585.0,0.0,11.0,0.0,0.0,0.0,0.0,0.0,0.0,0.0,0.0,0.0,0.0,0.0,0.0,0.0,0.0,0.0,0.0,0.0,0.0,0.0,0.0,0.0,0.0,0.0,0.0,0.0,0.0,0.0,0.0,0.0,0.0,0.0,0.0,0.0,0.0,0.0,0.0,0.0,0.0,0.0,0.0,0.0,0.0,0.0,0.0,0.0,0.0,0.0
055dc894.qasm,56,3116,1176,1940,0,110,2,56,90.28571428571429,101,0.6225930680359435,0.6225930680359435,28.327272727272728,97,0.06298701298701298,1,10,4.030927835051546,7,160,80,0,3116,1940,3116,0,0,0,0,0.0,0.0,0.0,0.0,0.0,0.0,1176.0,0.0,0.0,0.0,0.0,0.0,0.0,0.0,0.0,0.0,0.0,0.0,0.0,1940.0,0.0,0.0,0.0,0.0,0.0,0.0,0.0,0.0,0.0,0.0,0.0,0.0,0.0,0.0,0.0,0.0,0.0,0.0,0.0,0.0,0.0,0.0,0.0,0.0,0.0,0.0,0.0,0.0,0.0,0.0,0.0,0.0,0.0,0.0,0.0,0.0,0.0,0.0,0.0,0.0,0.0,0.0,0.0,0.0,0.0
056c2b99.qasm,12,3300,2760,540,0,499,2,12,320.0,442,0.16363636363636364,0.16363636363636364,6.613226452905812,17,0.25757575757575757,1,3,2.2,4,144,126,0,1917,660,1917,1383,0,180,0,59.0,363.0,478.0,480.0,720.0,540.0,180.0,300.0,180.0,0.0,0.0,0.0,0.0,0.0,0.0,0.0,0.0,0.0,0.0,0.0,0.0,0.0,0.0,0.0,0.0,0.0,0.0,0.0,0.0,0.0,0.0,0.0,0.0,0.0,0.0,0.0,0.0,0.0,0.0,0.0,0.0,0.0,0.0,0.0,0.0,0.0,0.0,0.0,0.0,0.0,0.0,0.0,0.0,0.0,0.0,0.0,0.0,0.0,0.0,0.0,0.0,0.0,0.0,0.0,0.0
058c7d32.qasm,16,2016,1632,384,0,172,2,16,150.0,150,0.19047619047619047,0.19047619047619047,11.720930232558139,16,0.13333333333333333,1,2,1.875,15,48,48,0,1632,320,1632,384,0,0,0,0.0,0.0,288.0,320.0,512.0,384.0,512.0,0.0,0.0,0.0,0.0,0.0,0.0,0.0,0.0,0.0,0.0,0.0,0.0,0.0,0.0,0.0,0.0,0.0,0.0,0.0,0.0,0.0,0.0,0.0,0.0,0.0,0.0,0.0,0.0,0.0,0.0,0.0,0.0,0.0,0.0,0.0,0.0,0.0,0.0,0.0,0.0,0.0,0.0,0.0,0.0,0.0,0.0,0.0,0.0,0.0,0.0,0.0,0.0,0.0,0.0,0.0,0.0,0.0,0.0
067475b0.qasm,32,9268,7747,1521,0,501,2,32,337.15625,442,0.1641130772550712,0.1641130772550712,18.499001996007983,50,0.10080645161290322,1,3,2.9585798816568047,7,189,126,0,5387,1859,5387,3881,0,501,0,156.0,1014.0,1338.0,1358.0,2028.0,1521.0,507.0,845.0,501.0,0.0,0.0,0.0,0.0,0.0,0.0,0.0,0.0,0.0,0.0,0.0,0.0,0.0,0.0,0.0,0.0,0.0,0.0,0.0,0.0,0.0,0.0,0.0,0.0,0.0,0.0,0.0,0.0,0.0,0.0,0.0,0.0,0.0,0.0,0.0,0.0,0.0,0.0,0.0,0.0,0.0,0.0,0.0,0.0,0.0,0.0,0.0,0.0,0.0,0.0,0.0,0.0,0.0,0.0,0.0,0.0
06857ab2.qasm,30,70628,50877,19751,0,17810,2,30,3012.633333333333,4200,0.2796482981253894,0.2796482981253894,3.9656372824256034,435,1.0,1,29,10.379120044554707,29,10261,1770,0,18036,24865,18036,52592,0,17525,0,0.0,0.0,0.0,3500.0,0.0,15911.0,10696.0,0.0,8761.0,19156.0,0.0,0.0,0.0,0.0,0.0,0.0,0.0,0.0,0.0,3840.0,8764.0,0.0,0.0,0.0,0.0,0.0,0.0,0.0,0.0,0.0,0.0,0.0,0.0,0.0,0.0,0.0,0.0,0.0,0.0,0.0,0.0,0.0,0.0,0.0,0.0,0.0,0.0,0.0,0.0,0.0,0.0,0.0,0.0,0.0,0.0,0.0,0.0,0.0,0.0,0.0,0.0,0.0,0.0,0.0,0.0
06a7dabf.qasm,41,12107,10118,1989,0,501,2,41,343.8048780487805,442,0.16428512430825143,0.16428512430825143,24.16566866267465,65,0.07926829268292683,1,4,3.248868778280543,8,216,126,0,7040,2431,7040,5067,0,657,0,198.0,1316.0,1753.0,1774.0,2652.0,1989.0,663.0,1105.0,657.0,0.0,0.0,0.0,0.0,0.0,0.0,0.0,0.0,0.0,0.0,0.0,0.0,0.0,0.0,0.0,0.0,0.0,0.0,0.0,0.0,0.0,0.0,0.0,0.0,0.0,0.0,0.0,0.0,0.0,0.0,0.0,0.0,0.0,0.0,0.0,0.0,0.0,0.0,0.0,0.0,0.0,0.0,0.0,0.0,0.0,0.0,0.0,0.0,0.0,0.0,0.0,0.0,0.0,0.0,0.0,0.0
06e45cf2.qasm,16,4088,3422,666,0,500,2,16,297.125,442,0.16291585127201566,0.16291585127201566,8.176,23,0.19166666666666668,1,3,2.2162162162162162,4,135,126,0,2383,814,2383,1705,0,216,0,82.0,453.0,593.0,598.0,888.0,666.0,222.0,370.0,216.0,0.0,0.0,0.0,0.0,0.0,0.0,0.0,0.0,0.0,0.0,0.0,0.0,0.0,0.0,0.0,0.0,0.0,0.0,0.0,0.0,0.0,0.0,0.0,0.0,0.0,0.0,0.0,0.0,0.0,0.0,0.0,0.0,0.0,0.0,0.0,0.0,0.0,0.0,0.0,0.0,0.0,0.0,0.0,0.0,0.0,0.0,0.0,0.0,0.0,0.0,0.0,0.0,0.0,0.0,0.0,0.0
0732491c.qasm,64,8194,0,0,8194,7729,32,64,385.0,512,0.0,1.0,1.060163022383232,1776,0.8809523809523809,1,48,26.058823529411764,63,16384,1024,0,8192,0,0,0,0,0,0,0.0,0.0,0.0,0.0,0.0,0.0,0.0,0.0,0.0,0.0,0.0,0.0,0.0,0.0,0.0,0.0,0.0,0.0,0.0,0.0,0.0,2.0,8192.0,0.0,0.0,0.0,0.0,0.0,0.0,0.0,0.0,0.0,0.0,0.0,0.0,0.0,0.0,0.0,0.0,0.0,0.0,0.0,0.0,0.0,0.0,0.0,0.0,0.0,0.0,0.0,0.0,0.0,0.0,0.0,0.0,0.0,0.0,0.0,0.0,0.0,0.0,0.0,0.0,0.0,0.0
07fc5b22.qasm,16,4400,3680,720,0,500,2,16,320.0,442,0.16363636363636364,0.16363636363636364,8.8,23,0.19166666666666668,1,3,2.2,4,144,126,0,2563,880,2563,1837,0,234,0,82.0,483.0,635.0,646.0,960.0,720.0,240.0,400.0,234.0,0.0,0.0,0.0,0.0,0.0,0.0,0.0,0.0,0.0,0.0,0.0,0.0,0.0,0.0,0.0,0.0,0.0,0.0,0.0,0.0,0.0,0.0,0.0,0.0,0.0,0.0,0.0,0.0,0.0,0.0,0.0,0.0,0.0,0.0,0.0,0.0,0.0,0.0,0.0,0.0,0.0,0.0,0.0,0.0,0.0,0.0,0.0,0.0,0.0,0.0,0.0,0.0,0.0,0.0,0.0,0.0
08239e90.qasm,68,154691,98315,56376,0,72491,2,68,3103.926470588235,15952,0.3644426631155012,0.3644426631155012,2.1339338676525363,388,0.17032484635645304,1,8,33.23447921101178,62,50860,14016,0,94605,65643,94605,60086,0,60,0,0.0,0.0,0.0,65583.0,0.0,56376.0,29022.0,0.0,30.0,3650.0,0.0,0.0,0.0,0.0,0.0,0.0,0.0,0.0,0.0,0.0,30.0,0.0,0.0,0.0,0.0,0.0,0.0,0.0,0.0,0.0,0.0,0.0,0.0,0.0,0.0,0.0,0.0,0.0,0.0,0.0,0.0,0.0,0.0,0.0,0.0,0.0,0.0,0.0,0.0,0.0,0.0,0.0,0.0,0.0,0.0,0.0,0.0,0.0,0.0,0.0,0.0,0.0,0.0,0.0,0.0
0885b672.qasm,39,11869,9916,1953,0,501,2,39,354.4102564102564,442,0.16454629707641755,0.16454629707641755,23.69061876247505,62,0.08367071524966262,1,4,3.2534562211981566,8,225,126,0,6898,2387,6898,4971,0,645,0,199.0,1288.0,1702.0,1742.0,2604.0,1953.0,651.0,1085.0,645.0,0.0,0.0,0.0,0.0,0.0,0.0,0.0,0.0,0.0,0.0,0.0,0.0,0.0,0.0,0.0,0.0,0.0,0.0,0.0,0.0,0.0,0.0,0.0,0.0,0.0,0.0,0.0,0.0,0.0,0.0,0.0,0.0,0.0,0.0,0.0,0.0,0.0,0.0,0.0,0.0,0.0,0.0,0.0,0.0,0.0,0.0,0.0,0.0,0.0,0.0,0.0,0.0,0.0,0.0,0.0,0.0
0a0f4c36.qasm,32,138,0,136,2,33,16,32,9.5,18,0.9855072463768116,1.0,4.181818181818182,256,0.5161290322580645,1,16,11.212765957446809,31,235,46,0,136,136,136,0,0,0,0,0.0,0.0,0.0,0.0,0.0,0.0,0.0,0.0,0.0,0.0,0.0,0.0,0.0,0.0,0.0,136.0,0.0,0.0,0.0,0.0,0.0,2.0,0.0,0.0,0.0,0.0,0.0,0.0,0.0,0.0,0.0,0.0,0.0,0.0,0.0,0.0,0.0,0.0,0.0,0.0,0.0,0.0,0.0,0.0,0.0,0.0,0.0,0.0,0.0,0.0,0.0,0.0,0.0,0.0,0.0,0.0,0.0,0.0,0.0,0.0,0.0,0.0,0.0,0.0,0.0
0b0e43d6.qasm,45,13467,11253,2214,0,501,2,45,348.46666666666664,442,0.16440187124081088,0.16440187124081088,26.880239520958085,72,0.07272727272727272,1,4,3.341463414634146,9,243,126,0,7835,2706,7835,5632,0,724,0,212.0,1464.0,1951.0,1982.0,2952.0,2214.0,738.0,1230.0,724.0,0.0,0.0,0.0,0.0,0.0,0.0,0.0,0.0,0.0,0.0,0.0,0.0,0.0,0.0,0.0,0.0,0.0,0.0,0.0,0.0,0.0,0.0,0.0,0.0,0.0,0.0,0.0,0.0,0.0,0.0,0.0,0.0,0.0,0.0,0.0,0.0,0.0,0.0,0.0,0.0,0.0,0.0,0.0,0.0,0.0,0.0,0.0,0.0,0.0,0.0,0.0,0.0,0.0,0.0,0.0,0.0
0b325fdd.qasm,100,466533,293823,172710,0,224978,2,100,6392.43,45944,0.37019889268283274,0.37019889268283274,2.073682760092098,666,0.13454545454545455,1,9,49.50489259452261,93,163084,43032,0,287923,200697,287923,178610,0,60,0,0.0,0.0,0.0,200637.0,0.0,172710.0,87286.0,0.0,30.0,5840.0,0.0,0.0,0.0,0.0,0.0,0.0,0.0,0.0,0.0,0.0,30.0,0.0,0.0,0.0,0.0,0.0,0.0,0.0,0.0,0.0,0.0,0.0,0.0,0.0,0.0,0.0,0.0,0.0,0.0,0.0,0.0,0.0,0.0,0.0,0.0,0.0,0.0,0.0,0.0,0.0,0.0,0.0,0.0,0.0,0.0,0.0,0.0,0.0,0.0,0.0,0.0,0.0,0.0,0.0,0.0
0bde3200.qasm,8,27,27,0,0,5,1,8,3.375,5,0.0,0.0,5.4,0,0.0,8,0,0.0,0,0,0,0,0,0,0,27,0,0,0,0.0,0.0,0.0,0.0,0.0,0.0,0.0,0.0,0.0,18.0,0.0,9.0,0.0,0.0,0.0,0.0,0.0,0.0,0.0,0.0,0.0,0.0,0.0,0.0,0.0,0.0,0.0,0.0,0.0,0.0,0.0,0.0,0.0,0.0,0.0,0.0,0.0,0.0,0.0,0.0,0.0,0.0,0.0,0.0,0.0,0.0,0.0,0.0,0.0,0.0,0.0,0.0,0.0,0.0,0.0,0.0,0.0,0.0,0.0,0.0,0.0,0.0,0.0,0.0,0.0
0c0ce4a1.qasm,12,3300,2760,540,0,499,2,12,320.0,442,0.16363636363636364,0.16363636363636364,6.613226452905812,17,0.25757575757575757,1,3,2.2,4,144,126,0,1916,660,1916,1384,0,180,0,57.0,364.0,479.0,480.0,720.0,540.0,180.0,300.0,180.0,0.0,0.0,0.0,0.0,0.0,0.0,0.0,0.0,0.0,0.0,0.0,0.0,0.0,0.0,0.0,0.0,0.0,0.0,0.0,0.0,0.0,0.0,0.0,0.0,0.0,0.0,0.0,0.0,0.0,0.0,0.0,0.0,0.0,0.0,0.0,0.0,0.0,0.0,0.0,0.0,0.0,0.0,0.0,0.0,0.0,0.0,0.0,0.0,0.0,0.0,0.0,0.0,0.0,0.0,0.0,0.0
0c676248.qasm,256,256,1,255,0,256,2,256,1.99609375,2,0.99609375,0.99609375,1.0,255,0.0078125,1,1,1.0,1,1,2,0,0,0,0,256,0,0,0,0.0,0.0,0.0,0.0,0.0,255.0,0.0,0.0,0.0,1.0,0.0,0.0,0.0,0.0,0.0,0.0,0.0,0.0,0.0,0.0,0.0,0.0,0.0,0.0,0.0,0.0,0.0,0.0,0.0,0.0,0.0,0.0,0.0,0.0,0.0,0.0,0.0,0.0,0.0,0.0,0.0,0.0,0.0,0.0,0.0,0.0,0.0,0.0,0.0,0.0,0.0,0.0,0.0,0.0,0.0,0.0,0.0,0.0,0.0,0.0,0.0,0.0,0.0,0.0,0.0
0cc92082.qasm,13,3148,2386,762,0,2447,2,13,300.7692307692308,901,0.2420584498094028,0.2420584498094028,1.2864732325296282,22,0.28205128205128205,1,2,4.946194225721785,12,642,642,0,1522,1522,1522,1626,0,0,0,0.0,858.0,0.0,1522.0,0.0,762.0,0.0,0.0,0.0,0.0,0.0,6.0,0.0,0.0,0.0,0.0,0.0,0.0,0.0,0.0,0.0,0.0,0.0,0.0,0.0,0.0,0.0,0.0,0.0,0.0,0.0,0.0,0.0,0.0,0.0,0.0,0.0,0.0,0.0,0.0,0.0,0.0,0.0,0.0,0.0,0.0,0.0,0.0,0.0,0.0,0.0,0.0,0.0,0.0,0.0,0.0,0.0,0.0,0.0,0.0,0.0,0.0,0.0,0.0,0.0
0cd81bd7.qasm,36,10940,9140,1800,0,501,2,36,353.8888888888889,442,0.16453382084095064,0.16453382084095064,21.836327345309382,57,0.09047619047619047,1,4,3.13,7,225,126,0,6362,2200,6362,4578,0,594,0,182.0,1184.0,1574.0,1606.0,2400.0,1800.0,600.0,1000.0,594.0,0.0,0.0,0.0,0.0,0.0,0.0,0.0,0.0,0.0,0.0,0.0,0.0,0.0,0.0,0.0,0.0,0.0,0.0,0.0,0.0,0.0,0.0,0.0,0.0,0.0,0.0,0.0,0.0,0.0,0.0,0.0,0.0,0.0,0.0,0.0,0.0,0.0,0.0,0.0,0.0,0.0,0.0,0.0,0.0,0.0,0.0,0.0,0.0,0.0,0.0,0.0,0.0,0.0,0.0,0.0,0.0
0d08bd43.qasm,48,2982721,2195254,787467,0,1471632,2,48,78545.57615555935,161975,0.2640096073350474,0.2640096073350474,2.0268117301064397,699,0.6196808510638298,1,36,12.732671155662533,45,409377,53984,0,859625,228567,859625,2068621,54476,252,0,0.0,0.0,0.0,173840.0,0.0,787467.0,685785.0,0.0,132.0,1280902.0,0.0,0.0,0.0,54476.0,0.0,0.0,0.0,0.0,0.0,0.0,120.0,0.0,0.0,0.0,0.0,0.0,0.0,0.0,0.0,0.0,0.0,0.0,0.0,0.0,0.0,0.0,0.0,0.0,0.0,0.0,0.0,0.0,0.0,0.0,0.0,0.0,0.0,0.0,0.0,0.0,0.0,0.0,0.0,0.0,0.0,0.0,0.0,0.0,0.0,0.0,0.0,0.0,0.0,0.0,0.0
0d094263.qasm,8,16,8,8,0,6,2,8,3.0,3,0.5,0.5,2.6666666666666665,8,0.2857142857142857,1,2,2.5,5,4,2,0,0,8,0,16,0,0,0,0.0,0.0,0.0,0.0,0.0,0.0,0.0,0.0,0.0,8.0,0.0,0.0,0.0,0.0,0.0,0.0,0.0,0.0,8.0,0.0,0.0,0.0,0.0,0.0,0.0,0.0,0.0,0.0,0.0,0.0,0.0,0.0,0.0,0.0,0.0,0.0,0.0,0.0,0.0,0.0,0.0,0.0,0.0,0.0,0.0,0.0,0.0,0.0,0.0,0.0,0.0,0.0,0.0,0.0,0.0,0.0,0.0,0.0,0.0,0.0,0.0,0.0,0.0,0.0,0.0
0d6f51b4.qasm,16,22,15,7,0,9,2,8,1.8125,8,0.3181818181818182,0.3181818181818182,2.4444444444444446,7,0.058333333333333334,9,1,8.0,14,7,7,0,0,7,0,22,0,0,8,0.0,0.0,0.0,0.0,0.0,0.0,0.0,0.0,0.0,14.0,0.0,1.0,0.0,0.0,0.0,0.0,0.0,0.0,7.0,0.0,0.0,0.0,0.0,0.0,0.0,0.0,0.0,0.0,0.0,0.0,0.0,0.0,0.0,0.0,0.0,0.0,0.0,0.0,0.0,0.0,0.0,0.0,0.0,0.0,0.0,0.0,0.0,0.0,0.0,0.0,0.0,0.0,0.0,0.0,0.0,0.0,0.0,0.0,0.0,0.0,0.0,0.0,0.0,0.0,0.0
0e8ddfa3.qasm,24,6808,5692,1116,0,501,2,24,330.1666666666667,442,0.16392479435957696,0.16392479435957696,13.588822355289421,37,0.13405797101449277,1,3,2.903225806451613,6,189,126,0,3957,1364,3957,2851,0,366,0,113.0,749.0,986.0,998.0,1488.0,1116.0,372.0,620.0,366.0,0.0,0.0,0.0,0.0,0.0,0.0,0.0,0.0,0.0,0.0,0.0,0.0,0.0,0.0,0.0,0.0,0.0,0.0,0.0,0.0,0.0,0.0,0.0,0.0,0.0,0.0,0.0,0.0,0.0,0.0,0.0,0.0,0.0,0.0,0.0,0.0,0.0,0.0,0.0,0.0,0.0,0.0,0.0,0.0,0.0,0.0,0.0,0.0,0.0,0.0,0.0,0.0,0.0,0.0,0.0,0.0
0ee54ab9.qasm,18,783,477,306,0,133,2,18,60.5,69,0.39080459770114945,0.39080459770114945,5.887218045112782,153,1.0,1,17,6.333333333333333,17,162,34,0,459,459,459,324,0,0,0,0.0,0.0,0.0,0.0,0.0,306.0,0.0,0.0,0.0,18.0,0.0,0.0,0.0,0.0,459.0,0.0,0.0,0.0,0.0,0.0,0.0,0.0,0.0,0.0,0.0,0.0,0.0,0.0,0.0,0.0,0.0,0.0,0.0,0.0,0.0,0.0,0.0,0.0,0.0,0.0,0.0,0.0,0.0,0.0,0.0,0.0,0.0,0.0,0.0,0.0,0.0,0.0,0.0,0.0,0.0,0.0,0.0,0.0,0.0,0.0,0.0,0.0,0.0,0.0,0.0
0f6ae53c.qasm,64,375,0,313,62,345,3,64,12.6875,344,0.8346666666666667,1.0,1.0869565217391304,94,0.04662698412698413,1,2,19.07815631262525,32,341,406,0,0,0,0,313,0,0,0,0.0,0.0,0.0,0.0,0.0,313.0,0.0,0.0,0.0,0.0,0.0,0.0,0.0,0.0,0.0,0.0,62.0,0.0,0.0,0.0,0.0,0.0,0.0,0.0,0.0,0.0,0.0,0.0,0.0,0.0,0.0,0.0,0.0,0.0,0.0,0.0,0.0,0.0,0.0,0.0,0.0,0.0,0.0,0.0,0.0,0.0,0.0,0.0,0.0,0.0,0.0,0.0,0.0,0.0,0.0,0.0,0.0,0.0,0.0,0.0,0.0,0.0,0.0,0.0,0.0
10761caa.qasm,24,7120,5950,1170,0,501,2,24,345.4166666666667,442,0.16432584269662923,0.16432584269662923,14.211576846307386,37,0.13405797101449277,1,3,2.8923076923076922,6,198,126,0,4141,1430,4141,2979,0,384,0,123.0,775.0,1022.0,1046.0,1560.0,1170.0,390.0,650.0,384.0,0.0,0.0,0.0,0.0,0.0,0.0,0.0,0.0,0.0,0.0,0.0,0.0,0.0,0.0,0.0,0.0,0.0,0.0,0.0,0.0,0.0,0.0,0.0,0.0,0.0,0.0,0.0,0.0,0.0,0.0,0.0,0.0,0.0,0.0,0.0,0.0,0.0,0.0,0.0,0.0,0.0,0.0,0.0,0.0,0.0,0.0,0.0,0.0,0.0,0.0,0.0,0.0,0.0,0.0,0.0,0.0
10ea3498.qasm,140,352,280,72,0,75,2,140,3.0285714285714285,74,0.20454545454545456,0.20454545454545456,4.693333333333333,72,0.0073997944501541625,68,1,70.63888888888889,139,72,72,0,0,0,0,352,0,0,0,0.0,0.0,0.0,0.0,0.0,72.0,0.0,0.0,0.0,279.0,0.0,1.0,0.0,0.0,0.0,0.0,0.0,0.0,0.0,0.0,0.0,0.0,0.0,0.0,0.0,0.0,0.0,0.0,0.0,0.0,0.0,0.0,0.0,0.0,0.0,0.0,0.0,0.0,0.0,0.0,0.0,0.0,0.0,0.0,0.0,0.0,0.0,0.0,0.0,0.0,0.0,0.0,0.0,0.0,0.0,0.0,0.0,0.0,0.0,0.0,0.0,0.0,0.0,0.0,0.0
1154e9d9.qasm,25,3241,25,0,3216,3217,25,25,3217.0,3217,0.0,0.992286331379204,1.0074603668013677,300,1.0,1,24,8.666666666666666,24,501696,77184,0,0,0,0,25,0,0,0,0.0,0.0,0.0,0.0,0.0,0.0,0.0,0.0,0.0,24.0,0.0,1.0,0.0,0.0,0.0,0.0,0.0,0.0,0.0,0.0,0.0,0.0,0.0,3216.0,0.0,0.0,0.0,0.0,0.0,0.0,0.0,0.0,0.0,0.0,0.0,0.0,0.0,0.0,0.0,0.0,0.0,0.0,0.0,0.0,0.0,0.0,0.0,0.0,0.0,0.0,0.0,0.0,0.0,0.0,0.0,0.0,0.0,0.0,0.0,0.0,0.0,0.0,0.0,0.0,0.0
12157215.qasm,54,1159524,827504,332020,0,217878,2,54,27621.185185185186,33101,0.28634163674059354,0.28634163674059354,5.3218957398176965,1431,1.0,1,53,18.258475393048613,53,168929,14611,0,241275,405211,241275,918249,0,317361,0,0.0,0.0,0.0,41667.0,0.0,285837.0,153425.0,0.0,158672.0,315051.0,0.0,0.0,0.0,0.0,0.0,0.0,0.0,0.0,0.0,46183.0,158689.0,0.0,0.0,0.0,0.0,0.0,0.0,0.0,0.0,0.0,0.0,0.0,0.0,0.0,0.0,0.0,0.0,0.0,0.0,0.0,0.0,0.0,0.0,0.0,0.0,0.0,0.0,0.0,0.0,0.0,0.0,0.0,0.0,0.0,0.0,0.0,0.0,0.0,0.0,0.0,0.0,0.0,0.0,0.0,0.0
125f60d7.qasm,24,2306072,767832,1538240,0,1099316,2,24,160179.66666666666,196350,0.6670390169951328,0.6670390169951328,2.0977334997398382,233,0.8442028985507246,1,21,1.4421052631578948,21,140624,164604,0,426696,85560,426696,1879376,0,0,0,0.0,0.0,0.0,85560.0,0.0,1538240.0,341136.0,0.0,0.0,341136.0,0.0,0.0,0.0,0.0,0.0,0.0,0.0,0.0,0.0,0.0,0.0,0.0,0.0,0.0,0.0,0.0,0.0,0.0,0.0,0.0,0.0,0.0,0.0,0.0,0.0,0.0,0.0,0.0,0.0,0.0,0.0,0.0,0.0,0.0,0.0,0.0,0.0,0.0,0.0,0.0,0.0,0.0,0.0,0.0,0.0,0.0,0.0,0.0,0.0,0.0,0.0,0.0,0.0,0.0,0.0
138d2c7b.qasm,39,11557,9658,1899,0,501,2,39,345.02564102564105,442,0.16431599896166826,0.16431599896166826,23.067864271457086,62,0.08367071524966262,1,4,3.184834123222749,8,216,126,0,6712,2321,6712,4845,0,627,0,191.0,1264.0,1662.0,1694.0,2532.0,1899.0,633.0,1055.0,627.0,0.0,0.0,0.0,0.0,0.0,0.0,0.0,0.0,0.0,0.0,0.0,0.0,0.0,0.0,0.0,0.0,0.0,0.0,0.0,0.0,0.0,0.0,0.0,0.0,0.0,0.0,0.0,0.0,0.0,0.0,0.0,0.0,0.0,0.0,0.0,0.0,0.0,0.0,0.0,0.0,0.0,0.0,0.0,0.0,0.0,0.0,0.0,0.0,0.0,0.0,0.0,0.0,0.0,0.0,0.0,0.0
13b8e3f8.qasm,28,8220,6870,1350,0,501,2,28,341.7857142857143,442,0.16423357664233576,0.16423357664233576,16.407185628742514,43,0.11375661375661375,1,3,2.8,6,198,126,0,4787,1650,4787,3433,0,444,0,137.0,889.0,1194.0,1206.0,1800.0,1350.0,450.0,750.0,444.0,0.0,0.0,0.0,0.0,0.0,0.0,0.0,0.0,0.0,0.0,0.0,0.0,0.0,0.0,0.0,0.0,0.0,0.0,0.0,0.0,0.0,0.0,0.0,0.0,0.0,0.0,0.0,0.0,0.0,0.0,0.0,0.0,0.0,0.0,0.0,0.0,0.0,0.0,0.0,0.0,0.0,0.0,0.0,0.0,0.0,0.0,0.0,0.0,0.0,0.0,0.0,0.0,0.0,0.0,0.0,0.0
13eb49aa.qasm,25,38,26,0,12,14,3,25,2.48,14,0.0,0.3157894736842105,2.7142857142857144,36,0.12,1,2,12.333333333333334,24,24,24,0,24,0,24,2,0,0,0,0.0,0.0,0.0,0.0,0.0,0.0,24.0,0.0,0.0,2.0,0.0,0.0,0.0,0.0,0.0,0.0,0.0,0.0,0.0,0.0,0.0,0.0,0.0,0.0,12.0,0.0,0.0,0.0,0.0,0.0,0.0,0.0,0.0,0.0,0.0,0.0,0.0,0.0,0.0,0.0,0.0,0.0,0.0,0.0,0.0,0.0,0.0,0.0,0.0,0.0,0.0,0.0,0.0,0.0,0.0,0.0,0.0,0.0,0.0,0.0,0.0,0.0,0.0,0.0,0.0
14019fed.qasm,128,8696,379,8316,1,633,126,128,133.8828125,253,0.9563017479300828,0.9564167433302668,13.737756714060032,8127,0.999876968503937,1,126,42.907911802853434,126,8190,254,0,8253,8127,8253,442,0,0,0,0.0,0.0,0.0,0.0,0.0,0.0,0.0,0.0,0.0,378.0,0.0,1.0,0.0,0.0,0.0,8127.0,0.0,0.0,0.0,0.0,0.0,0.0,0.0,0.0,0.0,1.0,126.0,63.0,0.0,0.0,0.0,0.0,0.0,0.0,0.0,0.0,0.0,0.0,0.0,0.0,0.0,0.0,0.0,0.0,0.0,0.0,0.0,0.0,0.0,0.0,0.0,0.0,0.0,0.0,0.0,0.0,0.0,0.0,0.0,0.0,0.0,0.0,0.0,0.0,0.0
149b1e7c.qasm,88,4131,2797,1334,0,2562,2,88,62.10227272727273,1351,0.32292423142096344,0.32292423142096344,1.6124121779859484,314,0.08202716823406478,5,7,19.395802098950526,81,886,456,0,2717,2207,2717,1414,0,0,0,0.0,0.0,0.0,2207.0,0.0,1334.0,510.0,0.0,0.0,80.0,0.0,0.0,0.0,0.0,0.0,0.0,0.0,0.0,0.0,0.0,0.0,0.0,0.0,0.0,0.0,0.0,0.0,0.0,0.0,0.0,0.0,0.0,0.0,0.0,0.0,0.0,0.0,0.0,0.0,0.0,0.0,0.0,0.0,0.0,0.0,0.0,0.0,0.0,0.0,0.0,0.0,0.0,0.0,0.0,0.0,0.0,0.0,0.0,0.0,0.0,0.0,0.0,0.0,0.0,0.0
15434610.qasm,39,11557,9658,1899,0,501,2,39,345.02564102564105,442,0.16431599896166826,0.16431599896166826,23.067864271457086,62,0.08367071524966262,1,4,3.184834123222749,8,216,126,0,6720,2321,6720,4837,0,627,0,195.0,1256.0,1666.0,1694.0,2532.0,1899.0,633.0,1055.0,627.0,0.0,0.0,0.0,0.0,0.0,0.0,0.0,0.0,0.0,0.0,0.0,0.0,0.0,0.0,0.0,0.0,0.0,0.0,0.0,0.0,0.0,0.0,0.0,0.0,0.0,0.0,0.0,0.0,0.0,0.0,0.0,0.0,0.0,0.0,0.0,0.0,0.0,0.0,0.0,0.0,0.0,0.0,0.0,0.0,0.0,0.0,0.0,0.0,0.0,0.0,0.0,0.0,0.0,0.0,0.0,0.0
159b3481.qasm,16,4088,3422,666,0,500,2,16,297.125,442,0.16291585127201566,0.16291585127201566,8.176,23,0.19166666666666668,1,3,2.2162162162162162,4,135,126,0,2378,814,2378,1710,0,216,0,74.0,458.0,596.0,598.0,888.0,666.0,222.0,370.0,216.0,0.0,0.0,0.0,0.0,0.0,0.0,0.0,0.0,0.0,0.0,0.0,0.0,0.0,0.0,0.0,0.0,0.0,0.0,0.0,0.0,0.0,0.0,0.0,0.0,0.0,0.0,0.0,0.0,0.0,0.0,0.0,0.0,0.0,0.0,0.0,0.0,0.0,0.0,0.0,0.0,0.0,0.0,0.0,0.0,0.0,0.0,0.0,0.0,0.0,0.0,0.0,0.0,0.0,0.0,0.0,0.0
15c28669.qasm,32,1026,0,0,1026,921,16,32,97.0,128,0.0,1.0,1.1140065146579805,440,0.8870967741935484,1,24,12.777777777777779,31,2048,256,0,1024,0,0,0,0,0,0,0.0,0.0,0.0,0.0,0.0,0.0,0.0,0.0,0.0,0.0,0.0,0.0,0.0,0.0,0.0,0.0,0.0,0.0,0.0,0.0,0.0,2.0,1024.0,0.0,0.0,0.0,0.0,0.0,0.0,0.0,0.0,0.0,0.0,0.0,0.0,0.0,0.0,0.0,0.0,0.0,0.0,0.0,0.0,0.0,0.0,0.0,0.0,0.0,0.0,0.0,0.0,0.0,0.0,0.0,0.0,0.0,0.0,0.0,0.0,0.0,0.0,0.0,0.0,0.0,0.0
1619b169.qasm,16,130,0,0,130,109,8,16,25.0,32,0.0,1.0,1.1926605504587156,108,0.9,1,12,6.2,15,256,64,0,128,0,0,0,0,0,0,0.0,0.0,0.0,0.0,0.0,0.0,0.0,0.0,0.0,0.0,0.0,0.0,0.0,0.0,0.0,0.0,0.0,0.0,0.0,0.0,0.0,2.0,128.0,0.0,0.0,0.0,0.0,0.0,0.0,0.0,0.0,0.0,0.0,0.0,0.0,0.0,0.0,0.0,0.0,0.0,0.0,0.0,0.0,0.0,0.0,0.0,0.0,0.0,0.0,0.0,0.0,0.0,0.0,0.0,0.0,0.0,0.0,0.0,0.0,0.0,0.0,0.0,0.0,0.0,0.0
166e9d3a.qasm,16,310,140,128,42,260,4,16,34.125,72,0.4129032258064516,0.5483870967741935,1.1923076923076923,64,0.5333333333333333,1,7,5.331288343558282,12,180,84,0,114,118,114,134,20,0,0,16.0,0.0,0.0,0.0,0.0,128.0,0.0,0.0,0.0,6.0,97.0,0.0,10.0,10.0,1.0,0.0,0.0,18.0,0.0,0.0,0.0,0.0,0.0,0.0,0.0,0.0,0.0,0.0,12.0,12.0,0.0,0.0,0.0,0.0,0.0,0.0,0.0,0.0,0.0,0.0,0.0,0.0,0.0,0.0,0.0,0.0,0.0,0.0,0.0,0.0,0.0,0.0,0.0,0.0,0.0,0.0,0.0,0.0,0.0,0.0,0.0,0.0,0.0,0.0,0.0
1688d759.qasm,53,15823,13222,2601,0,503,2,53,347.62264150943395,442,0.1643809644188839,0.1643809644188839,31.457256461232603,86,0.062409288824383166,1,5,3.6505190311418687,10,270,126,0,9214,3179,9214,6609,0,859,0,275.0,1704.0,2284.0,2320.0,3468.0,2601.0,867.0,1445.0,859.0,0.0,0.0,0.0,0.0,0.0,0.0,0.0,0.0,0.0,0.0,0.0,0.0,0.0,0.0,0.0,0.0,0.0,0.0,0.0,0.0,0.0,0.0,0.0,0.0,0.0,0.0,0.0,0.0,0.0,0.0,0.0,0.0,0.0,0.0,0.0,0.0,0.0,0.0,0.0,0.0,0.0,0.0,0.0,0.0,0.0,0.0,0.0,0.0,0.0,0.0,0.0,0.0,0.0,0.0,0.0,0.0
16ff70bb.qasm,49,15295,12775,2520,0,502,2,49,363.57142857142856,442,0.16475972540045766,0.16475972540045766,30.46812749003984,80,0.06802721088435375,1,5,3.432142857142857,9,252,126,0,8904,3080,8904,6391,0,818,0,230.0,1653.0,2212.0,2262.0,3360.0,2520.0,840.0,1400.0,818.0,0.0,0.0,0.0,0.0,0.0,0.0,0.0,0.0,0.0,0.0,0.0,0.0,0.0,0.0,0.0,0.0,0.0,0.0,0.0,0.0,0.0,0.0,0.0,0.0,0.0,0.0,0.0,0.0,0.0,0.0,0.0,0.0,0.0,0.0,0.0,0.0,0.0,0.0,0.0,0.0,0.0,0.0,0.0,0.0,0.0,0.0,0.0,0.0,0.0,0.0,0.0,0.0,0.0,0.0,0.0,0.0
17253376.qasm,53,13689,11439,2250,0,432,2,53,300.7358490566038,379,0.16436554898093358,0.16436554898093358,31.6875,86,0.062409288824383166,1,5,4.096,10,261,108,0,7967,2750,7967,5722,0,744,0,232.0,1478.0,1979.0,2006.0,3000.0,2250.0,750.0,1250.0,744.0,0.0,0.0,0.0,0.0,0.0,0.0,0.0,0.0,0.0,0.0,0.0,0.0,0.0,0.0,0.0,0.0,0.0,0.0,0.0,0.0,0.0,0.0,0.0,0.0,0.0,0.0,0.0,0.0,0.0,0.0,0.0,0.0,0.0,0.0,0.0,0.0,0.0,0.0,0.0,0.0,0.0,0.0,0.0,0.0,0.0,0.0,0.0,0.0,0.0,0.0,0.0,0.0,0.0,0.0,0.0,0.0
173d4b8b.qasm,8,36,36,0,0,8,1,8,4.5,8,0.0,0.0,4.5,0,0.0,8,0,0.0,0,0,0,0,28,28,28,8,0,0,0,0.0,0.0,0.0,0.0,0.0,0.0,0.0,0.0,0.0,8.0,28.0,0.0,0.0,0.0,0.0,0.0,0.0,0.0,0.0,0.0,0.0,0.0,0.0,0.0,0.0,0.0,0.0,0.0,0.0,0.0,0.0,0.0,0.0,0.0,0.0,0.0,0.0,0.0,0.0,0.0,0.0,0.0,0.0,0.0,0.0,0.0,0.0,0.0,0.0,0.0,0.0,0.0,0.0,0.0,0.0,0.0,0.0,0.0,0.0,0.0,0.0,0.0,0.0,0.0,0.0
175f2997.qasm,36,10628,8882,1746,0,501,2,36,343.72222222222223,442,0.16428302596913813,0.16428302596913813,21.213572854291417,57,0.09047619047619047,1,4,3.134020618556701,7,216,126,0,6186,2134,6186,4442,0,576,0,176.0,1150.0,1542.0,1558.0,2328.0,1746.0,582.0,970.0,576.0,0.0,0.0,0.0,0.0,0.0,0.0,0.0,0.0,0.0,0.0,0.0,0.0,0.0,0.0,0.0,0.0,0.0,0.0,0.0,0.0,0.0,0.0,0.0,0.0,0.0,0.0,0.0,0.0,0.0,0.0,0.0,0.0,0.0,0.0,0.0,0.0,0.0,0.0,0.0,0.0,0.0,0.0,0.0,0.0,0.0,0.0,0.0,0.0,0.0,0.0,0.0,0.0,0.0,0.0,0.0,0.0
17e5a14b.qasm,98,231853,145899,85954,0,111595,2,98,3242.9285714285716,22840,0.3707262791510138,0.3707262791510138,2.0776289260271517,641,0.13486219229960025,1,8,47.83993764106383,91,81478,21464,0,143103,99781,143103,88750,0,28,0,0.0,0.0,0.0,99753.0,0.0,85954.0,43350.0,0.0,14.0,2768.0,0.0,0.0,0.0,0.0,0.0,0.0,0.0,0.0,0.0,0.0,14.0,0.0,0.0,0.0,0.0,0.0,0.0,0.0,0.0,0.0,0.0,0.0,0.0,0.0,0.0,0.0,0.0,0.0,0.0,0.0,0.0,0.0,0.0,0.0,0.0,0.0,0.0,0.0,0.0,0.0,0.0,0.0,0.0,0.0,0.0,0.0,0.0,0.0,0.0,0.0,0.0,0.0,0.0,0.0,0.0
195099c8.qasm,256,1533,768,765,0,768,2,256,8.9765625,9,0.49902152641878667,0.49902152641878667,1.99609375,255,0.0078125,1,1,1.0,1,3,6,0,1533,0,1533,0,0,0,0,0.0,0.0,0.0,0.0,768.0,0.0,0.0,0.0,0.0,0.0,0.0,0.0,0.0,0.0,0.0,0.0,0.0,0.0,0.0,0.0,0.0,0.0,0.0,0.0,0.0,0.0,0.0,0.0,0.0,0.0,765.0,0.0,0.0,0.0,0.0,0.0,0.0,0.0,0.0,0.0,0.0,0.0,0.0,0.0,0.0,0.0,0.0,0.0,0.0,0.0,0.0,0.0,0.0,0.0,0.0,0.0,0.0,0.0,0.0,0.0,0.0,0.0,0.0,0.0,0.0
19550378.qasm,8,16,8,0,8,9,8,8,9.0,9,0.0,0.5,1.7777777777777777,28,1.0,1,7,3.0,7,128,56,0,0,0,0,8,0,0,0,0.0,0.0,0.0,0.0,0.0,0.0,0.0,0.0,0.0,7.0,0.0,1.0,0.0,0.0,0.0,0.0,0.0,0.0,0.0,0.0,0.0,0.0,0.0,8.0,0.0,0.0,0.0,0.0,0.0,0.0,0.0,0.0,0.0,0.0,0.0,0.0,0.0,0.0,0.0,0.0,0.0,0.0,0.0,0.0,0.0,0.0,0.0,0.0,0.0,0.0,0.0,0.0,0.0,0.0,0.0,0.0,0.0,0.0,0.0,0.0,0.0,0.0,0.0,0.0,0.0
1959a985.qasm,56,3116,1176,1940,0,110,2,56,90.28571428571429,101,0.6225930680359435,0.6225930680359435,28.327272727272728,97,0.06298701298701298,1,10,4.030927835051546,7,160,80,0,3116,1940,3116,0,0,0,0,0.0,0.0,0.0,0.0,0.0,0.0,1176.0,0.0,0.0,0.0,0.0,0.0,0.0,0.0,0.0,0.0,0.0,0.0,0.0,1940.0,0.0,0.0,0.0,0.0,0.0,0.0,0.0,0.0,0.0,0.0,0.0,0.0,0.0,0.0,0.0,0.0,0.0,0.0,0.0,0.0,0.0,0.0,0.0,0.0,0.0,0.0,0.0,0.0,0.0,0.0,0.0,0.0,0.0,0.0,0.0,0.0,0.0,0.0,0.0,0.0,0.0,0.0,0.0,0.0,0.0
19d587f3.qasm,32,221,128,93,0,39,2,32,9.8125,10,0.42081447963800905,0.42081447963800905,5.666666666666667,31,0.0625,1,1,1.0,1,3,6,0,128,0,128,93,0,0,0,0.0,0.0,0.0,0.0,128.0,93.0,0.0,0.0,0.0,0.0,0.0,0.0,0.0,0.0,0.0,0.0,0.0,0.0,0.0,0.0,0.0,0.0,0.0,0.0,0.0,0.0,0.0,0.0,0.0,0.0,0.0,0.0,0.0,0.0,0.0,0.0,0.0,0.0,0.0,0.0,0.0,0.0,0.0,0.0,0.0,0.0,0.0,0.0,0.0,0.0,0.0,0.0,0.0,0.0,0.0,0.0,0.0,0.0,0.0,0.0,0.0,0.0,0.0,0.0,0.0
1a554de5.qasm,45,689,5,306,378,461,3,45,38.91111111111111,72,0.444121915820029,0.9927431059506531,1.4945770065075923,177,0.1787878787878788,1,13,3.9770833333333333,35,252,117,0,0,0,0,311,0,0,0,0.0,0.0,0.0,0.0,0.0,306.0,0.0,0.0,0.0,0.0,0.0,5.0,0.0,0.0,0.0,0.0,0.0,378.0,0.0,0.0,0.0,0.0,0.0,0.0,0.0,0.0,0.0,0.0,0.0,0.0,0.0,0.0,0.0,0.0,0.0,0.0,0.0,0.0,0.0,0.0,0.0,0.0,0.0,0.0,0.0,0.0,0.0,0.0,0.0,0.0,0.0,0.0,0.0,0.0,0.0,0.0,0.0,0.0,0.0,0.0,0.0,0.0,0.0,0.0,0.0
1aa22822.qasm,66,76035,48191,27844,0,35270,2,66,1573.9242424242425,7888,0.3661997764187545,0.3661997764187545,2.155798128721293,365,0.17016317016317017,1,7,31.807786237609537,60,25375,6976,0,46433,32231,46433,29602,0,28,0,0.0,0.0,0.0,32203.0,0.0,27844.0,14230.0,0.0,14.0,1730.0,0.0,0.0,0.0,0.0,0.0,0.0,0.0,0.0,0.0,0.0,14.0,0.0,0.0,0.0,0.0,0.0,0.0,0.0,0.0,0.0,0.0,0.0,0.0,0.0,0.0,0.0,0.0,0.0,0.0,0.0,0.0,0.0,0.0,0.0,0.0,0.0,0.0,0.0,0.0,0.0,0.0,0.0,0.0,0.0,0.0,0.0,0.0,0.0,0.0,0.0,0.0,0.0,0.0,0.0,0.0
1af5b336.qasm,20,5448,4557,891,0,501,2,20,316.95,442,0.16354625550660792,0.16354625550660792,10.874251497005988,30,0.15789473684210525,1,3,2.5555555555555554,5,162,126,0,3171,1089,3171,2277,0,291,0,102.0,600.0,786.0,798.0,1188.0,891.0,297.0,495.0,291.0,0.0,0.0,0.0,0.0,0.0,0.0,0.0,0.0,0.0,0.0,0.0,0.0,0.0,0.0,0.0,0.0,0.0,0.0,0.0,0.0,0.0,0.0,0.0,0.0,0.0,0.0,0.0,0.0,0.0,0.0,0.0,0.0,0.0,0.0,0.0,0.0,0.0,0.0,0.0,0.0,0.0,0.0,0.0,0.0,0.0,0.0,0.0,0.0,0.0,0.0,0.0,0.0,0.0,0.0,0.0,0.0
1b91945f.qasm,16,4088,3422,666,0,500,2,16,297.125,442,0.16291585127201566,0.16291585127201566,8.176,23,0.19166666666666668,1,3,2.2162162162162162,4,135,126,0,2384,814,2384,1704,0,216,0,80.0,452.0,596.0,598.0,888.0,666.0,222.0,370.0,216.0,0.0,0.0,0.0,0.0,0.0,0.0,0.0,0.0,0.0,0.0,0.0,0.0,0.0,0.0,0.0,0.0,0.0,0.0,0.0,0.0,0.0,0.0,0.0,0.0,0.0,0.0,0.0,0.0,0.0,0.0,0.0,0.0,0.0,0.0,0.0,0.0,0.0,0.0,0.0,0.0,0.0,0.0,0.0,0.0,0.0,0.0,0.0,0.0,0.0,0.0,0.0,0.0,0.0,0.0,0.0,0.0
1cb3c32c.qasm,60,11580,8014,3566,0,10144,2,60,252.43333333333334,5171,0.30794473229706393,0.30794473229706393,1.1415615141955835,295,0.16666666666666666,1,9,5.910824453168817,54,1986,1586,0,7964,5918,7964,3616,0,0,0,0.0,0.0,0.0,5918.0,0.0,3566.0,2046.0,0.0,0.0,50.0,0.0,0.0,0.0,0.0,0.0,0.0,0.0,0.0,0.0,0.0,0.0,0.0,0.0,0.0,0.0,0.0,0.0,0.0,0.0,0.0,0.0,0.0,0.0,0.0,0.0,0.0,0.0,0.0,0.0,0.0,0.0,0.0,0.0,0.0,0.0,0.0,0.0,0.0,0.0,0.0,0.0,0.0,0.0,0.0,0.0,0.0,0.0,0.0,0.0,0.0,0.0,0.0,0.0,0.0,0.0
1d1dc1d8.qasm,50,14998,12532,2466,0,502,2,50,349.28,442,0.1644219229230564,0.1644219229230564,29.87649402390438,80,0.0653061224489796,1,4,3.54014598540146,9,270,126,0,8745,3014,8745,6253,0,802,0,257.0,1615.0,2166.0,2212.0,3288.0,2466.0,822.0,1370.0,802.0,0.0,0.0,0.0,0.0,0.0,0.0,0.0,0.0,0.0,0.0,0.0,0.0,0.0,0.0,0.0,0.0,0.0,0.0,0.0,0.0,0.0,0.0,0.0,0.0,0.0,0.0,0.0,0.0,0.0,0.0,0.0,0.0,0.0,0.0,0.0,0.0,0.0,0.0,0.0,0.0,0.0,0.0,0.0,0.0,0.0,0.0,0.0,0.0,0.0,0.0,0.0,0.0,0.0,0.0,0.0,0.0
1d4b1889.qasm,12,2988,2502,486,0,464,2,12,289.5,355,0.16265060240963855,0.16265060240963855,6.439655172413793,17,0.25757575757575757,1,3,2.2222222222222223,4,135,99,0,1738,594,1738,1250,0,162,0,63.0,332.0,433.0,432.0,648.0,486.0,162.0,270.0,162.0,0.0,0.0,0.0,0.0,0.0,0.0,0.0,0.0,0.0,0.0,0.0,0.0,0.0,0.0,0.0,0.0,0.0,0.0,0.0,0.0,0.0,0.0,0.0,0.0,0.0,0.0,0.0,0.0,0.0,0.0,0.0,0.0,0.0,0.0,0.0,0.0,0.0,0.0,0.0,0.0,0.0,0.0,0.0,0.0,0.0,0.0,0.0,0.0,0.0,0.0,0.0,0.0,0.0,0.0,0.0,0.0
1db5f683.qasm,49,14619,12216,2403,0,502,2,49,347.38775510204084,442,0.16437512825774678,0.16437512825774678,29.121513944223107,78,0.0663265306122449,1,4,3.4794007490636703,9,270,126,0,8518,2937,8518,6101,0,787,0,244.0,1576.0,2119.0,2150.0,3204.0,2403.0,801.0,1335.0,787.0,0.0,0.0,0.0,0.0,0.0,0.0,0.0,0.0,0.0,0.0,0.0,0.0,0.0,0.0,0.0,0.0,0.0,0.0,0.0,0.0,0.0,0.0,0.0,0.0,0.0,0.0,0.0,0.0,0.0,0.0,0.0,0.0,0.0,0.0,0.0,0.0,0.0,0.0,0.0,0.0,0.0,0.0,0.0,0.0,0.0,0.0,0.0,0.0,0.0,0.0,0.0,0.0,0.0,0.0,0.0,0.0
1f1383d7.qasm,256,255,0,1,254,255,3,256,2.984375,4,0.00392156862745098,1.0,1.0,382,0.01170343137254902,1,2,85.38925294888598,128,509,8,0,0,0,0,1,0,0,0,0.0,0.0,0.0,0.0,0.0,1.0,0.0,0.0,0.0,0.0,0.0,0.0,0.0,0.0,0.0,0.0,0.0,0.0,0.0,0.0,0.0,0.0,0.0,0.0,0.0,0.0,0.0,0.0,0.0,0.0,0.0,127.0,127.0,0.0,0.0,0.0,0.0,0.0,0.0,0.0,0.0,0.0,0.0,0.0,0.0,0.0,0.0,0.0,0.0,0.0,0.0,0.0,0.0,0.0,0.0,0.0,0.0,0.0,0.0,0.0,0.0,0.0,0.0,0.0,0.0
1fd34b96.qasm,53,21131,17648,3483,0,645,2,53,464.41509433962267,568,0.1648289243291846,0.1648289243291846,32.76124031007752,86,0.062409288824383166,1,5,4.4366925064599485,10,441,162,0,12293,4257,12293,8838,0,1153,0,344.0,2267.0,3040.0,3104.0,4644.0,3483.0,1161.0,1935.0,1153.0,0.0,0.0,0.0,0.0,0.0,0.0,0.0,0.0,0.0,0.0,0.0,0.0,0.0,0.0,0.0,0.0,0.0,0.0,0.0,0.0,0.0,0.0,0.0,0.0,0.0,0.0,0.0,0.0,0.0,0.0,0.0,0.0,0.0,0.0,0.0,0.0,0.0,0.0,0.0,0.0,0.0,0.0,0.0,0.0,0.0,0.0,0.0,0.0,0.0,0.0,0.0,0.0,0.0,0.0,0.0,0.0
20448412.qasm,2,10188,9933,255,0,10187,2,2,5221.5,10187,0.02502944640753828,0.02502944640753828,1.0000981643270834,1,1.0,1,1,1.0,1,255,255,0,9635,9635,9635,553,0,0,0,0.0,0.0,0.0,9380.0,0.0,0.0,0.0,0.0,0.0,297.0,0.0,256.0,0.0,0.0,0.0,255.0,0.0,0.0,0.0,0.0,0.0,0.0,0.0,0.0,0.0,0.0,0.0,0.0,0.0,0.0,0.0,0.0,0.0,0.0,0.0,0.0,0.0,0.0,0.0,0.0,0.0,0.0,0.0,0.0,0.0,0.0,0.0,0.0,0.0,0.0,0.0,0.0,0.0,0.0,0.0,0.0,0.0,0.0,0.0,0.0,0.0,0.0,0.0,0.0,0.0
2059c310.qasm,67,101,68,0,33,35,3,67,2.4925373134328357,35,0.0,0.32673267326732675,2.8857142857142857,99,0.04477611940298507,1,2,33.333333333333336,66,66,66,0,66,0,66,2,0,0,0,0.0,0.0,66.0,0.0,0.0,0.0,0.0,0.0,0.0,2.0,0.0,0.0,0.0,0.0,0.0,0.0,0.0,0.0,0.0,0.0,0.0,0.0,0.0,0.0,33.0,0.0,0.0,0.0,0.0,0.0,0.0,0.0,0.0,0.0,0.0,0.0,0.0,0.0,0.0,0.0,0.0,0.0,0.0,0.0,0.0,0.0,0.0,0.0,0.0,0.0,0.0,0.0,0.0,0.0,0.0,0.0,0.0,0.0,0.0,0.0,0.0,0.0,0.0,0.0,0.0
2078a631.qasm,53,18009,15048,2961,0,574,2,53,395.66037735849056,505,0.16441779110444776,0.16441779110444776,31.374564459930312,86,0.062409288824383166,1,5,4.0638297872340425,10,342,144,0,10482,3619,10482,7527,0,979,0,305.0,1942.0,2602.0,2640.0,3948.0,2961.0,987.0,1645.0,979.0,0.0,0.0,0.0,0.0,0.0,0.0,0.0,0.0,0.0,0.0,0.0,0.0,0.0,0.0,0.0,0.0,0.0,0.0,0.0,0.0,0.0,0.0,0.0,0.0,0.0,0.0,0.0,0.0,0.0,0.0,0.0,0.0,0.0,0.0,0.0,0.0,0.0,0.0,0.0,0.0,0.0,0.0,0.0,0.0,0.0,0.0,0.0,0.0,0.0,0.0,0.0,0.0,0.0,0.0,0.0,0.0
208334f1.qasm,128,759,0,633,126,697,3,128,12.84375,696,0.83399209486166,1.0,1.0889526542324246,190,0.023375984251968504,1,2,38.07715133531157,64,693,822,0,0,0,0,633,0,0,0,0.0,0.0,0.0,0.0,0.0,633.0,0.0,0.0,0.0,0.0,0.0,0.0,0.0,0.0,0.0,0.0,126.0,0.0,0.0,0.0,0.0,0.0,0.0,0.0,0.0,0.0,0.0,0.0,0.0,0.0,0.0,0.0,0.0,0.0,0.0,0.0,0.0,0.0,0.0,0.0,0.0,0.0,0.0,0.0,0.0,0.0,0.0,0.0,0.0,0.0,0.0,0.0,0.0,0.0,0.0,0.0,0.0,0.0,0.0,0.0,0.0,0.0,0.0,0.0,0.0
2190b5a7.qasm,8,23,4,18,1,16,4,8,5.5,10,0.782608695652174,0.8260869565217391,1.4375,16,0.5714285714285714,1,4,2.6666666666666665,7,13,11,0,16,16,16,6,0,0,0,0.0,0.0,0.0,0.0,0.0,0.0,0.0,0.0,0.0,4.0,0.0,0.0,0.0,0.0,0.0,16.0,0.0,0.0,0.0,0.0,0.0,0.0,0.0,0.0,0.0,1.0,0.0,2.0,0.0,0.0,0.0,0.0,0.0,0.0,0.0,0.0,0.0,0.0,0.0,0.0,0.0,0.0,0.0,0.0,0.0,0.0,0.0,0.0,0.0,0.0,0.0,0.0,0.0,0.0,0.0,0.0,0.0,0.0,0.0,0.0,0.0,0.0,0.0,0.0,0.0
231bbda3.qasm,64,2176,65,2111,0,130,2,64,66.984375,67,0.9701286764705882,0.9701286764705882,16.73846153846154,2016,1.0,1,63,21.206537186167694,63,1057,66,0,2016,2016,2016,160,0,0,0,0.0,0.0,0.0,0.0,0.0,63.0,0.0,0.0,0.0,65.0,0.0,0.0,0.0,0.0,0.0,2016.0,0.0,0.0,0.0,0.0,0.0,0.0,0.0,0.0,0.0,0.0,0.0,32.0,0.0,0.0,0.0,0.0,0.0,0.0,0.0,0.0,0.0,0.0,0.0,0.0,0.0,0.0,0.0,0.0,0.0,0.0,0.0,0.0,0.0,0.0,0.0,0.0,0.0,0.0,0.0,0.0,0.0,0.0,0.0,0.0,0.0,0.0,0.0,0.0,0.0
235dda60.qasm,53,18009,15048,2961,0,574,2,53,395.66037735849056,505,0.16441779110444776,0.16441779110444776,31.374564459930312,86,0.062409288824383166,1,5,4.0638297872340425,10,342,144,0,10479,3619,10479,7530,0,979,0,302.0,1945.0,2602.0,2640.0,3948.0,2961.0,987.0,1645.0,979.0,0.0,0.0,0.0,0.0,0.0,0.0,0.0,0.0,0.0,0.0,0.0,0.0,0.0,0.0,0.0,0.0,0.0,0.0,0.0,0.0,0.0,0.0,0.0,0.0,0.0,0.0,0.0,0.0,0.0,0.0,0.0,0.0,0.0,0.0,0.0,0.0,0.0,0.0,0.0,0.0,0.0,0.0,0.0,0.0,0.0,0.0,0.0,0.0,0.0,0.0,0.0,0.0,0.0,0.0,0.0,0.0
24ca3082.qasm,256,524290,0,0,524290,516289,128,256,6145.0,8192,0.0,1.0,1.0154971343569204,28608,0.8764705882352941,1,192,106.01538461538462,255,1048576,16384,0,524288,0,0,0,0,0,0,0.0,0.0,0.0,0.0,0.0,0.0,0.0,0.0,0.0,0.0,0.0,0.0,0.0,0.0,0.0,0.0,0.0,0.0,0.0,0.0,0.0,2.0,524288.0,0.0,0.0,0.0,0.0,0.0,0.0,0.0,0.0,0.0,0.0,0.0,0.0,0.0,0.0,0.0,0.0,0.0,0.0,0.0,0.0,0.0,0.0,0.0,0.0,0.0,0.0,0.0,0.0,0.0,0.0,0.0,0.0,0.0,0.0,0.0,0.0,0.0,0.0,0.0,0.0,0.0,0.0
25e26219.qasm,56,728,280,448,0,65,2,56,21.0,21,0.6153846153846154,0.6153846153846154,11.2,112,0.07272727272727272,1,16,6.982142857142857,49,64,16,0,728,448,728,0,0,0,0,0.0,0.0,0.0,0.0,0.0,0.0,280.0,0.0,0.0,0.0,0.0,0.0,0.0,0.0,0.0,0.0,0.0,0.0,0.0,448.0,0.0,0.0,0.0,0.0,0.0,0.0,0.0,0.0,0.0,0.0,0.0,0.0,0.0,0.0,0.0,0.0,0.0,0.0,0.0,0.0,0.0,0.0,0.0,0.0,0.0,0.0,0.0,0.0,0.0,0.0,0.0,0.0,0.0,0.0,0.0,0.0,0.0,0.0,0.0,0.0,0.0,0.0,0.0,0.0,0.0
25e5b703.qasm,6,270,216,54,0,109,2,6,54.0,57,0.2,0.2,2.477064220183486,9,0.6,1,3,1.8888888888888888,5,24,18,0,210,54,210,60,0,0,0,0.0,0.0,18.0,54.0,72.0,54.0,66.0,0.0,0.0,6.0,0.0,0.0,0.0,0.0,0.0,0.0,0.0,0.0,0.0,0.0,0.0,0.0,0.0,0.0,0.0,0.0,0.0,0.0,0.0,0.0,0.0,0.0,0.0,0.0,0.0,0.0,0.0,0.0,0.0,0.0,0.0,0.0,0.0,0.0,0.0,0.0,0.0,0.0,0.0,0.0,0.0,0.0,0.0,0.0,0.0,0.0,0.0,0.0,0.0,0.0,0.0,0.0,0.0,0.0,0.0
264ca70e.qasm,43,12865,10750,2115,0,501,2,43,348.3720930232558,442,0.16439953361834433,0.16439953361834433,25.67864271457086,69,0.07641196013289037,1,4,3.3404255319148937,8,243,126,0,7487,2585,7487,5378,0,691,0,206.0,1397.0,1862.0,1894.0,2820.0,2115.0,705.0,1175.0,691.0,0.0,0.0,0.0,0.0,0.0,0.0,0.0,0.0,0.0,0.0,0.0,0.0,0.0,0.0,0.0,0.0,0.0,0.0,0.0,0.0,0.0,0.0,0.0,0.0,0.0,0.0,0.0,0.0,0.0,0.0,0.0,0.0,0.0,0.0,0.0,0.0,0.0,0.0,0.0,0.0,0.0,0.0,0.0,0.0,0.0,0.0,0.0,0.0,0.0,0.0,0.0,0.0,0.0,0.0,0.0,0.0
27a012bc.qasm,12,3300,2760,540,0,499,2,12,320.0,442,0.16363636363636364,0.16363636363636364,6.613226452905812,17,0.25757575757575757,1,3,2.2,4,144,126,0,1918,660,1918,1382,0,180,0,63.0,362.0,475.0,480.0,720.0,540.0,180.0,300.0,180.0,0.0,0.0,0.0,0.0,0.0,0.0,0.0,0.0,0.0,0.0,0.0,0.0,0.0,0.0,0.0,0.0,0.0,0.0,0.0,0.0,0.0,0.0,0.0,0.0,0.0,0.0,0.0,0.0,0.0,0.0,0.0,0.0,0.0,0.0,0.0,0.0,0.0,0.0,0.0,0.0,0.0,0.0,0.0,0.0,0.0,0.0,0.0,0.0,0.0,0.0,0.0,0.0,0.0,0.0,0.0,0.0
27dbf314.qasm,56,2020261,1434854,585407,0,325426,2,56,46529.78571428572,50054,0.2897680052230875,0.2897680052230875,6.208050370898453,1540,1.0,1,55,18.990835435859154,55,297492,22327,0,380757,705267,380757,1639504,0,573163,0,0.0,0.0,0.0,62364.0,0.0,515667.0,248653.0,0.0,286578.0,550674.0,0.0,0.0,0.0,0.0,0.0,0.0,0.0,0.0,0.0,69740.0,286585.0,0.0,0.0,0.0,0.0,0.0,0.0,0.0,0.0,0.0,0.0,0.0,0.0,0.0,0.0,0.0,0.0,0.0,0.0,0.0,0.0,0.0,0.0,0.0,0.0,0.0,0.0,0.0,0.0,0.0,0.0,0.0,0.0,0.0,0.0,0.0,0.0,0.0,0.0,0.0,0.0,0.0,0.0,0.0,0.0
27e0ec8e.qasm,64,63,0,1,62,63,3,64,2.9375,4,0.015873015873015872,1.0,1.0,94,0.04662698412698413,1,2,21.390374331550802,32,125,8,0,0,0,0,1,0,0,0,0.0,0.0,0.0,0.0,0.0,1.0,0.0,0.0,0.0,0.0,0.0,0.0,0.0,0.0,0.0,0.0,0.0,0.0,0.0,0.0,0.0,0.0,0.0,0.0,0.0,0.0,0.0,0.0,0.0,0.0,0.0,31.0,31.0,0.0,0.0,0.0,0.0,0.0,0.0,0.0,0.0,0.0,0.0,0.0,0.0,0.0,0.0,0.0,0.0,0.0,0.0,0.0,0.0,0.0,0.0,0.0,0.0,0.0,0.0,0.0,0.0,0.0,0.0,0.0,0.0
2818a462.qasm,64,94,63,31,0,33,2,32,1.953125,32,0.32978723404255317,0.32978723404255317,2.8484848484848486,31,0.015376984126984126,33,1,32.0,62,31,31,0,0,31,0,94,0,0,32,0.0,0.0,0.0,0.0,0.0,0.0,0.0,0.0,0.0,62.0,0.0,1.0,0.0,0.0,0.0,0.0,0.0,0.0,31.0,0.0,0.0,0.0,0.0,0.0,0.0,0.0,0.0,0.0,0.0,0.0,0.0,0.0,0.0,0.0,0.0,0.0,0.0,0.0,0.0,0.0,0.0,0.0,0.0,0.0,0.0,0.0,0.0,0.0,0.0,0.0,0.0,0.0,0.0,0.0,0.0,0.0,0.0,0.0,0.0,0.0,0.0,0.0,0.0,0.0,0.0
28f914b0.qasm,16,160,17,143,0,34,2,16,18.9375,19,0.89375,0.89375,4.705882352941177,120,1.0,1,15,5.3076923076923075,15,73,18,0,120,120,120,40,0,0,0,0.0,0.0,0.0,0.0,0.0,15.0,0.0,0.0,0.0,17.0,0.0,0.0,0.0,0.0,0.0,120.0,0.0,0.0,0.0,0.0,0.0,0.0,0.0,0.0,0.0,0.0,0.0,8.0,0.0,0.0,0.0,0.0,0.0,0.0,0.0,0.0,0.0,0.0,0.0,0.0,0.0,0.0,0.0,0.0,0.0,0.0,0.0,0.0,0.0,0.0,0.0,0.0,0.0,0.0,0.0,0.0,0.0,0.0,0.0,0.0,0.0,0.0,0.0,0.0,0.0
29886bb3.qasm,20,5448,4557,891,0,501,2,20,316.95,442,0.16354625550660792,0.16354625550660792,10.874251497005988,30,0.15789473684210525,1,3,2.5555555555555554,5,162,126,0,3176,1089,3176,2272,0,291,0,99.0,595.0,794.0,798.0,1188.0,891.0,297.0,495.0,291.0,0.0,0.0,0.0,0.0,0.0,0.0,0.0,0.0,0.0,0.0,0.0,0.0,0.0,0.0,0.0,0.0,0.0,0.0,0.0,0.0,0.0,0.0,0.0,0.0,0.0,0.0,0.0,0.0,0.0,0.0,0.0,0.0,0.0,0.0,0.0,0.0,0.0,0.0,0.0,0.0,0.0,0.0,0.0,0.0,0.0,0.0,0.0,0.0,0.0,0.0,0.0,0.0,0.0,0.0,0.0,0.0
29a887f9.qasm,56,949,0,949,0,39,2,56,33.892857142857146,39,1.0,1.0,24.333333333333332,73,0.047402597402597405,1,5,6.671232876712328,7,169,39,0,949,438,949,0,0,0,0,0.0,0.0,0.0,0.0,0.0,0.0,0.0,0.0,0.0,0.0,0.0,0.0,0.0,0.0,0.0,0.0,0.0,0.0,0.0,438.0,0.0,0.0,0.0,0.0,0.0,0.0,0.0,0.0,0.0,0.0,511.0,0.0,0.0,0.0,0.0,0.0,0.0,0.0,0.0,0.0,0.0,0.0,0.0,0.0,0.0,0.0,0.0,0.0,0.0,0.0,0.0,0.0,0.0,0.0,0.0,0.0,0.0,0.0,0.0,0.0,0.0,0.0,0.0,0.0,0.0
2a04dd73.qasm,62,1772822,1274426,498396,0,397258,2,62,36632.54838709677,53255,0.28113143902771964,0.28113143902771964,4.462646441355492,1891,1.0,1,61,21.174541930513087,61,252794,23149,0,417275,622110,417275,1355547,0,459900,0,0.0,0.0,0.0,77901.0,0.0,414087.0,255065.0,0.0,229948.0,481560.0,0.0,0.0,0.0,0.0,0.0,0.0,0.0,0.0,0.0,84309.0,229952.0,0.0,0.0,0.0,0.0,0.0,0.0,0.0,0.0,0.0,0.0,0.0,0.0,0.0,0.0,0.0,0.0,0.0,0.0,0.0,0.0,0.0,0.0,0.0,0.0,0.0,0.0,0.0,0.0,0.0,0.0,0.0,0.0,0.0,0.0,0.0,0.0,0.0,0.0,0.0,0.0,0.0,0.0,0.0,0.0
2a0e53ef.qasm,92,669,262,407,0,26,2,92,11.695652173913043,18,0.6083707025411061,0.6083707025411061,25.73076923076923,367,0.08767319636884854,1,41,14.100737100737101,46,96,14,0,0,52,0,617,52,0,0,0.0,0.0,0.0,0.0,0.0,407.0,0.0,0.0,0.0,210.0,0.0,0.0,0.0,52.0,0.0,0.0,0.0,0.0,0.0,0.0,0.0,0.0,0.0,0.0,0.0,0.0,0.0,0.0,0.0,0.0,0.0,0.0,0.0,0.0,0.0,0.0,0.0,0.0,0.0,0.0,0.0,0.0,0.0,0.0,0.0,0.0,0.0,0.0,0.0,0.0,0.0,0.0,0.0,0.0,0.0,0.0,0.0,0.0,0.0,0.0,0.0,0.0,0.0,0.0,0.0
2a48defb.qasm,16,136,136,0,0,16,1,16,8.5,16,0.0,0.0,8.5,0,0.0,16,0,0.0,0,0,0,0,120,120,120,16,0,0,0,0.0,0.0,0.0,0.0,0.0,0.0,0.0,0.0,0.0,16.0,120.0,0.0,0.0,0.0,0.0,0.0,0.0,0.0,0.0,0.0,0.0,0.0,0.0,0.0,0.0,0.0,0.0,0.0,0.0,0.0,0.0,0.0,0.0,0.0,0.0,0.0,0.0,0.0,0.0,0.0,0.0,0.0,0.0,0.0,0.0,0.0,0.0,0.0,0.0,0.0,0.0,0.0,0.0,0.0,0.0,0.0,0.0,0.0,0.0,0.0,0.0,0.0,0.0,0.0,0.0
2af6859b.qasm,47,13861,11584,2277,0,502,2,47,343.36170212765956,442,0.16427386191472476,0.16427386191472476,27.611553784860558,74,0.06845513413506013,1,4,3.4071146245059287,9,243,126,0,8065,2783,8065,5796,0,745,0,232.0,1509.0,2000.0,2038.0,3036.0,2277.0,759.0,1265.0,745.0,0.0,0.0,0.0,0.0,0.0,0.0,0.0,0.0,0.0,0.0,0.0,0.0,0.0,0.0,0.0,0.0,0.0,0.0,0.0,0.0,0.0,0.0,0.0,0.0,0.0,0.0,0.0,0.0,0.0,0.0,0.0,0.0,0.0,0.0,0.0,0.0,0.0,0.0,0.0,0.0,0.0,0.0,0.0,0.0,0.0,0.0,0.0,0.0,0.0,0.0,0.0,0.0,0.0,0.0,0.0,0.0
2afe3d2e.qasm,60,236522,127109,48271,61142,69992,3,60,6784.616666666667,8045,0.2040867234337609,0.46259121773027456,3.3792719167904903,127,0.07175141242937853,1,11,19.6425503998757,41,122285,12872,30571,0,1608,0,144809,0,0,0,0.0,0.0,0.0,0.0,0.0,48271.0,0.0,0.0,0.0,32180.0,0.0,62750.0,0.0,0.0,0.0,0.0,0.0,61142.0,0.0,0.0,0.0,0.0,0.0,0.0,0.0,0.0,0.0,0.0,0.0,0.0,0.0,0.0,0.0,30571.0,1608.0,0.0,0.0,0.0,0.0,0.0,0.0,0.0,0.0,0.0,0.0,0.0,0.0,0.0,0.0,0.0,0.0,0.0,0.0,0.0,0.0,0.0,0.0,0.0,0.0,0.0,0.0,0.0,0.0,0.0,0.0
2b148d98.qasm,53,13689,11439,2250,0,432,2,53,300.7358490566038,379,0.16436554898093358,0.16436554898093358,31.6875,86,0.062409288824383166,1,5,4.096,10,261,108,0,7946,2750,7946,5743,0,744,0,225.0,1499.0,1965.0,2006.0,3000.0,2250.0,750.0,1250.0,744.0,0.0,0.0,0.0,0.0,0.0,0.0,0.0,0.0,0.0,0.0,0.0,0.0,0.0,0.0,0.0,0.0,0.0,0.0,0.0,0.0,0.0,0.0,0.0,0.0,0.0,0.0,0.0,0.0,0.0,0.0,0.0,0.0,0.0,0.0,0.0,0.0,0.0,0.0,0.0,0.0,0.0,0.0,0.0,0.0,0.0,0.0,0.0,0.0,0.0,0.0,0.0,0.0,0.0,0.0,0.0,0.0
2b2951ed.qasm,49,14619,12216,2403,0,502,2,49,347.38775510204084,442,0.16437512825774678,0.16437512825774678,29.121513944223107,78,0.0663265306122449,1,4,3.4794007490636703,9,270,126,0,8518,2937,8518,6101,0,787,0,250.0,1576.0,2113.0,2150.0,3204.0,2403.0,801.0,1335.0,787.0,0.0,0.0,0.0,0.0,0.0,0.0,0.0,0.0,0.0,0.0,0.0,0.0,0.0,0.0,0.0,0.0,0.0,0.0,0.0,0.0,0.0,0.0,0.0,0.0,0.0,0.0,0.0,0.0,0.0,0.0,0.0,0.0,0.0,0.0,0.0,0.0,0.0,0.0,0.0,0.0,0.0,0.0,0.0,0.0,0.0,0.0,0.0,0.0,0.0,0.0,0.0,0.0,0.0,0.0,0.0,0.0
2bc3295c.qasm,56,616,280,336,0,17,2,56,17.0,17,0.5454545454545454,0.5454545454545454,36.23529411764706,84,0.05454545454545454,1,13,10.5,49,84,12,0,616,336,616,0,0,0,0,0.0,0.0,0.0,0.0,0.0,0.0,280.0,0.0,0.0,0.0,0.0,0.0,0.0,0.0,0.0,0.0,0.0,0.0,0.0,336.0,0.0,0.0,0.0,0.0,0.0,0.0,0.0,0.0,0.0,0.0,0.0,0.0,0.0,0.0,0.0,0.0,0.0,0.0,0.0,0.0,0.0,0.0,0.0,0.0,0.0,0.0,0.0,0.0,0.0,0.0,0.0,0.0,0.0,0.0,0.0,0.0,0.0,0.0,0.0,0.0,0.0,0.0,0.0,0.0,0.0
2cbfff1b.qasm,39,11557,9658,1899,0,501,2,39,345.02564102564105,442,0.16431599896166826,0.16431599896166826,23.067864271457086,62,0.08367071524966262,1,4,3.184834123222749,8,216,126,0,6718,2321,6718,4839,0,627,0,196.0,1258.0,1663.0,1694.0,2532.0,1899.0,633.0,1055.0,627.0,0.0,0.0,0.0,0.0,0.0,0.0,0.0,0.0,0.0,0.0,0.0,0.0,0.0,0.0,0.0,0.0,0.0,0.0,0.0,0.0,0.0,0.0,0.0,0.0,0.0,0.0,0.0,0.0,0.0,0.0,0.0,0.0,0.0,0.0,0.0,0.0,0.0,0.0,0.0,0.0,0.0,0.0,0.0,0.0,0.0,0.0,0.0,0.0,0.0,0.0,0.0,0.0,0.0,0.0,0.0,0.0
2cedce95.qasm,50,14998,12532,2466,0,502,2,50,349.28,442,0.1644219229230564,0.1644219229230564,29.87649402390438,80,0.0653061224489796,1,4,3.54014598540146,9,270,126,0,8744,3014,8744,6254,0,802,0,247.0,1616.0,2175.0,2212.0,3288.0,2466.0,822.0,1370.0,802.0,0.0,0.0,0.0,0.0,0.0,0.0,0.0,0.0,0.0,0.0,0.0,0.0,0.0,0.0,0.0,0.0,0.0,0.0,0.0,0.0,0.0,0.0,0.0,0.0,0.0,0.0,0.0,0.0,0.0,0.0,0.0,0.0,0.0,0.0,0.0,0.0,0.0,0.0,0.0,0.0,0.0,0.0,0.0,0.0,0.0,0.0,0.0,0.0,0.0,0.0,0.0,0.0,0.0,0.0,0.0,0.0
2d399444.qasm,5,25,15,10,0,17,2,5,7.0,17,0.4,0.4,1.4705882352941178,4,0.4,1,1,1.4,2,5,10,0,0,1,0,24,1,0,0,0.0,0.0,0.0,0.0,0.0,10.0,0.0,0.0,0.0,14.0,0.0,0.0,0.0,1.0,0.0,0.0,0.0,0.0,0.0,0.0,0.0,0.0,0.0,0.0,0.0,0.0,0.0,0.0,0.0,0.0,0.0,0.0,0.0,0.0,0.0,0.0,0.0,0.0,0.0,0.0,0.0,0.0,0.0,0.0,0.0,0.0,0.0,0.0,0.0,0.0,0.0,0.0,0.0,0.0,0.0,0.0,0.0,0.0,0.0,0.0,0.0,0.0,0.0,0.0,0.0
2ea1bf91.qasm,88,4131,2797,1334,0,2562,2,88,62.10227272727273,1351,0.32292423142096344,0.32292423142096344,1.6124121779859484,314,0.08202716823406478,5,7,19.395802098950526,81,886,456,0,2717,2207,2717,1414,0,0,0,0.0,0.0,0.0,2207.0,0.0,1334.0,510.0,0.0,0.0,80.0,0.0,0.0,0.0,0.0,0.0,0.0,0.0,0.0,0.0,0.0,0.0,0.0,0.0,0.0,0.0,0.0,0.0,0.0,0.0,0.0,0.0,0.0,0.0,0.0,0.0,0.0,0.0,0.0,0.0,0.0,0.0,0.0,0.0,0.0,0.0,0.0,0.0,0.0,0.0,0.0,0.0,0.0,0.0,0.0,0.0,0.0,0.0,0.0,0.0,0.0,0.0,0.0,0.0,0.0,0.0
3026aed7.qasm,53,21131,17648,3483,0,645,2,53,464.41509433962267,568,0.1648289243291846,0.1648289243291846,32.76124031007752,86,0.062409288824383166,1,5,4.4366925064599485,10,441,162,0,12269,4257,12269,8862,0,1153,0,324.0,2291.0,3036.0,3104.0,4644.0,3483.0,1161.0,1935.0,1153.0,0.0,0.0,0.0,0.0,0.0,0.0,0.0,0.0,0.0,0.0,0.0,0.0,0.0,0.0,0.0,0.0,0.0,0.0,0.0,0.0,0.0,0.0,0.0,0.0,0.0,0.0,0.0,0.0,0.0,0.0,0.0,0.0,0.0,0.0,0.0,0.0,0.0,0.0,0.0,0.0,0.0,0.0,0.0,0.0,0.0,0.0,0.0,0.0,0.0,0.0,0.0,0.0,0.0,0.0,0.0,0.0
306ac152.qasm,128,893,512,381,0,135,2,128,9.953125,10,0.42665173572228443,0.42665173572228443,6.614814814814815,127,0.015625,1,1,1.0,1,3,6,0,512,0,512,381,0,0,0,0.0,0.0,0.0,0.0,512.0,381.0,0.0,0.0,0.0,0.0,0.0,0.0,0.0,0.0,0.0,0.0,0.0,0.0,0.0,0.0,0.0,0.0,0.0,0.0,0.0,0.0,0.0,0.0,0.0,0.0,0.0,0.0,0.0,0.0,0.0,0.0,0.0,0.0,0.0,0.0,0.0,0.0,0.0,0.0,0.0,0.0,0.0,0.0,0.0,0.0,0.0,0.0,0.0,0.0,0.0,0.0,0.0,0.0,0.0,0.0,0.0,0.0,0.0,0.0,0.0
3099a023.qasm,2,226,184,42,0,154,2,2,134.0,136,0.18584070796460178,0.18584070796460178,1.4675324675324675,1,1.0,1,1,1.0,1,42,42,0,184,38,184,42,0,0,0,0.0,0.0,32.0,38.0,56.0,42.0,58.0,0.0,0.0,0.0,0.0,0.0,0.0,0.0,0.0,0.0,0.0,0.0,0.0,0.0,0.0,0.0,0.0,0.0,0.0,0.0,0.0,0.0,0.0,0.0,0.0,0.0,0.0,0.0,0.0,0.0,0.0,0.0,0.0,0.0,0.0,0.0,0.0,0.0,0.0,0.0,0.0,0.0,0.0,0.0,0.0,0.0,0.0,0.0,0.0,0.0,0.0,0.0,0.0,0.0,0.0,0.0,0.0,0.0,0.0
31b8fb3c.qasm,64,2112,64,2048,0,128,2,64,65.0,65,0.9696969696969697,0.9696969696969697,16.5,2016,1.0,1,63,21.828125,63,1056,64,0,2016,2016,2016,96,0,0,0,0.0,0.0,0.0,0.0,0.0,0.0,0.0,0.0,0.0,64.0,0.0,0.0,0.0,0.0,0.0,2016.0,0.0,0.0,0.0,0.0,0.0,0.0,0.0,0.0,0.0,0.0,0.0,32.0,0.0,0.0,0.0,0.0,0.0,0.0,0.0,0.0,0.0,0.0,0.0,0.0,0.0,0.0,0.0,0.0,0.0,0.0,0.0,0.0,0.0,0.0,0.0,0.0,0.0,0.0,0.0,0.0,0.0,0.0,0.0,0.0,0.0,0.0,0.0,0.0,0.0
31fd025e.qasm,39,11557,9658,1899,0,501,2,39,345.02564102564105,442,0.16431599896166826,0.16431599896166826,23.067864271457086,62,0.08367071524966262,1,4,3.184834123222749,8,216,126,0,6719,2321,6719,4838,0,627,0,188.0,1257.0,1672.0,1694.0,2532.0,1899.0,633.0,1055.0,627.0,0.0,0.0,0.0,0.0,0.0,0.0,0.0,0.0,0.0,0.0,0.0,0.0,0.0,0.0,0.0,0.0,0.0,0.0,0.0,0.0,0.0,0.0,0.0,0.0,0.0,0.0,0.0,0.0,0.0,0.0,0.0,0.0,0.0,0.0,0.0,0.0,0.0,0.0,0.0,0.0,0.0,0.0,0.0,0.0,0.0,0.0,0.0,0.0,0.0,0.0,0.0,0.0,0.0,0.0,0.0,0.0
320de9fb.qasm,100,55000,40000,15000,0,700,2,100,700.0,700,0.2727272727272727,0.2727272727272727,78.57142857142857,3160,0.6383838383838384,1,92,33.934,98,7680,300,0,40000,0,40000,15000,0,0,0,0.0,0.0,0.0,0.0,40000.0,15000.0,0.0,0.0,0.0,0.0,0.0,0.0,0.0,0.0,0.0,0.0,0.0,0.0,0.0,0.0,0.0,0.0,0.0,0.0,0.0,0.0,0.0,0.0,0.0,0.0,0.0,0.0,0.0,0.0,0.0,0.0,0.0,0.0,0.0,0.0,0.0,0.0,0.0,0.0,0.0,0.0,0.0,0.0,0.0,0.0,0.0,0.0,0.0,0.0,0.0,0.0,0.0,0.0,0.0,0.0,0.0,0.0,0.0,0.0,0.0
32de9cc1.qasm,20,5448,4557,891,0,501,2,20,316.95,442,0.16354625550660792,0.16354625550660792,10.874251497005988,30,0.15789473684210525,1,3,2.5555555555555554,5,162,126,0,3171,1089,3171,2277,0,291,0,101.0,600.0,787.0,798.0,1188.0,891.0,297.0,495.0,291.0,0.0,0.0,0.0,0.0,0.0,0.0,0.0,0.0,0.0,0.0,0.0,0.0,0.0,0.0,0.0,0.0,0.0,0.0,0.0,0.0,0.0,0.0,0.0,0.0,0.0,0.0,0.0,0.0,0.0,0.0,0.0,0.0,0.0,0.0,0.0,0.0,0.0,0.0,0.0,0.0,0.0,0.0,0.0,0.0,0.0,0.0,0.0,0.0,0.0,0.0,0.0,0.0,0.0,0.0,0.0,0.0
32f44532.qasm,90,12169,8387,3782,0,10178,2,90,177.23333333333332,5191,0.31078971156216617,0.31078971156216617,1.1956179996069956,403,0.10062421972534331,3,9,9.959809624537282,83,2182,1608,0,8307,6261,8307,3862,0,0,0,0.0,0.0,0.0,6261.0,0.0,3782.0,2046.0,0.0,0.0,80.0,0.0,0.0,0.0,0.0,0.0,0.0,0.0,0.0,0.0,0.0,0.0,0.0,0.0,0.0,0.0,0.0,0.0,0.0,0.0,0.0,0.0,0.0,0.0,0.0,0.0,0.0,0.0,0.0,0.0,0.0,0.0,0.0,0.0,0.0,0.0,0.0,0.0,0.0,0.0,0.0,0.0,0.0,0.0,0.0,0.0,0.0,0.0,0.0,0.0,0.0,0.0,0.0,0.0,0.0,0.0
336f664c.qasm,118,378,53,221,104,131,3,118,6.838983050847458,11,0.5846560846560847,0.8597883597883598,2.885496183206107,169,0.02448210922787194,1,2,40.073170731707314,104,338,14,0,0,0,0,274,0,0,0,0.0,0.0,0.0,0.0,0.0,221.0,0.0,0.0,0.0,0.0,0.0,53.0,0.0,0.0,0.0,0.0,0.0,104.0,0.0,0.0,0.0,0.0,0.0,0.0,0.0,0.0,0.0,0.0,0.0,0.0,0.0,0.0,0.0,0.0,0.0,0.0,0.0,0.0,0.0,0.0,0.0,0.0,0.0,0.0,0.0,0.0,0.0,0.0,0.0,0.0,0.0,0.0,0.0,0.0,0.0,0.0,0.0,0.0,0.0,0.0,0.0,0.0,0.0,0.0,0.0
33a2f9be.qasm,28,7908,6612,1296,0,501,2,28,328.7142857142857,442,0.1638846737481032,0.1638846737481032,15.784431137724551,43,0.11375661375661375,1,3,2.8055555555555554,6,189,126,0,4596,1584,4596,3312,0,426,0,132.0,870.0,1146.0,1158.0,1728.0,1296.0,432.0,720.0,426.0,0.0,0.0,0.0,0.0,0.0,0.0,0.0,0.0,0.0,0.0,0.0,0.0,0.0,0.0,0.0,0.0,0.0,0.0,0.0,0.0,0.0,0.0,0.0,0.0,0.0,0.0,0.0,0.0,0.0,0.0,0.0,0.0,0.0,0.0,0.0,0.0,0.0,0.0,0.0,0.0,0.0,0.0,0.0,0.0,0.0,0.0,0.0,0.0,0.0,0.0,0.0,0.0,0.0,0.0,0.0,0.0
33c62fb8.qasm,256,33024,256,32768,0,512,2,256,257.0,257,0.9922480620155039,0.9922480620155039,64.5,32640,1.0,1,255,85.83203125,255,16512,256,0,32640,32640,32640,384,0,0,0,0.0,0.0,0.0,0.0,0.0,0.0,0.0,0.0,0.0,256.0,0.0,0.0,0.0,0.0,0.0,32640.0,0.0,0.0,0.0,0.0,0.0,0.0,0.0,0.0,0.0,0.0,0.0,128.0,0.0,0.0,0.0,0.0,0.0,0.0,0.0,0.0,0.0,0.0,0.0,0.0,0.0,0.0,0.0,0.0,0.0,0.0,0.0,0.0,0.0,0.0,0.0,0.0,0.0,0.0,0.0,0.0,0.0,0.0,0.0,0.0,0.0,0.0,0.0,0.0,0.0
3436484d.qasm,32,9268,7747,1521,0,501,2,32,337.15625,442,0.1641130772550712,0.1641130772550712,18.499001996007983,50,0.10080645161290322,1,3,2.9585798816568047,7,189,126,0,5389,1859,5389,3879,0,501,0,159.0,1012.0,1337.0,1358.0,2028.0,1521.0,507.0,845.0,501.0,0.0,0.0,0.0,0.0,0.0,0.0,0.0,0.0,0.0,0.0,0.0,0.0,0.0,0.0,0.0,0.0,0.0,0.0,0.0,0.0,0.0,0.0,0.0,0.0,0.0,0.0,0.0,0.0,0.0,0.0,0.0,0.0,0.0,0.0,0.0,0.0,0.0,0.0,0.0,0.0,0.0,0.0,0.0,0.0,0.0,0.0,0.0,0.0,0.0,0.0,0.0,0.0,0.0,0.0,0.0,0.0
36d0ea8f.qasm,64,63,0,1,62,63,3,64,2.9375,4,0.015873015873015872,1.0,1.0,94,0.04662698412698413,1,2,21.390374331550802,32,125,8,0,0,0,0,1,0,0,0,0.0,0.0,0.0,0.0,0.0,1.0,0.0,0.0,0.0,0.0,0.0,0.0,0.0,0.0,0.0,0.0,0.0,0.0,0.0,0.0,0.0,0.0,0.0,0.0,0.0,0.0,0.0,0.0,0.0,0.0,0.0,31.0,31.0,0.0,0.0,0.0,0.0,0.0,0.0,0.0,0.0,0.0,0.0,0.0,0.0,0.0,0.0,0.0,0.0,0.0,0.0,0.0,0.0,0.0,0.0,0.0,0.0,0.0,0.0,0.0,0.0,0.0,0.0,0.0,0.0
36e23777.qasm,36,10940,9140,1800,0,501,2,36,353.8888888888889,442,0.16453382084095064,0.16453382084095064,21.836327345309382,57,0.09047619047619047,1,4,3.13,7,225,126,0,6359,2200,6359,4581,0,594,0,178.0,1187.0,1575.0,1606.0,2400.0,1800.0,600.0,1000.0,594.0,0.0,0.0,0.0,0.0,0.0,0.0,0.0,0.0,0.0,0.0,0.0,0.0,0.0,0.0,0.0,0.0,0.0,0.0,0.0,0.0,0.0,0.0,0.0,0.0,0.0,0.0,0.0,0.0,0.0,0.0,0.0,0.0,0.0,0.0,0.0,0.0,0.0,0.0,0.0,0.0,0.0,0.0,0.0,0.0,0.0,0.0,0.0,0.0,0.0,0.0,0.0,0.0,0.0,0.0,0.0,0.0
371eea68.qasm,28,88,13,51,24,41,3,28,6.678571428571429,11,0.5795454545454546,0.8522727272727273,2.1463414634146343,39,0.10317460317460317,1,2,9.829268292682928,24,78,14,0,0,0,0,64,0,0,0,0.0,0.0,0.0,0.0,0.0,51.0,0.0,0.0,0.0,0.0,0.0,13.0,0.0,0.0,0.0,0.0,0.0,24.0,0.0,0.0,0.0,0.0,0.0,0.0,0.0,0.0,0.0,0.0,0.0,0.0,0.0,0.0,0.0,0.0,0.0,0.0,0.0,0.0,0.0,0.0,0.0,0.0,0.0,0.0,0.0,0.0,0.0,0.0,0.0,0.0,0.0,0.0,0.0,0.0,0.0,0.0,0.0,0.0,0.0,0.0,0.0,0.0,0.0,0.0,0.0
376d7d92.qasm,64,253,127,126,0,128,2,64,5.921875,6,0.4980237154150198,0.4980237154150198,1.9765625,63,0.03125,1,1,1.0,1,2,4,0,126,63,126,127,0,0,0,0.0,0.0,126.0,0.0,0.0,63.0,0.0,0.0,0.0,0.0,0.0,1.0,0.0,0.0,0.0,0.0,0.0,0.0,63.0,0.0,0.0,0.0,0.0,0.0,0.0,0.0,0.0,0.0,0.0,0.0,0.0,0.0,0.0,0.0,0.0,0.0,0.0,0.0,0.0,0.0,0.0,0.0,0.0,0.0,0.0,0.0,0.0,0.0,0.0,0.0,0.0,0.0,0.0,0.0,0.0,0.0,0.0,0.0,0.0,0.0,0.0,0.0,0.0,0.0,0.0
37bd268c.qasm,128,256,255,0,1,3,128,128,2.9921875,3,0.0,0.00390625,85.33333333333333,8128,1.0,1,127,43.0,127,4096,127,0,1,0,1,254,0,0,0,1.0,0.0,0.0,0.0,0.0,0.0,0.0,0.0,0.0,254.0,0.0,0.0,0.0,0.0,0.0,0.0,0.0,0.0,0.0,0.0,0.0,0.0,0.0,0.0,0.0,0.0,0.0,0.0,0.0,0.0,0.0,0.0,0.0,0.0,0.0,1.0,0.0,0.0,0.0,0.0,0.0,0.0,0.0,0.0,0.0,0.0,0.0,0.0,0.0,0.0,0.0,0.0,0.0,0.0,0.0,0.0,0.0,0.0,0.0,0.0,0.0,0.0,0.0,0.0,0.0
3814b0b9.qasm,38,87401,62379,25022,0,17616,2,38,2958.5,3826,0.28628963055342616,0.28628963055342616,4.961455495004541,703,1.0,1,37,13.189553193189992,37,12922,1658,0,18795,30592,18795,68606,0,23601,0,0.0,0.0,0.0,3260.0,0.0,21291.0,11804.0,0.0,11800.0,23714.0,0.0,0.0,0.0,0.0,0.0,0.0,0.0,0.0,0.0,3731.0,11801.0,0.0,0.0,0.0,0.0,0.0,0.0,0.0,0.0,0.0,0.0,0.0,0.0,0.0,0.0,0.0,0.0,0.0,0.0,0.0,0.0,0.0,0.0,0.0,0.0,0.0,0.0,0.0,0.0,0.0,0.0,0.0,0.0,0.0,0.0,0.0,0.0,0.0,0.0,0.0,0.0,0.0,0.0,0.0,0.0
383bbcad.qasm,16,61,31,30,0,32,2,16,5.6875,6,0.4918032786885246,0.4918032786885246,1.90625,15,0.125,1,1,1.0,1,2,4,0,30,15,30,31,0,0,0,0.0,0.0,30.0,0.0,0.0,15.0,0.0,0.0,0.0,0.0,0.0,1.0,0.0,0.0,0.0,0.0,0.0,0.0,15.0,0.0,0.0,0.0,0.0,0.0,0.0,0.0,0.0,0.0,0.0,0.0,0.0,0.0,0.0,0.0,0.0,0.0,0.0,0.0,0.0,0.0,0.0,0.0,0.0,0.0,0.0,0.0,0.0,0.0,0.0,0.0,0.0,0.0,0.0,0.0,0.0,0.0,0.0,0.0,0.0,0.0,0.0,0.0,0.0,0.0,0.0
3841ff5b.qasm,53,16447,13738,2709,0,503,2,53,361.4339622641509,442,0.16471088952392535,0.16471088952392535,32.69781312127237,86,0.062409288824383166,1,5,3.6511627906976742,10,279,126,0,9556,3311,9556,6891,0,895,0,264.0,1782.0,2361.0,2416.0,3612.0,2709.0,903.0,1505.0,895.0,0.0,0.0,0.0,0.0,0.0,0.0,0.0,0.0,0.0,0.0,0.0,0.0,0.0,0.0,0.0,0.0,0.0,0.0,0.0,0.0,0.0,0.0,0.0,0.0,0.0,0.0,0.0,0.0,0.0,0.0,0.0,0.0,0.0,0.0,0.0,0.0,0.0,0.0,0.0,0.0,0.0,0.0,0.0,0.0,0.0,0.0,0.0,0.0,0.0,0.0,0.0,0.0,0.0,0.0,0.0,0.0
385fa1b6.qasm,32,528,528,0,0,32,1,32,16.5,32,0.0,0.0,16.5,0,0.0,32,0,0.0,0,0,0,0,496,496,496,32,0,0,0,0.0,0.0,0.0,0.0,0.0,0.0,0.0,0.0,0.0,32.0,496.0,0.0,0.0,0.0,0.0,0.0,0.0,0.0,0.0,0.0,0.0,0.0,0.0,0.0,0.0,0.0,0.0,0.0,0.0,0.0,0.0,0.0,0.0,0.0,0.0,0.0,0.0,0.0,0.0,0.0,0.0,0.0,0.0,0.0,0.0,0.0,0.0,0.0,0.0,0.0,0.0,0.0,0.0,0.0,0.0,0.0,0.0,0.0,0.0,0.0,0.0,0.0,0.0,0.0,0.0
386534f5.qasm,45,13467,11253,2214,0,501,2,45,348.46666666666664,442,0.16440187124081088,0.16440187124081088,26.880239520958085,72,0.07272727272727272,1,4,3.341463414634146,9,243,126,0,7835,2706,7835,5632,0,724,0,224.0,1464.0,1939.0,1982.0,2952.0,2214.0,738.0,1230.0,724.0,0.0,0.0,0.0,0.0,0.0,0.0,0.0,0.0,0.0,0.0,0.0,0.0,0.0,0.0,0.0,0.0,0.0,0.0,0.0,0.0,0.0,0.0,0.0,0.0,0.0,0.0,0.0,0.0,0.0,0.0,0.0,0.0,0.0,0.0,0.0,0.0,0.0,0.0,0.0,0.0,0.0,0.0,0.0,0.0,0.0,0.0,0.0,0.0,0.0,0.0,0.0,0.0,0.0,0.0,0.0,0.0
3a8d3e53.qasm,64,2614,1060,968,586,2318,4,64,81.78125,479,0.3703136954858455,0.5944912012241775,1.1276962899050906,858,0.4255952380952381,1,31,21.242918867018723,60,2204,436,0,660,822,660,996,372,0,0,210.0,0.0,0.0,0.0,0.0,968.0,0.0,0.0,0.0,28.0,425.0,0.0,186.0,186.0,25.0,0.0,0.0,106.0,0.0,0.0,0.0,0.0,0.0,0.0,0.0,0.0,0.0,0.0,240.0,240.0,0.0,0.0,0.0,0.0,0.0,0.0,0.0,0.0,0.0,0.0,0.0,0.0,0.0,0.0,0.0,0.0,0.0,0.0,0.0,0.0,0.0,0.0,0.0,0.0,0.0,0.0,0.0,0.0,0.0,0.0,0.0,0.0,0.0,0.0,0.0
3be98d6c.qasm,128,256,128,128,0,7,2,128,3.0,3,0.5,0.5,36.57142857142857,128,0.015748031496062992,5,2,43.546875,117,70,2,0,0,128,0,256,0,0,0,0.0,0.0,0.0,0.0,0.0,0.0,0.0,0.0,0.0,128.0,0.0,0.0,0.0,0.0,0.0,0.0,0.0,0.0,128.0,0.0,0.0,0.0,0.0,0.0,0.0,0.0,0.0,0.0,0.0,0.0,0.0,0.0,0.0,0.0,0.0,0.0,0.0,0.0,0.0,0.0,0.0,0.0,0.0,0.0,0.0,0.0,0.0,0.0,0.0,0.0,0.0,0.0,0.0,0.0,0.0,0.0,0.0,0.0,0.0,0.0,0.0,0.0,0.0,0.0,0.0
3c1f4948.qasm,9,2,0,0,2,2,7,9,1.5555555555555556,2,0.0,1.0,1.0,32,0.8888888888888888,1,6,3.238095238095238,8,24,12,0,0,0,0,0,0,0,0,0.0,0.0,0.0,0.0,0.0,0.0,0.0,0.0,0.0,0.0,0.0,0.0,0.0,0.0,0.0,0.0,0.0,0.0,0.0,0.0,0.0,2.0,0.0,0.0,0.0,0.0,0.0,0.0,0.0,0.0,0.0,0.0,0.0,0.0,0.0,0.0,0.0,0.0,0.0,0.0,0.0,0.0,0.0,0.0,0.0,0.0,0.0,0.0,0.0,0.0,0.0,0.0,0.0,0.0,0.0,0.0,0.0,0.0,0.0,0.0,0.0,0.0,0.0,0.0,0.0
3c2f55c1.qasm,45,31064,16813,6271,7980,9405,3,45,1184.3333333333333,1425,0.20187355137780066,0.4587625547257275,3.302923976608187,94,0.09494949494949495,1,9,14.825692628512794,31,15961,2280,3990,0,284,0,19094,0,0,0,0.0,0.0,0.0,0.0,0.0,6271.0,0.0,0.0,0.0,4275.0,0.0,8264.0,0.0,0.0,0.0,0.0,0.0,7980.0,0.0,0.0,0.0,0.0,0.0,0.0,0.0,0.0,0.0,0.0,0.0,0.0,0.0,0.0,0.0,3990.0,284.0,0.0,0.0,0.0,0.0,0.0,0.0,0.0,0.0,0.0,0.0,0.0,0.0,0.0,0.0,0.0,0.0,0.0,0.0,0.0,0.0,0.0,0.0,0.0,0.0,0.0,0.0,0.0,0.0,0.0,0.0
3c890561.qasm,64,2174,127,2047,0,190,2,64,65.953125,66,0.9415823367065317,0.9415823367065317,11.442105263157895,2016,1.0,1,63,21.82315583781143,63,1055,64,0,2016,2016,2016,158,0,0,0,0.0,0.0,0.0,0.0,0.0,0.0,0.0,0.0,0.0,126.0,0.0,1.0,0.0,0.0,0.0,2016.0,0.0,0.0,0.0,0.0,0.0,0.0,0.0,0.0,0.0,0.0,0.0,31.0,0.0,0.0,0.0,0.0,0.0,0.0,0.0,0.0,0.0,0.0,0.0,0.0,0.0,0.0,0.0,0.0,0.0,0.0,0.0,0.0,0.0,0.0,0.0,0.0,0.0,0.0,0.0,0.0,0.0,0.0,0.0,0.0,0.0,0.0,0.0,0.0,0.0
3ccd19ee.qasm,50,14998,12532,2466,0,502,2,50,349.28,442,0.1644219229230564,0.1644219229230564,29.87649402390438,80,0.0653061224489796,1,4,3.54014598540146,9,270,126,0,8729,3014,8729,6269,0,802,0,251.0,1631.0,2156.0,2212.0,3288.0,2466.0,822.0,1370.0,802.0,0.0,0.0,0.0,0.0,0.0,0.0,0.0,0.0,0.0,0.0,0.0,0.0,0.0,0.0,0.0,0.0,0.0,0.0,0.0,0.0,0.0,0.0,0.0,0.0,0.0,0.0,0.0,0.0,0.0,0.0,0.0,0.0,0.0,0.0,0.0,0.0,0.0,0.0,0.0,0.0,0.0,0.0,0.0,0.0,0.0,0.0,0.0,0.0,0.0,0.0,0.0,0.0,0.0,0.0,0.0,0.0
3db115f1.qasm,30,78,60,18,0,21,2,30,3.2,20,0.23076923076923078,0.23076923076923078,3.7142857142857144,18,0.041379310344827586,12,1,13.11111111111111,29,18,18,0,0,0,0,78,0,0,0,0.0,0.0,0.0,0.0,0.0,18.0,0.0,0.0,0.0,59.0,0.0,1.0,0.0,0.0,0.0,0.0,0.0,0.0,0.0,0.0,0.0,0.0,0.0,0.0,0.0,0.0,0.0,0.0,0.0,0.0,0.0,0.0,0.0,0.0,0.0,0.0,0.0,0.0,0.0,0.0,0.0,0.0,0.0,0.0,0.0,0.0,0.0,0.0,0.0,0.0,0.0,0.0,0.0,0.0,0.0,0.0,0.0,0.0,0.0,0.0,0.0,0.0,0.0,0.0,0.0
3e2fde05.qasm,41,12107,10118,1989,0,501,2,41,343.8048780487805,442,0.16428512430825143,0.16428512430825143,24.16566866267465,65,0.07926829268292683,1,4,3.248868778280543,8,216,126,0,7043,2431,7043,5064,0,657,0,198.0,1313.0,1756.0,1774.0,2652.0,1989.0,663.0,1105.0,657.0,0.0,0.0,0.0,0.0,0.0,0.0,0.0,0.0,0.0,0.0,0.0,0.0,0.0,0.0,0.0,0.0,0.0,0.0,0.0,0.0,0.0,0.0,0.0,0.0,0.0,0.0,0.0,0.0,0.0,0.0,0.0,0.0,0.0,0.0,0.0,0.0,0.0,0.0,0.0,0.0,0.0,0.0,0.0,0.0,0.0,0.0,0.0,0.0,0.0,0.0,0.0,0.0,0.0,0.0,0.0,0.0
3e730381.qasm,35,35,1,34,0,35,2,35,1.9714285714285715,2,0.9714285714285714,0.9714285714285714,1.0,34,0.05714285714285714,1,1,1.0,1,1,2,0,0,0,0,35,0,0,0,0.0,0.0,0.0,0.0,0.0,34.0,0.0,0.0,0.0,1.0,0.0,0.0,0.0,0.0,0.0,0.0,0.0,0.0,0.0,0.0,0.0,0.0,0.0,0.0,0.0,0.0,0.0,0.0,0.0,0.0,0.0,0.0,0.0,0.0,0.0,0.0,0.0,0.0,0.0,0.0,0.0,0.0,0.0,0.0,0.0,0.0,0.0,0.0,0.0,0.0,0.0,0.0,0.0,0.0,0.0,0.0,0.0,0.0,0.0,0.0,0.0,0.0,0.0,0.0,0.0
3eb6cff0.qasm,257,64,0,0,64,64,131,257,32.62256809338521,64,0.0,1.0,1.0,24832,0.754863813229572,1,130,60.83206106870229,256,274560,8320,0,0,0,0,0,0,0,0,0.0,0.0,0.0,0.0,0.0,0.0,0.0,0.0,0.0,0.0,0.0,0.0,0.0,0.0,0.0,0.0,0.0,0.0,0.0,0.0,0.0,64.0,0.0,0.0,0.0,0.0,0.0,0.0,0.0,0.0,0.0,0.0,0.0,0.0,0.0,0.0,0.0,0.0,0.0,0.0,0.0,0.0,0.0,0.0,0.0,0.0,0.0,0.0,0.0,0.0,0.0,0.0,0.0,0.0,0.0,0.0,0.0,0.0,0.0,0.0,0.0,0.0,0.0,0.0,0.0
3eca4614.qasm,45,13467,11253,2214,0,501,2,45,348.46666666666664,442,0.16440187124081088,0.16440187124081088,26.880239520958085,72,0.07272727272727272,1,4,3.341463414634146,9,243,126,0,7829,2706,7829,5638,0,724,0,221.0,1470.0,1936.0,1982.0,2952.0,2214.0,738.0,1230.0,724.0,0.0,0.0,0.0,0.0,0.0,0.0,0.0,0.0,0.0,0.0,0.0,0.0,0.0,0.0,0.0,0.0,0.0,0.0,0.0,0.0,0.0,0.0,0.0,0.0,0.0,0.0,0.0,0.0,0.0,0.0,0.0,0.0,0.0,0.0,0.0,0.0,0.0,0.0,0.0,0.0,0.0,0.0,0.0,0.0,0.0,0.0,0.0,0.0,0.0,0.0,0.0,0.0,0.0,0.0,0.0,0.0
3ee85ccf.qasm,20,5760,4815,945,0,501,2,20,335.25,442,0.1640625,0.1640625,11.497005988023952,30,0.15789473684210525,1,3,2.5428571428571427,5,171,126,0,3347,1155,3347,2413,0,309,0,94.0,634.0,832.0,846.0,1260.0,945.0,315.0,525.0,309.0,0.0,0.0,0.0,0.0,0.0,0.0,0.0,0.0,0.0,0.0,0.0,0.0,0.0,0.0,0.0,0.0,0.0,0.0,0.0,0.0,0.0,0.0,0.0,0.0,0.0,0.0,0.0,0.0,0.0,0.0,0.0,0.0,0.0,0.0,0.0,0.0,0.0,0.0,0.0,0.0,0.0,0.0,0.0,0.0,0.0,0.0,0.0,0.0,0.0,0.0,0.0,0.0,0.0,0.0,0.0,0.0
3f072f57.qasm,28,7908,6612,1296,0,501,2,28,328.7142857142857,442,0.1638846737481032,0.1638846737481032,15.784431137724551,43,0.11375661375661375,1,3,2.8055555555555554,6,189,126,0,4603,1584,4603,3305,0,426,0,142.0,863.0,1143.0,1158.0,1728.0,1296.0,432.0,720.0,426.0,0.0,0.0,0.0,0.0,0.0,0.0,0.0,0.0,0.0,0.0,0.0,0.0,0.0,0.0,0.0,0.0,0.0,0.0,0.0,0.0,0.0,0.0,0.0,0.0,0.0,0.0,0.0,0.0,0.0,0.0,0.0,0.0,0.0,0.0,0.0,0.0,0.0,0.0,0.0,0.0,0.0,0.0,0.0,0.0,0.0,0.0,0.0,0.0,0.0,0.0,0.0,0.0,0.0,0.0,0.0,0.0
3f858470.qasm,63,9828,5922,3906,0,493,2,63,218.0,249,0.3974358974358974,0.3974358974358974,19.935091277890468,1953,1.0,1,62,21.333333333333332,62,1984,124,0,5859,5859,5859,3969,0,0,0,0.0,0.0,0.0,0.0,0.0,3906.0,0.0,0.0,0.0,63.0,0.0,0.0,0.0,0.0,5859.0,0.0,0.0,0.0,0.0,0.0,0.0,0.0,0.0,0.0,0.0,0.0,0.0,0.0,0.0,0.0,0.0,0.0,0.0,0.0,0.0,0.0,0.0,0.0,0.0,0.0,0.0,0.0,0.0,0.0,0.0,0.0,0.0,0.0,0.0,0.0,0.0,0.0,0.0,0.0,0.0,0.0,0.0,0.0,0.0,0.0,0.0,0.0,0.0,0.0,0.0
40b719e2.qasm,40,190739,137390,53349,0,45464,2,40,6102.2,7841,0.2796963389762975,0.2796963389762975,4.195385359845152,780,1.0,1,39,13.551931620086599,39,27296,3361,0,47306,67370,47306,143433,0,48588,0,0.0,0.0,0.0,9020.0,0.0,43587.0,28524.0,0.0,24291.0,51258.0,0.0,0.0,0.0,0.0,0.0,0.0,0.0,0.0,0.0,9762.0,24297.0,0.0,0.0,0.0,0.0,0.0,0.0,0.0,0.0,0.0,0.0,0.0,0.0,0.0,0.0,0.0,0.0,0.0,0.0,0.0,0.0,0.0,0.0,0.0,0.0,0.0,0.0,0.0,0.0,0.0,0.0,0.0,0.0,0.0,0.0,0.0,0.0,0.0,0.0,0.0,0.0,0.0,0.0,0.0,0.0
40e78b26.qasm,20,41,5,16,20,23,3,20,4.85,13,0.3902439024390244,0.8780487804878049,1.7826086956521738,44,0.23157894736842105,1,5,4.894736842105263,16,32,18,0,0,0,0,21,0,0,0,0.0,0.0,0.0,0.0,0.0,16.0,0.0,0.0,0.0,0.0,0.0,5.0,0.0,0.0,0.0,0.0,0.0,20.0,0.0,0.0,0.0,0.0,0.0,0.0,0.0,0.0,0.0,0.0,0.0,0.0,0.0,0.0,0.0,0.0,0.0,0.0,0.0,0.0,0.0,0.0,0.0,0.0,0.0,0.0,0.0,0.0,0.0,0.0,0.0,0.0,0.0,0.0,0.0,0.0,0.0,0.0,0.0,0.0,0.0,0.0,0.0,0.0,0.0,0.0,0.0
41bd27aa.qasm,68,343,142,201,0,16,2,68,8.0,11,0.5860058309037901,0.5860058309037901,21.4375,197,0.08647936786654961,1,13,13.26865671641791,34,61,9,0,0,4,0,339,4,0,0,0.0,0.0,0.0,0.0,0.0,201.0,0.0,0.0,0.0,138.0,0.0,0.0,0.0,4.0,0.0,0.0,0.0,0.0,0.0,0.0,0.0,0.0,0.0,0.0,0.0,0.0,0.0,0.0,0.0,0.0,0.0,0.0,0.0,0.0,0.0,0.0,0.0,0.0,0.0,0.0,0.0,0.0,0.0,0.0,0.0,0.0,0.0,0.0,0.0,0.0,0.0,0.0,0.0,0.0,0.0,0.0,0.0,0.0,0.0,0.0,0.0,0.0,0.0,0.0,0.0
42a256ea.qasm,43,13177,11008,2169,0,501,2,43,356.8837209302326,442,0.1646049935493663,0.1646049935493663,26.301397205588824,69,0.07641196013289037,1,5,3.2904564315352696,8,225,126,0,7655,2651,7655,5522,0,717,0,217.0,1431.0,1889.0,1934.0,2892.0,2169.0,723.0,1205.0,717.0,0.0,0.0,0.0,0.0,0.0,0.0,0.0,0.0,0.0,0.0,0.0,0.0,0.0,0.0,0.0,0.0,0.0,0.0,0.0,0.0,0.0,0.0,0.0,0.0,0.0,0.0,0.0,0.0,0.0,0.0,0.0,0.0,0.0,0.0,0.0,0.0,0.0,0.0,0.0,0.0,0.0,0.0,0.0,0.0,0.0,0.0,0.0,0.0,0.0,0.0,0.0,0.0,0.0,0.0,0.0,0.0
42a71e24.qasm,64,2176,160,2016,0,126,2,64,65.5,66,0.9264705882352942,0.9264705882352942,17.26984126984127,1024,0.5079365079365079,1,32,11.333333333333334,32,528,63,0,2112,0,2112,64,0,0,0,0.0,0.0,0.0,0.0,128.0,32.0,0.0,0.0,0.0,32.0,0.0,0.0,0.0,0.0,0.0,0.0,0.0,0.0,0.0,0.0,0.0,0.0,0.0,0.0,0.0,0.0,0.0,0.0,0.0,0.0,1984.0,0.0,0.0,0.0,0.0,0.0,0.0,0.0,0.0,0.0,0.0,0.0,0.0,0.0,0.0,0.0,0.0,0.0,0.0,0.0,0.0,0.0,0.0,0.0,0.0,0.0,0.0,0.0,0.0,0.0,0.0,0.0,0.0,0.0,0.0
42fa6cae.qasm,53,15823,13222,2601,0,503,2,53,347.62264150943395,442,0.1643809644188839,0.1643809644188839,31.457256461232603,86,0.062409288824383166,1,5,3.6505190311418687,10,270,126,0,9197,3179,9197,6626,0,859,0,250.0,1721.0,2292.0,2320.0,3468.0,2601.0,867.0,1445.0,859.0,0.0,0.0,0.0,0.0,0.0,0.0,0.0,0.0,0.0,0.0,0.0,0.0,0.0,0.0,0.0,0.0,0.0,0.0,0.0,0.0,0.0,0.0,0.0,0.0,0.0,0.0,0.0,0.0,0.0,0.0,0.0,0.0,0.0,0.0,0.0,0.0,0.0,0.0,0.0,0.0,0.0,0.0,0.0,0.0,0.0,0.0,0.0,0.0,0.0,0.0,0.0,0.0,0.0,0.0,0.0,0.0
43168c33.qasm,7,17,2,10,5,11,3,7,5.285714285714286,9,0.5882352941176471,0.8823529411764706,1.5454545454545454,9,0.42857142857142855,1,2,2.36,4,18,13,0,0,0,0,12,0,0,0,0.0,0.0,0.0,0.0,0.0,10.0,0.0,0.0,0.0,0.0,0.0,2.0,0.0,0.0,0.0,0.0,0.0,5.0,0.0,0.0,0.0,0.0,0.0,0.0,0.0,0.0,0.0,0.0,0.0,0.0,0.0,0.0,0.0,0.0,0.0,0.0,0.0,0.0,0.0,0.0,0.0,0.0,0.0,0.0,0.0,0.0,0.0,0.0,0.0,0.0,0.0,0.0,0.0,0.0,0.0,0.0,0.0,0.0,0.0,0.0,0.0,0.0,0.0,0.0,0.0
4318a3ef.qasm,39,11557,9658,1899,0,501,2,39,345.02564102564105,442,0.16431599896166826,0.16431599896166826,23.067864271457086,62,0.08367071524966262,1,4,3.184834123222749,8,216,126,0,6726,2321,6726,4831,0,627,0,192.0,1250.0,1675.0,1694.0,2532.0,1899.0,633.0,1055.0,627.0,0.0,0.0,0.0,0.0,0.0,0.0,0.0,0.0,0.0,0.0,0.0,0.0,0.0,0.0,0.0,0.0,0.0,0.0,0.0,0.0,0.0,0.0,0.0,0.0,0.0,0.0,0.0,0.0,0.0,0.0,0.0,0.0,0.0,0.0,0.0,0.0,0.0,0.0,0.0,0.0,0.0,0.0,0.0,0.0,0.0,0.0,0.0,0.0,0.0,0.0,0.0,0.0,0.0,0.0,0.0,0.0
4327c91d.qasm,53,13689,11439,2250,0,432,2,53,300.7358490566038,379,0.16436554898093358,0.16436554898093358,31.6875,86,0.062409288824383166,1,5,4.096,10,261,108,0,7966,2750,7966,5723,0,744,0,229.0,1479.0,1981.0,2006.0,3000.0,2250.0,750.0,1250.0,744.0,0.0,0.0,0.0,0.0,0.0,0.0,0.0,0.0,0.0,0.0,0.0,0.0,0.0,0.0,0.0,0.0,0.0,0.0,0.0,0.0,0.0,0.0,0.0,0.0,0.0,0.0,0.0,0.0,0.0,0.0,0.0,0.0,0.0,0.0,0.0,0.0,0.0,0.0,0.0,0.0,0.0,0.0,0.0,0.0,0.0,0.0,0.0,0.0,0.0,0.0,0.0,0.0,0.0,0.0,0.0,0.0
432efc30.qasm,8,46,15,31,0,22,2,8,9.625,10,0.6739130434782609,0.6739130434782609,2.090909090909091,28,1.0,1,7,3.096774193548387,7,19,8,0,28,28,28,18,0,0,0,0.0,0.0,0.0,0.0,0.0,0.0,0.0,0.0,0.0,14.0,0.0,1.0,0.0,0.0,0.0,28.0,0.0,0.0,0.0,0.0,0.0,0.0,0.0,0.0,0.0,0.0,0.0,3.0,0.0,0.0,0.0,0.0,0.0,0.0,0.0,0.0,0.0,0.0,0.0,0.0,0.0,0.0,0.0,0.0,0.0,0.0,0.0,0.0,0.0,0.0,0.0,0.0,0.0,0.0,0.0,0.0,0.0,0.0,0.0,0.0,0.0,0.0,0.0,0.0,0.0
445caba2.qasm,8,40,8,32,0,16,2,8,9.0,9,0.8,0.8,2.5,28,1.0,1,7,3.125,7,20,8,0,28,28,28,12,0,0,0,0.0,0.0,0.0,0.0,0.0,0.0,0.0,0.0,0.0,8.0,0.0,0.0,0.0,0.0,0.0,28.0,0.0,0.0,0.0,0.0,0.0,0.0,0.0,0.0,0.0,0.0,0.0,4.0,0.0,0.0,0.0,0.0,0.0,0.0,0.0,0.0,0.0,0.0,0.0,0.0,0.0,0.0,0.0,0.0,0.0,0.0,0.0,0.0,0.0,0.0,0.0,0.0,0.0,0.0,0.0,0.0,0.0,0.0,0.0,0.0,0.0,0.0,0.0,0.0,0.0
448ebca1.qasm,8,45,9,9,27,16,4,8,14.125,16,0.2,0.8,2.8125,27,0.9642857142857143,1,6,3.0285714285714285,7,62,31,0,8,9,8,6,3,0,0,1.0,0.0,1.0,0.0,1.0,1.0,0.0,1.0,0.0,0.0,0.0,0.0,2.0,1.0,1.0,1.0,4.0,7.0,0.0,0.0,0.0,0.0,0.0,0.0,8.0,0.0,1.0,0.0,0.0,0.0,0.0,0.0,0.0,0.0,1.0,0.0,3.0,3.0,1.0,1.0,2.0,1.0,1.0,2.0,0.0,0.0,0.0,0.0,0.0,0.0,0.0,0.0,0.0,0.0,0.0,0.0,0.0,0.0,0.0,0.0,0.0,0.0,0.0,0.0,0.0
46073cb3.qasm,128,65538,0,0,65538,63585,64,128,1537.0,2048,0.0,1.0,1.0307147912243453,7136,0.8779527559055118,1,96,52.696969696969695,127,131072,4096,0,65536,0,0,0,0,0,0,0.0,0.0,0.0,0.0,0.0,0.0,0.0,0.0,0.0,0.0,0.0,0.0,0.0,0.0,0.0,0.0,0.0,0.0,0.0,0.0,0.0,2.0,65536.0,0.0,0.0,0.0,0.0,0.0,0.0,0.0,0.0,0.0,0.0,0.0,0.0,0.0,0.0,0.0,0.0,0.0,0.0,0.0,0.0,0.0,0.0,0.0,0.0,0.0,0.0,0.0,0.0,0.0,0.0,0.0,0.0,0.0,0.0,0.0,0.0,0.0,0.0,0.0,0.0,0.0,0.0
46188cf9.qasm,50,14998,12532,2466,0,502,2,50,349.28,442,0.1644219229230564,0.1644219229230564,29.87649402390438,80,0.0653061224489796,1,4,3.54014598540146,9,270,126,0,8733,3014,8733,6265,0,802,0,237.0,1627.0,2174.0,2212.0,3288.0,2466.0,822.0,1370.0,802.0,0.0,0.0,0.0,0.0,0.0,0.0,0.0,0.0,0.0,0.0,0.0,0.0,0.0,0.0,0.0,0.0,0.0,0.0,0.0,0.0,0.0,0.0,0.0,0.0,0.0,0.0,0.0,0.0,0.0,0.0,0.0,0.0,0.0,0.0,0.0,0.0,0.0,0.0,0.0,0.0,0.0,0.0,0.0,0.0,0.0,0.0,0.0,0.0,0.0,0.0,0.0,0.0,0.0,0.0,0.0,0.0
46de7f9b.qasm,30,10771,7505,3266,0,10099,2,30,467.9,5141,0.30322161359205274,0.30322161359205274,1.0665412417070996,145,0.3333333333333333,1,9,2.7795468462951622,24,1716,1556,0,7485,5439,7485,3286,0,0,0,0.0,0.0,0.0,5439.0,0.0,3266.0,2046.0,0.0,0.0,20.0,0.0,0.0,0.0,0.0,0.0,0.0,0.0,0.0,0.0,0.0,0.0,0.0,0.0,0.0,0.0,0.0,0.0,0.0,0.0,0.0,0.0,0.0,0.0,0.0,0.0,0.0,0.0,0.0,0.0,0.0,0.0,0.0,0.0,0.0,0.0,0.0,0.0,0.0,0.0,0.0,0.0,0.0,0.0,0.0,0.0,0.0,0.0,0.0,0.0,0.0,0.0,0.0,0.0,0.0,0.0
4737100f.qasm,128,8448,320,8128,0,254,2,128,129.5,130,0.9621212121212122,0.9621212121212122,33.25984251968504,4096,0.5039370078740157,1,64,22.0,64,2080,127,0,8320,0,8320,128,0,0,0,0.0,0.0,0.0,0.0,256.0,64.0,0.0,0.0,0.0,64.0,0.0,0.0,0.0,0.0,0.0,0.0,0.0,0.0,0.0,0.0,0.0,0.0,0.0,0.0,0.0,0.0,0.0,0.0,0.0,0.0,8064.0,0.0,0.0,0.0,0.0,0.0,0.0,0.0,0.0,0.0,0.0,0.0,0.0,0.0,0.0,0.0,0.0,0.0,0.0,0.0,0.0,0.0,0.0,0.0,0.0,0.0,0.0,0.0,0.0,0.0,0.0,0.0,0.0,0.0,0.0
474aa01a.qasm,53,14105,11783,2322,0,432,2,53,309.9433962264151,379,0.16462247429989366,0.16462247429989366,32.65046296296296,86,0.062409288824383166,1,5,4.093023255813954,10,270,108,0,8198,2838,8198,5907,0,768,0,219.0,1527.0,2039.0,2070.0,3096.0,2322.0,774.0,1290.0,768.0,0.0,0.0,0.0,0.0,0.0,0.0,0.0,0.0,0.0,0.0,0.0,0.0,0.0,0.0,0.0,0.0,0.0,0.0,0.0,0.0,0.0,0.0,0.0,0.0,0.0,0.0,0.0,0.0,0.0,0.0,0.0,0.0,0.0,0.0,0.0,0.0,0.0,0.0,0.0,0.0,0.0,0.0,0.0,0.0,0.0,0.0,0.0,0.0,0.0,0.0,0.0,0.0,0.0,0.0,0.0,0.0
4846208f.qasm,15,73,23,46,4,52,3,15,8.466666666666667,13,0.6301369863013698,0.684931506849315,1.4038461538461537,52,0.49523809523809526,1,9,3.206896551724138,9,25,13,0,45,46,45,24,0,0,0,0.0,0.0,0.0,0.0,0.0,0.0,0.0,0.0,0.0,20.0,0.0,3.0,0.0,0.0,0.0,0.0,0.0,4.0,1.0,0.0,0.0,0.0,0.0,0.0,0.0,0.0,0.0,0.0,0.0,0.0,0.0,0.0,0.0,0.0,0.0,0.0,0.0,0.0,0.0,0.0,0.0,0.0,0.0,0.0,45.0,0.0,0.0,0.0,0.0,0.0,0.0,0.0,0.0,0.0,0.0,0.0,0.0,0.0,0.0,0.0,0.0,0.0,0.0,0.0,0.0
4a262567.qasm,45,13467,11253,2214,0,501,2,45,348.46666666666664,442,0.16440187124081088,0.16440187124081088,26.880239520958085,72,0.07272727272727272,1,4,3.341463414634146,9,243,126,0,7844,2706,7844,5623,0,724,0,229.0,1455.0,1943.0,1982.0,2952.0,2214.0,738.0,1230.0,724.0,0.0,0.0,0.0,0.0,0.0,0.0,0.0,0.0,0.0,0.0,0.0,0.0,0.0,0.0,0.0,0.0,0.0,0.0,0.0,0.0,0.0,0.0,0.0,0.0,0.0,0.0,0.0,0.0,0.0,0.0,0.0,0.0,0.0,0.0,0.0,0.0,0.0,0.0,0.0,0.0,0.0,0.0,0.0,0.0,0.0,0.0,0.0,0.0,0.0,0.0,0.0,0.0,0.0,0.0,0.0,0.0
4a5eba47.qasm,128,509,255,254,0,256,2,128,5.9609375,6,0.49901768172888017,0.49901768172888017,1.98828125,127,0.015625,1,1,1.0,1,2,4,0,254,127,254,255,0,0,0,0.0,0.0,254.0,0.0,0.0,127.0,0.0,0.0,0.0,0.0,0.0,1.0,0.0,0.0,0.0,0.0,0.0,0.0,127.0,0.0,0.0,0.0,0.0,0.0,0.0,0.0,0.0,0.0,0.0,0.0,0.0,0.0,0.0,0.0,0.0,0.0,0.0,0.0,0.0,0.0,0.0,0.0,0.0,0.0,0.0,0.0,0.0,0.0,0.0,0.0,0.0,0.0,0.0,0.0,0.0,0.0,0.0,0.0,0.0,0.0,0.0,0.0,0.0,0.0,0.0
4ae57e38.qasm,32,1616,128,1488,0,129,2,32,97.0,97,0.9207920792079208,0.9207920792079208,12.527131782945736,496,1.0,1,31,11.0,31,768,93,0,128,0,128,1488,0,0,0,0.0,0.0,128.0,0.0,0.0,1488.0,0.0,0.0,0.0,0.0,0.0,0.0,0.0,0.0,0.0,0.0,0.0,0.0,0.0,0.0,0.0,0.0,0.0,0.0,0.0,0.0,0.0,0.0,0.0,0.0,0.0,0.0,0.0,0.0,0.0,0.0,0.0,0.0,0.0,0.0,0.0,0.0,0.0,0.0,0.0,0.0,0.0,0.0,0.0,0.0,0.0,0.0,0.0,0.0,0.0,0.0,0.0,0.0,0.0,0.0,0.0,0.0,0.0,0.0,0.0
4cbdcf4f.qasm,24,7120,5950,1170,0,501,2,24,345.4166666666667,442,0.16432584269662923,0.16432584269662923,14.211576846307386,37,0.13405797101449277,1,3,2.8923076923076922,6,198,126,0,4139,1430,4139,2981,0,384,0,117.0,777.0,1026.0,1046.0,1560.0,1170.0,390.0,650.0,384.0,0.0,0.0,0.0,0.0,0.0,0.0,0.0,0.0,0.0,0.0,0.0,0.0,0.0,0.0,0.0,0.0,0.0,0.0,0.0,0.0,0.0,0.0,0.0,0.0,0.0,0.0,0.0,0.0,0.0,0.0,0.0,0.0,0.0,0.0,0.0,0.0,0.0,0.0,0.0,0.0,0.0,0.0,0.0,0.0,0.0,0.0,0.0,0.0,0.0,0.0,0.0,0.0,0.0,0.0,0.0,0.0
4d59437e.qasm,57,610426,325226,100400,184800,359600,3,57,18954.842105263157,145600,0.16447530085546816,0.4672146992428239,1.6975139043381535,261,0.16353383458646617,1,12,23.42272449602932,55,357200,116800,52425,800,39200,800,353201,19200,19200,0,0.0,0.0,0.0,800.0,0.0,100400.0,0.0,0.0,9600.0,19200.0,0.0,214401.0,9600.0,9600.0,0.0,0.0,0.0,184800.0,0.0,0.0,9600.0,0.0,0.0,0.0,0.0,0.0,0.0,0.0,0.0,0.0,0.0,0.0,0.0,52425.0,0.0,0.0,0.0,0.0,0.0,0.0,0.0,0.0,0.0,0.0,0.0,0.0,0.0,0.0,0.0,0.0,0.0,0.0,0.0,0.0,0.0,0.0,0.0,0.0,0.0,0.0,0.0,0.0,0.0,0.0,0.0
4d78cdd5.qasm,3,19,11,8,0,11,2,3,9.0,11,0.42105263157894735,0.42105263157894735,1.7272727272727273,3,1.0,1,2,1.25,2,6,6,0,0,7,0,12,7,0,0,0.0,0.0,0.0,0.0,0.0,8.0,0.0,0.0,0.0,2.0,0.0,2.0,3.0,4.0,0.0,0.0,0.0,0.0,0.0,0.0,0.0,0.0,0.0,0.0,0.0,0.0,0.0,0.0,0.0,0.0,0.0,0.0,0.0,0.0,0.0,0.0,0.0,0.0,0.0,0.0,0.0,0.0,0.0,0.0,0.0,0.0,0.0,0.0,0.0,0.0,0.0,0.0,0.0,0.0,0.0,0.0,0.0,0.0,0.0,0.0,0.0,0.0,0.0,0.0,0.0
4dc2ff13.qasm,16,47,32,15,0,17,2,16,3.875,4,0.3191489361702128,0.3191489361702128,2.764705882352941,15,0.125,1,1,1.0,1,1,2,0,32,0,32,15,0,0,0,0.0,0.0,16.0,0.0,16.0,15.0,0.0,0.0,0.0,0.0,0.0,0.0,0.0,0.0,0.0,0.0,0.0,0.0,0.0,0.0,0.0,0.0,0.0,0.0,0.0,0.0,0.0,0.0,0.0,0.0,0.0,0.0,0.0,0.0,0.0,0.0,0.0,0.0,0.0,0.0,0.0,0.0,0.0,0.0,0.0,0.0,0.0,0.0,0.0,0.0,0.0,0.0,0.0,0.0,0.0,0.0,0.0,0.0,0.0,0.0,0.0,0.0,0.0,0.0,0.0
4e8df7a8.qasm,177,2266486,1189286,364400,712800,1367600,3,177,22918.0,553600,0.16077752079651056,0.4752731761855136,1.6572725943258262,936,0.060092449922958396,1,12,72.29870544989612,175,1365200,452800,196485,800,135200,800,1289201,67200,67200,0,0.0,0.0,0.0,800.0,0.0,364400.0,0.0,0.0,33600.0,67200.0,0.0,790401.0,33600.0,33600.0,0.0,0.0,0.0,712800.0,0.0,0.0,33600.0,0.0,0.0,0.0,0.0,0.0,0.0,0.0,0.0,0.0,0.0,0.0,0.0,196485.0,0.0,0.0,0.0,0.0,0.0,0.0,0.0,0.0,0.0,0.0,0.0,0.0,0.0,0.0,0.0,0.0,0.0,0.0,0.0,0.0,0.0,0.0,0.0,0.0,0.0,0.0,0.0,0.0,0.0,0.0,0.0
4f476879.qasm,28,8220,6870,1350,0,501,2,28,341.7857142857143,442,0.16423357664233576,0.16423357664233576,16.407185628742514,43,0.11375661375661375,1,3,2.8,6,198,126,0,4779,1650,4779,3441,0,444,0,138.0,897.0,1185.0,1206.0,1800.0,1350.0,450.0,750.0,444.0,0.0,0.0,0.0,0.0,0.0,0.0,0.0,0.0,0.0,0.0,0.0,0.0,0.0,0.0,0.0,0.0,0.0,0.0,0.0,0.0,0.0,0.0,0.0,0.0,0.0,0.0,0.0,0.0,0.0,0.0,0.0,0.0,0.0,0.0,0.0,0.0,0.0,0.0,0.0,0.0,0.0,0.0,0.0,0.0,0.0,0.0,0.0,0.0,0.0,0.0,0.0,0.0,0.0,0.0,0.0,0.0
4f48ab57.qasm,16,162,48,114,0,34,2,16,17.25,27,0.7037037037037037,0.7037037037037037,4.764705882352941,57,0.475,1,8,5.964912280701754,15,66,24,0,146,114,146,16,0,0,0,0.0,0.0,0.0,0.0,0.0,0.0,32.0,0.0,0.0,16.0,0.0,0.0,0.0,0.0,0.0,0.0,0.0,0.0,0.0,114.0,0.0,0.0,0.0,0.0,0.0,0.0,0.0,0.0,0.0,0.0,0.0,0.0,0.0,0.0,0.0,0.0,0.0,0.0,0.0,0.0,0.0,0.0,0.0,0.0,0.0,0.0,0.0,0.0,0.0,0.0,0.0,0.0,0.0,0.0,0.0,0.0,0.0,0.0,0.0,0.0,0.0,0.0,0.0,0.0,0.0
4f9a3ab1.qasm,32,31,0,1,30,31,3,32,2.875,4,0.03225806451612903,1.0,1.0,46,0.09274193548387097,1,2,10.725274725274724,16,61,8,0,0,0,0,1,0,0,0,0.0,0.0,0.0,0.0,0.0,1.0,0.0,0.0,0.0,0.0,0.0,0.0,0.0,0.0,0.0,0.0,0.0,0.0,0.0,0.0,0.0,0.0,0.0,0.0,0.0,0.0,0.0,0.0,0.0,0.0,0.0,15.0,15.0,0.0,0.0,0.0,0.0,0.0,0.0,0.0,0.0,0.0,0.0,0.0,0.0,0.0,0.0,0.0,0.0,0.0,0.0,0.0,0.0,0.0,0.0,0.0,0.0,0.0,0.0,0.0,0.0,0.0,0.0,0.0,0.0
4fd60583.qasm,98,231861,145903,85958,0,111595,2,98,3243.0510204081634,22840,0.3707307395379128,0.3707307395379128,2.077700613826784,641,0.13486219229960025,1,8,47.83778124200191,91,81478,21464,0,143107,99785,143107,88754,0,28,0,0.0,0.0,0.0,99757.0,0.0,85958.0,43350.0,0.0,14.0,2768.0,0.0,0.0,0.0,0.0,0.0,0.0,0.0,0.0,0.0,0.0,14.0,0.0,0.0,0.0,0.0,0.0,0.0,0.0,0.0,0.0,0.0,0.0,0.0,0.0,0.0,0.0,0.0,0.0,0.0,0.0,0.0,0.0,0.0,0.0,0.0,0.0,0.0,0.0,0.0,0.0,0.0,0.0,0.0,0.0,0.0,0.0,0.0,0.0,0.0,0.0,0.0,0.0,0.0,0.0,0.0
4ffb1090.qasm,129,32,0,0,32,32,67,129,16.62015503875969,32,0.0,1.0,1.0,6272,0.7596899224806202,1,66,31.45771144278607,128,35904,2112,0,0,0,0,0,0,0,0,0.0,0.0,0.0,0.0,0.0,0.0,0.0,0.0,0.0,0.0,0.0,0.0,0.0,0.0,0.0,0.0,0.0,0.0,0.0,0.0,0.0,32.0,0.0,0.0,0.0,0.0,0.0,0.0,0.0,0.0,0.0,0.0,0.0,0.0,0.0,0.0,0.0,0.0,0.0,0.0,0.0,0.0,0.0,0.0,0.0,0.0,0.0,0.0,0.0,0.0,0.0,0.0,0.0,0.0,0.0,0.0,0.0,0.0,0.0,0.0,0.0,0.0,0.0,0.0,0.0
5050d142.qasm,41,62,42,0,20,22,3,41,2.4878048780487805,22,0.0,0.3225806451612903,2.8181818181818183,60,0.07317073170731707,1,2,20.333333333333332,40,40,40,0,40,0,40,2,0,0,0,0.0,0.0,40.0,0.0,0.0,0.0,0.0,0.0,0.0,2.0,0.0,0.0,0.0,0.0,0.0,0.0,0.0,0.0,0.0,0.0,0.0,0.0,0.0,0.0,20.0,0.0,0.0,0.0,0.0,0.0,0.0,0.0,0.0,0.0,0.0,0.0,0.0,0.0,0.0,0.0,0.0,0.0,0.0,0.0,0.0,0.0,0.0,0.0,0.0,0.0,0.0,0.0,0.0,0.0,0.0,0.0,0.0,0.0,0.0,0.0,0.0,0.0,0.0,0.0,0.0
51b16166.qasm,24,7120,5950,1170,0,501,2,24,345.4166666666667,442,0.16432584269662923,0.16432584269662923,14.211576846307386,37,0.13405797101449277,1,3,2.8923076923076922,6,198,126,0,4145,1430,4145,2975,0,384,0,115.0,771.0,1034.0,1046.0,1560.0,1170.0,390.0,650.0,384.0,0.0,0.0,0.0,0.0,0.0,0.0,0.0,0.0,0.0,0.0,0.0,0.0,0.0,0.0,0.0,0.0,0.0,0.0,0.0,0.0,0.0,0.0,0.0,0.0,0.0,0.0,0.0,0.0,0.0,0.0,0.0,0.0,0.0,0.0,0.0,0.0,0.0,0.0,0.0,0.0,0.0,0.0,0.0,0.0,0.0,0.0,0.0,0.0,0.0,0.0,0.0,0.0,0.0,0.0,0.0,0.0
51b543de.qasm,53,23473,19603,3870,0,717,2,53,515.9056603773585,631,0.1648702764878797,0.1648702764878797,32.73779637377964,86,0.062409288824383166,1,5,4.093023255813954,10,450,180,0,13634,4730,13634,9839,0,1280,0,368.0,2539.0,3366.0,3450.0,5160.0,3870.0,1290.0,2150.0,1280.0,0.0,0.0,0.0,0.0,0.0,0.0,0.0,0.0,0.0,0.0,0.0,0.0,0.0,0.0,0.0,0.0,0.0,0.0,0.0,0.0,0.0,0.0,0.0,0.0,0.0,0.0,0.0,0.0,0.0,0.0,0.0,0.0,0.0,0.0,0.0,0.0,0.0,0.0,0.0,0.0,0.0,0.0,0.0,0.0,0.0,0.0,0.0,0.0,0.0,0.0,0.0,0.0,0.0,0.0,0.0,0.0
52b00428.qasm,53,16447,13738,2709,0,503,2,53,361.4339622641509,442,0.16471088952392535,0.16471088952392535,32.69781312127237,86,0.062409288824383166,1,5,3.6511627906976742,10,279,126,0,9571,3311,9571,6876,0,895,0,265.0,1767.0,2375.0,2416.0,3612.0,2709.0,903.0,1505.0,895.0,0.0,0.0,0.0,0.0,0.0,0.0,0.0,0.0,0.0,0.0,0.0,0.0,0.0,0.0,0.0,0.0,0.0,0.0,0.0,0.0,0.0,0.0,0.0,0.0,0.0,0.0,0.0,0.0,0.0,0.0,0.0,0.0,0.0,0.0,0.0,0.0,0.0,0.0,0.0,0.0,0.0,0.0,0.0,0.0,0.0,0.0,0.0,0.0,0.0,0.0,0.0,0.0,0.0,0.0,0.0,0.0
53442dc5.qasm,8,48,9,39,0,18,2,8,10.875,11,0.8125,0.8125,2.6666666666666665,28,1.0,1,7,2.7435897435897436,7,21,10,0,28,28,28,20,0,0,0,0.0,0.0,0.0,0.0,0.0,7.0,0.0,0.0,0.0,9.0,0.0,0.0,0.0,0.0,0.0,28.0,0.0,0.0,0.0,0.0,0.0,0.0,0.0,0.0,0.0,0.0,0.0,4.0,0.0,0.0,0.0,0.0,0.0,0.0,0.0,0.0,0.0,0.0,0.0,0.0,0.0,0.0,0.0,0.0,0.0,0.0,0.0,0.0,0.0,0.0,0.0,0.0,0.0,0.0,0.0,0.0,0.0,0.0,0.0,0.0,0.0,0.0,0.0,0.0,0.0
5357322a.qasm,28,2991,2069,922,0,2483,2,28,139.75,1301,0.30825810765630224,0.30825810765630224,1.2045912202980267,108,0.2857142857142857,1,7,4.036876355748373,23,524,404,0,2049,1539,2049,942,0,0,0,0.0,0.0,0.0,1539.0,0.0,922.0,510.0,0.0,0.0,20.0,0.0,0.0,0.0,0.0,0.0,0.0,0.0,0.0,0.0,0.0,0.0,0.0,0.0,0.0,0.0,0.0,0.0,0.0,0.0,0.0,0.0,0.0,0.0,0.0,0.0,0.0,0.0,0.0,0.0,0.0,0.0,0.0,0.0,0.0,0.0,0.0,0.0,0.0,0.0,0.0,0.0,0.0,0.0,0.0,0.0,0.0,0.0,0.0,0.0,0.0,0.0,0.0,0.0,0.0,0.0
5385a9e9.qasm,47,13861,11584,2277,0,502,2,47,343.36170212765956,442,0.16427386191472476,0.16427386191472476,27.611553784860558,74,0.06845513413506013,1,4,3.4071146245059287,9,243,126,0,8077,2783,8077,5784,0,745,0,234.0,1497.0,2010.0,2038.0,3036.0,2277.0,759.0,1265.0,745.0,0.0,0.0,0.0,0.0,0.0,0.0,0.0,0.0,0.0,0.0,0.0,0.0,0.0,0.0,0.0,0.0,0.0,0.0,0.0,0.0,0.0,0.0,0.0,0.0,0.0,0.0,0.0,0.0,0.0,0.0,0.0,0.0,0.0,0.0,0.0,0.0,0.0,0.0,0.0,0.0,0.0,0.0,0.0,0.0,0.0,0.0,0.0,0.0,0.0,0.0,0.0,0.0,0.0,0.0,0.0,0.0
53e971c2.qasm,16,87,0,73,14,81,3,16,11.75,80,0.8390804597701149,1.0,1.0740740740740742,22,0.18333333333333332,1,2,4.834782608695652,8,77,94,0,0,0,0,73,0,0,0,0.0,0.0,0.0,0.0,0.0,73.0,0.0,0.0,0.0,0.0,0.0,0.0,0.0,0.0,0.0,0.0,14.0,0.0,0.0,0.0,0.0,0.0,0.0,0.0,0.0,0.0,0.0,0.0,0.0,0.0,0.0,0.0,0.0,0.0,0.0,0.0,0.0,0.0,0.0,0.0,0.0,0.0,0.0,0.0,0.0,0.0,0.0,0.0,0.0,0.0,0.0,0.0,0.0,0.0,0.0,0.0,0.0,0.0,0.0,0.0,0.0,0.0,0.0,0.0,0.0
54c8f710.qasm,8,14,4,10,0,8,2,8,3.0,4,0.7142857142857143,0.7142857142857143,1.75,7,0.25,1,1,1.0,1,2,3,0,0,0,0,14,0,0,0,0.0,0.0,0.0,0.0,0.0,10.0,0.0,0.0,0.0,4.0,0.0,0.0,0.0,0.0,0.0,0.0,0.0,0.0,0.0,0.0,0.0,0.0,0.0,0.0,0.0,0.0,0.0,0.0,0.0,0.0,0.0,0.0,0.0,0.0,0.0,0.0,0.0,0.0,0.0,0.0,0.0,0.0,0.0,0.0,0.0,0.0,0.0,0.0,0.0,0.0,0.0,0.0,0.0,0.0,0.0,0.0,0.0,0.0,0.0,0.0,0.0,0.0,0.0,0.0,0.0
54f0b8c5.qasm,31,779,361,389,29,363,3,31,39.54838709677419,125,0.4993581514762516,0.5365853658536586,2.1460055096418733,89,0.1913978494623656,1,6,10.716386554621849,23,302,81,0,233,263,233,421,96,0,0,62.0,0.0,0.0,0.0,4.0,389.0,0.0,0.0,0.0,10.0,161.0,22.0,48.0,48.0,6.0,0.0,0.0,29.0,0.0,0.0,0.0,0.0,0.0,0.0,0.0,0.0,0.0,0.0,0.0,0.0,0.0,0.0,0.0,0.0,0.0,0.0,0.0,0.0,0.0,0.0,0.0,0.0,0.0,0.0,0.0,0.0,0.0,0.0,0.0,0.0,0.0,0.0,0.0,0.0,0.0,0.0,0.0,0.0,0.0,0.0,0.0,0.0,0.0,0.0,0.0
551cc6ea.qasm,56,2037,0,2037,0,93,2,56,72.75,84,1.0,1.0,21.903225806451612,97,0.06298701298701298,1,10,4.030927835051546,7,168,84,0,2037,970,2037,0,0,0,0,0.0,0.0,0.0,0.0,0.0,0.0,0.0,0.0,0.0,0.0,0.0,0.0,0.0,0.0,0.0,0.0,0.0,0.0,0.0,970.0,0.0,0.0,0.0,0.0,0.0,0.0,0.0,0.0,0.0,0.0,1067.0,0.0,0.0,0.0,0.0,0.0,0.0,0.0,0.0,0.0,0.0,0.0,0.0,0.0,0.0,0.0,0.0,0.0,0.0,0.0,0.0,0.0,0.0,0.0,0.0,0.0,0.0,0.0,0.0,0.0,0.0,0.0,0.0,0.0,0.0
568c1ef9.qasm,31,30,0,1,29,30,4,31,3.4838709677419355,5,0.03333333333333333,1.0,1.0,60,0.12903225806451613,1,3,12.227586206896552,22,92,14,0,0,0,0,1,0,0,0,0.0,0.0,0.0,0.0,0.0,1.0,0.0,0.0,0.0,0.0,0.0,0.0,0.0,0.0,0.0,0.0,0.0,0.0,0.0,0.0,0.0,0.0,0.0,0.0,0.0,0.0,0.0,0.0,0.0,0.0,0.0,0.0,0.0,0.0,0.0,0.0,0.0,0.0,0.0,0.0,0.0,0.0,0.0,0.0,0.0,10.0,10.0,9.0,0.0,0.0,0.0,0.0,0.0,0.0,0.0,0.0,0.0,0.0,0.0,0.0,0.0,0.0,0.0,0.0,0.0
574915eb.qasm,85,331,118,213,0,13,2,85,6.4,9,0.6435045317220544,0.6435045317220544,25.46153846153846,208,0.05826330532212885,1,22,9.206572769953052,17,33,8,0,0,5,0,326,5,0,0,0.0,0.0,0.0,0.0,0.0,213.0,0.0,0.0,0.0,113.0,0.0,0.0,0.0,5.0,0.0,0.0,0.0,0.0,0.0,0.0,0.0,0.0,0.0,0.0,0.0,0.0,0.0,0.0,0.0,0.0,0.0,0.0,0.0,0.0,0.0,0.0,0.0,0.0,0.0,0.0,0.0,0.0,0.0,0.0,0.0,0.0,0.0,0.0,0.0,0.0,0.0,0.0,0.0,0.0,0.0,0.0,0.0,0.0,0.0,0.0,0.0,0.0,0.0,0.0,0.0
577f5adb.qasm,115,173,116,0,57,59,3,115,2.4956521739130433,59,0.0,0.32947976878612717,2.9322033898305087,171,0.02608695652173913,1,2,57.333333333333336,114,114,114,0,114,0,114,2,0,0,0,0.0,0.0,0.0,0.0,0.0,0.0,114.0,0.0,0.0,2.0,0.0,0.0,0.0,0.0,0.0,0.0,0.0,0.0,0.0,0.0,0.0,0.0,0.0,0.0,57.0,0.0,0.0,0.0,0.0,0.0,0.0,0.0,0.0,0.0,0.0,0.0,0.0,0.0,0.0,0.0,0.0,0.0,0.0,0.0,0.0,0.0,0.0,0.0,0.0,0.0,0.0,0.0,0.0,0.0,0.0,0.0,0.0,0.0,0.0,0.0,0.0,0.0,0.0,0.0,0.0
587be285.qasm,36,10940,9140,1800,0,501,2,36,353.8888888888889,442,0.16453382084095064,0.16453382084095064,21.836327345309382,57,0.09047619047619047,1,4,3.13,7,225,126,0,6360,2200,6360,4580,0,594,0,175.0,1186.0,1579.0,1606.0,2400.0,1800.0,600.0,1000.0,594.0,0.0,0.0,0.0,0.0,0.0,0.0,0.0,0.0,0.0,0.0,0.0,0.0,0.0,0.0,0.0,0.0,0.0,0.0,0.0,0.0,0.0,0.0,0.0,0.0,0.0,0.0,0.0,0.0,0.0,0.0,0.0,0.0,0.0,0.0,0.0,0.0,0.0,0.0,0.0,0.0,0.0,0.0,0.0,0.0,0.0,0.0,0.0,0.0,0.0,0.0,0.0,0.0,0.0,0.0,0.0,0.0
588e0101.qasm,28,133,62,71,0,13,2,28,7.285714285714286,9,0.5338345864661654,0.5338345864661654,10.23076923076923,71,0.18783068783068782,1,9,6.070422535211268,14,23,7,0,0,4,0,129,4,0,0,0.0,0.0,0.0,0.0,0.0,71.0,0.0,0.0,0.0,58.0,0.0,0.0,0.0,4.0,0.0,0.0,0.0,0.0,0.0,0.0,0.0,0.0,0.0,0.0,0.0,0.0,0.0,0.0,0.0,0.0,0.0,0.0,0.0,0.0,0.0,0.0,0.0,0.0,0.0,0.0,0.0,0.0,0.0,0.0,0.0,0.0,0.0,0.0,0.0,0.0,0.0,0.0,0.0,0.0,0.0,0.0,0.0,0.0,0.0,0.0,0.0,0.0,0.0,0.0,0.0
591d39f6.qasm,53,21131,17648,3483,0,645,2,53,464.41509433962267,568,0.1648289243291846,0.1648289243291846,32.76124031007752,86,0.062409288824383166,1,5,4.4366925064599485,10,441,162,0,12271,4257,12271,8860,0,1153,0,333.0,2289.0,3029.0,3104.0,4644.0,3483.0,1161.0,1935.0,1153.0,0.0,0.0,0.0,0.0,0.0,0.0,0.0,0.0,0.0,0.0,0.0,0.0,0.0,0.0,0.0,0.0,0.0,0.0,0.0,0.0,0.0,0.0,0.0,0.0,0.0,0.0,0.0,0.0,0.0,0.0,0.0,0.0,0.0,0.0,0.0,0.0,0.0,0.0,0.0,0.0,0.0,0.0,0.0,0.0,0.0,0.0,0.0,0.0,0.0,0.0,0.0,0.0,0.0,0.0,0.0,0.0
59267ce4.qasm,32,46,31,15,0,17,2,16,1.90625,16,0.32608695652173914,0.32608695652173914,2.7058823529411766,15,0.03024193548387097,17,1,16.0,30,15,15,0,0,15,0,46,0,0,16,0.0,0.0,0.0,0.0,0.0,0.0,0.0,0.0,0.0,30.0,0.0,1.0,0.0,0.0,0.0,0.0,0.0,0.0,15.0,0.0,0.0,0.0,0.0,0.0,0.0,0.0,0.0,0.0,0.0,0.0,0.0,0.0,0.0,0.0,0.0,0.0,0.0,0.0,0.0,0.0,0.0,0.0,0.0,0.0,0.0,0.0,0.0,0.0,0.0,0.0,0.0,0.0,0.0,0.0,0.0,0.0,0.0,0.0,0.0,0.0,0.0,0.0,0.0,0.0,0.0
5a4964e2.qasm,53,23473,19603,3870,0,717,2,53,515.9056603773585,631,0.1648702764878797,0.1648702764878797,32.73779637377964,86,0.062409288824383166,1,5,4.093023255813954,10,450,180,0,13637,4730,13637,9836,0,1280,0,369.0,2536.0,3368.0,3450.0,5160.0,3870.0,1290.0,2150.0,1280.0,0.0,0.0,0.0,0.0,0.0,0.0,0.0,0.0,0.0,0.0,0.0,0.0,0.0,0.0,0.0,0.0,0.0,0.0,0.0,0.0,0.0,0.0,0.0,0.0,0.0,0.0,0.0,0.0,0.0,0.0,0.0,0.0,0.0,0.0,0.0,0.0,0.0,0.0,0.0,0.0,0.0,0.0,0.0,0.0,0.0,0.0,0.0,0.0,0.0,0.0,0.0,0.0,0.0,0.0,0.0,0.0
5a741dbe.qasm,18,545,297,118,130,202,3,18,51.27777777777778,65,0.21651376146788992,0.45504587155963305,2.698019801980198,36,0.23529411764705882,1,4,5.828740157480315,13,261,104,65,0,12,0,350,0,0,0,0.0,0.0,0.0,0.0,0.0,118.0,0.0,0.0,0.0,78.0,0.0,142.0,0.0,0.0,0.0,0.0,0.0,130.0,0.0,0.0,0.0,0.0,0.0,0.0,0.0,0.0,0.0,0.0,0.0,0.0,0.0,0.0,0.0,65.0,12.0,0.0,0.0,0.0,0.0,0.0,0.0,0.0,0.0,0.0,0.0,0.0,0.0,0.0,0.0,0.0,0.0,0.0,0.0,0.0,0.0,0.0,0.0,0.0,0.0,0.0,0.0,0.0,0.0,0.0,0.0
5a9f20b0.qasm,53,15823,13222,2601,0,503,2,53,347.62264150943395,442,0.1643809644188839,0.1643809644188839,31.457256461232603,86,0.062409288824383166,1,5,3.6505190311418687,10,270,126,0,9211,3179,9211,6612,0,859,0,265.0,1707.0,2291.0,2320.0,3468.0,2601.0,867.0,1445.0,859.0,0.0,0.0,0.0,0.0,0.0,0.0,0.0,0.0,0.0,0.0,0.0,0.0,0.0,0.0,0.0,0.0,0.0,0.0,0.0,0.0,0.0,0.0,0.0,0.0,0.0,0.0,0.0,0.0,0.0,0.0,0.0,0.0,0.0,0.0,0.0,0.0,0.0,0.0,0.0,0.0,0.0,0.0,0.0,0.0,0.0,0.0,0.0,0.0,0.0,0.0,0.0,0.0,0.0,0.0,0.0,0.0
5b419375.qasm,140,714,212,502,0,17,2,140,8.685714285714285,13,0.7030812324929971,0.7030812324929971,42.0,492,0.05056526207605344,1,38,13.717131474103585,28,74,10,0,0,20,0,694,20,0,0,0.0,0.0,0.0,0.0,0.0,502.0,0.0,0.0,0.0,192.0,0.0,0.0,0.0,20.0,0.0,0.0,0.0,0.0,0.0,0.0,0.0,0.0,0.0,0.0,0.0,0.0,0.0,0.0,0.0,0.0,0.0,0.0,0.0,0.0,0.0,0.0,0.0,0.0,0.0,0.0,0.0,0.0,0.0,0.0,0.0,0.0,0.0,0.0,0.0,0.0,0.0,0.0,0.0,0.0,0.0,0.0,0.0,0.0,0.0,0.0,0.0,0.0,0.0,0.0,0.0
5b482142.qasm,2,11,8,3,0,7,2,2,7.0,7,0.2727272727272727,0.2727272727272727,1.5714285714285714,1,1.0,1,1,1.0,1,3,3,0,8,0,8,3,0,0,0,0.0,0.0,0.0,0.0,8.0,3.0,0.0,0.0,0.0,0.0,0.0,0.0,0.0,0.0,0.0,0.0,0.0,0.0,0.0,0.0,0.0,0.0,0.0,0.0,0.0,0.0,0.0,0.0,0.0,0.0,0.0,0.0,0.0,0.0,0.0,0.0,0.0,0.0,0.0,0.0,0.0,0.0,0.0,0.0,0.0,0.0,0.0,0.0,0.0,0.0,0.0,0.0,0.0,0.0,0.0,0.0,0.0,0.0,0.0,0.0,0.0,0.0,0.0,0.0,0.0
5b58ce32.qasm,4,89,80,9,0,27,2,4,24.5,26,0.10112359550561797,0.10112359550561797,3.2962962962962963,3,0.5,1,1,1.0,1,3,6,0,48,48,48,41,0,0,0,0.0,32.0,0.0,48.0,0.0,9.0,0.0,0.0,0.0,0.0,0.0,0.0,0.0,0.0,0.0,0.0,0.0,0.0,0.0,0.0,0.0,0.0,0.0,0.0,0.0,0.0,0.0,0.0,0.0,0.0,0.0,0.0,0.0,0.0,0.0,0.0,0.0,0.0,0.0,0.0,0.0,0.0,0.0,0.0,0.0,0.0,0.0,0.0,0.0,0.0,0.0,0.0,0.0,0.0,0.0,0.0,0.0,0.0,0.0,0.0,0.0,0.0,0.0,0.0,0.0
5c176f37.qasm,56,1280,504,776,0,50,2,56,36.714285714285715,41,0.60625,0.60625,25.6,97,0.06298701298701298,1,10,4.030927835051546,7,64,32,0,1280,776,1280,0,0,0,0,0.0,0.0,0.0,0.0,0.0,0.0,504.0,0.0,0.0,0.0,0.0,0.0,0.0,0.0,0.0,0.0,0.0,0.0,0.0,776.0,0.0,0.0,0.0,0.0,0.0,0.0,0.0,0.0,0.0,0.0,0.0,0.0,0.0,0.0,0.0,0.0,0.0,0.0,0.0,0.0,0.0,0.0,0.0,0.0,0.0,0.0,0.0,0.0,0.0,0.0,0.0,0.0,0.0,0.0,0.0,0.0,0.0,0.0,0.0,0.0,0.0,0.0,0.0,0.0,0.0
5c2359c8.qasm,64,2296,187,2108,1,313,62,64,69.765625,125,0.9181184668989547,0.9185540069686411,7.335463258785943,2015,0.9995039682539683,1,62,21.565891472868216,62,2046,126,0,2077,2015,2077,218,0,0,0,0.0,0.0,0.0,0.0,0.0,0.0,0.0,0.0,0.0,186.0,0.0,1.0,0.0,0.0,0.0,2015.0,0.0,0.0,0.0,0.0,0.0,0.0,0.0,0.0,0.0,1.0,62.0,31.0,0.0,0.0,0.0,0.0,0.0,0.0,0.0,0.0,0.0,0.0,0.0,0.0,0.0,0.0,0.0,0.0,0.0,0.0,0.0,0.0,0.0,0.0,0.0,0.0,0.0,0.0,0.0,0.0,0.0,0.0,0.0,0.0,0.0,0.0,0.0,0.0,0.0
5cfcb9cd.qasm,128,4342,4342,0,0,41,1,128,33.921875,41,0.0,0.0,105.90243902439025,0,0.0,128,0,0.0,0,0,0,0,4300,4300,4300,42,0,0,0,0.0,0.0,0.0,0.0,0.0,0.0,0.0,0.0,0.0,42.0,4300.0,0.0,0.0,0.0,0.0,0.0,0.0,0.0,0.0,0.0,0.0,0.0,0.0,0.0,0.0,0.0,0.0,0.0,0.0,0.0,0.0,0.0,0.0,0.0,0.0,0.0,0.0,0.0,0.0,0.0,0.0,0.0,0.0,0.0,0.0,0.0,0.0,0.0,0.0,0.0,0.0,0.0,0.0,0.0,0.0,0.0,0.0,0.0,0.0,0.0,0.0,0.0,0.0,0.0,0.0
5d14d092.qasm,45,13935,11640,2295,0,501,2,45,360.6666666666667,442,0.16469321851453175,0.16469321851453175,27.81437125748503,73,0.07373737373737374,1,5,3.3529411764705883,8,252,126,0,8099,2805,8099,5836,0,751,0,220.0,1515.0,2000.0,2054.0,3060.0,2295.0,765.0,1275.0,751.0,0.0,0.0,0.0,0.0,0.0,0.0,0.0,0.0,0.0,0.0,0.0,0.0,0.0,0.0,0.0,0.0,0.0,0.0,0.0,0.0,0.0,0.0,0.0,0.0,0.0,0.0,0.0,0.0,0.0,0.0,0.0,0.0,0.0,0.0,0.0,0.0,0.0,0.0,0.0,0.0,0.0,0.0,0.0,0.0,0.0,0.0,0.0,0.0,0.0,0.0,0.0,0.0,0.0,0.0,0.0,0.0
5d2b11a2.qasm,53,14105,11783,2322,0,432,2,53,309.9433962264151,379,0.16462247429989366,0.16462247429989366,32.65046296296296,86,0.062409288824383166,1,5,4.093023255813954,10,270,108,0,8207,2838,8207,5898,0,768,0,232.0,1518.0,2035.0,2070.0,3096.0,2322.0,774.0,1290.0,768.0,0.0,0.0,0.0,0.0,0.0,0.0,0.0,0.0,0.0,0.0,0.0,0.0,0.0,0.0,0.0,0.0,0.0,0.0,0.0,0.0,0.0,0.0,0.0,0.0,0.0,0.0,0.0,0.0,0.0,0.0,0.0,0.0,0.0,0.0,0.0,0.0,0.0,0.0,0.0,0.0,0.0,0.0,0.0,0.0,0.0,0.0,0.0,0.0,0.0,0.0,0.0,0.0,0.0,0.0,0.0,0.0
5d565485.qasm,53,14105,11783,2322,0,432,2,53,309.9433962264151,379,0.16462247429989366,0.16462247429989366,32.65046296296296,86,0.062409288824383166,1,5,4.093023255813954,10,270,108,0,8191,2838,8191,5914,0,768,0,226.0,1534.0,2025.0,2070.0,3096.0,2322.0,774.0,1290.0,768.0,0.0,0.0,0.0,0.0,0.0,0.0,0.0,0.0,0.0,0.0,0.0,0.0,0.0,0.0,0.0,0.0,0.0,0.0,0.0,0.0,0.0,0.0,0.0,0.0,0.0,0.0,0.0,0.0,0.0,0.0,0.0,0.0,0.0,0.0,0.0,0.0,0.0,0.0,0.0,0.0,0.0,0.0,0.0,0.0,0.0,0.0,0.0,0.0,0.0,0.0,0.0,0.0,0.0,0.0,0.0,0.0
5da1db4b.qasm,43,12865,10750,2115,0,501,2,43,348.3720930232558,442,0.16439953361834433,0.16439953361834433,25.67864271457086,69,0.07641196013289037,1,4,3.3404255319148937,8,243,126,0,7493,2585,7493,5372,0,691,0,211.0,1391.0,1863.0,1894.0,2820.0,2115.0,705.0,1175.0,691.0,0.0,0.0,0.0,0.0,0.0,0.0,0.0,0.0,0.0,0.0,0.0,0.0,0.0,0.0,0.0,0.0,0.0,0.0,0.0,0.0,0.0,0.0,0.0,0.0,0.0,0.0,0.0,0.0,0.0,0.0,0.0,0.0,0.0,0.0,0.0,0.0,0.0,0.0,0.0,0.0,0.0,0.0,0.0,0.0,0.0,0.0,0.0,0.0,0.0,0.0,0.0,0.0,0.0,0.0,0.0,0.0
5e3dc35d.qasm,8,12,0,10,2,9,4,8,3.5,6,0.8333333333333334,1.0,1.3333333333333333,16,0.5714285714285714,1,4,3.1818181818181817,7,15,10,0,10,10,10,0,0,0,0,0.0,0.0,0.0,0.0,0.0,0.0,0.0,0.0,0.0,0.0,0.0,0.0,0.0,0.0,0.0,10.0,0.0,0.0,0.0,0.0,0.0,2.0,0.0,0.0,0.0,0.0,0.0,0.0,0.0,0.0,0.0,0.0,0.0,0.0,0.0,0.0,0.0,0.0,0.0,0.0,0.0,0.0,0.0,0.0,0.0,0.0,0.0,0.0,0.0,0.0,0.0,0.0,0.0,0.0,0.0,0.0,0.0,0.0,0.0,0.0,0.0,0.0,0.0,0.0,0.0
5e4c8439.qasm,20,5760,4815,945,0,501,2,20,335.25,442,0.1640625,0.1640625,11.497005988023952,30,0.15789473684210525,1,3,2.5428571428571427,5,171,126,0,3351,1155,3351,2409,0,309,0,101.0,630.0,829.0,846.0,1260.0,945.0,315.0,525.0,309.0,0.0,0.0,0.0,0.0,0.0,0.0,0.0,0.0,0.0,0.0,0.0,0.0,0.0,0.0,0.0,0.0,0.0,0.0,0.0,0.0,0.0,0.0,0.0,0.0,0.0,0.0,0.0,0.0,0.0,0.0,0.0,0.0,0.0,0.0,0.0,0.0,0.0,0.0,0.0,0.0,0.0,0.0,0.0,0.0,0.0,0.0,0.0,0.0,0.0,0.0,0.0,0.0,0.0,0.0,0.0,0.0
5e6b0a76.qasm,11,70,26,36,8,37,3,11,11.090909090909092,23,0.5142857142857142,0.6285714285714286,1.8918918918918919,19,0.34545454545454546,1,3,3.4166666666666665,10,30,20,0,0,25,0,62,0,0,0,0.0,0.0,0.0,0.0,0.0,19.0,0.0,0.0,0.0,18.0,0.0,0.0,0.0,0.0,0.0,0.0,0.0,8.0,17.0,0.0,0.0,0.0,0.0,0.0,0.0,0.0,0.0,0.0,0.0,0.0,0.0,0.0,0.0,0.0,8.0,0.0,0.0,0.0,0.0,0.0,0.0,0.0,0.0,0.0,0.0,0.0,0.0,0.0,0.0,0.0,0.0,0.0,0.0,0.0,0.0,0.0,0.0,0.0,0.0,0.0,0.0,0.0,0.0,0.0,0.0
5eaee29f.qasm,16,184,43,140,1,73,14,16,21.0625,29,0.7608695652173914,0.7663043478260869,2.5205479452054793,119,0.9916666666666667,1,14,5.515151515151516,14,126,30,0,133,119,133,50,0,0,0,0.0,0.0,0.0,0.0,0.0,0.0,0.0,0.0,0.0,42.0,0.0,1.0,0.0,0.0,0.0,119.0,0.0,0.0,0.0,0.0,0.0,0.0,0.0,0.0,0.0,1.0,14.0,7.0,0.0,0.0,0.0,0.0,0.0,0.0,0.0,0.0,0.0,0.0,0.0,0.0,0.0,0.0,0.0,0.0,0.0,0.0,0.0,0.0,0.0,0.0,0.0,0.0,0.0,0.0,0.0,0.0,0.0,0.0,0.0,0.0,0.0,0.0,0.0,0.0,0.0
5ed4dd47.qasm,7,6,0,1,5,6,4,7,2.857142857142857,4,0.16666666666666666,1.0,1.0,12,0.5714285714285714,1,3,2.76,6,16,11,0,0,0,0,1,0,0,0,0.0,0.0,0.0,0.0,0.0,1.0,0.0,0.0,0.0,0.0,0.0,0.0,0.0,0.0,0.0,0.0,0.0,0.0,0.0,0.0,0.0,0.0,0.0,0.0,0.0,0.0,0.0,0.0,0.0,0.0,0.0,0.0,0.0,0.0,0.0,0.0,0.0,0.0,0.0,0.0,0.0,0.0,0.0,0.0,0.0,2.0,2.0,1.0,0.0,0.0,0.0,0.0,0.0,0.0,0.0,0.0,0.0,0.0,0.0,0.0,0.0,0.0,0.0,0.0,0.0
5ee9c404.qasm,16,158,31,127,0,46,2,16,17.8125,18,0.8037974683544303,0.8037974683544303,3.4347826086956523,120,1.0,1,15,5.7952755905511815,15,71,16,0,120,120,120,38,0,0,0,0.0,0.0,0.0,0.0,0.0,0.0,0.0,0.0,0.0,30.0,0.0,1.0,0.0,0.0,0.0,120.0,0.0,0.0,0.0,0.0,0.0,0.0,0.0,0.0,0.0,0.0,0.0,7.0,0.0,0.0,0.0,0.0,0.0,0.0,0.0,0.0,0.0,0.0,0.0,0.0,0.0,0.0,0.0,0.0,0.0,0.0,0.0,0.0,0.0,0.0,0.0,0.0,0.0,0.0,0.0,0.0,0.0,0.0,0.0,0.0,0.0,0.0,0.0,0.0,0.0
5ef5ff7c.qasm,53,15823,13222,2601,0,503,2,53,347.62264150943395,442,0.1643809644188839,0.1643809644188839,31.457256461232603,86,0.062409288824383166,1,5,3.6505190311418687,10,270,126,0,9193,3179,9193,6630,0,859,0,263.0,1725.0,2275.0,2320.0,3468.0,2601.0,867.0,1445.0,859.0,0.0,0.0,0.0,0.0,0.0,0.0,0.0,0.0,0.0,0.0,0.0,0.0,0.0,0.0,0.0,0.0,0.0,0.0,0.0,0.0,0.0,0.0,0.0,0.0,0.0,0.0,0.0,0.0,0.0,0.0,0.0,0.0,0.0,0.0,0.0,0.0,0.0,0.0,0.0,0.0,0.0,0.0,0.0,0.0,0.0,0.0,0.0,0.0,0.0,0.0,0.0,0.0,0.0,0.0,0.0,0.0
5f0ad979.qasm,41,12107,10118,1989,0,501,2,41,343.8048780487805,442,0.16428512430825143,0.16428512430825143,24.16566866267465,65,0.07926829268292683,1,4,3.248868778280543,8,216,126,0,7033,2431,7033,5074,0,657,0,202.0,1323.0,1742.0,1774.0,2652.0,1989.0,663.0,1105.0,657.0,0.0,0.0,0.0,0.0,0.0,0.0,0.0,0.0,0.0,0.0,0.0,0.0,0.0,0.0,0.0,0.0,0.0,0.0,0.0,0.0,0.0,0.0,0.0,0.0,0.0,0.0,0.0,0.0,0.0,0.0,0.0,0.0,0.0,0.0,0.0,0.0,0.0,0.0,0.0,0.0,0.0,0.0,0.0,0.0,0.0,0.0,0.0,0.0,0.0,0.0,0.0,0.0,0.0,0.0,0.0,0.0
5f39af5c.qasm,2,166,151,15,0,165,2,2,90.5,165,0.09036144578313253,0.09036144578313253,1.006060606060606,1,1.0,1,1,1.0,1,15,15,0,120,120,120,46,0,0,0,0.0,0.0,0.0,105.0,0.0,0.0,0.0,0.0,0.0,30.0,0.0,16.0,0.0,0.0,0.0,15.0,0.0,0.0,0.0,0.0,0.0,0.0,0.0,0.0,0.0,0.0,0.0,0.0,0.0,0.0,0.0,0.0,0.0,0.0,0.0,0.0,0.0,0.0,0.0,0.0,0.0,0.0,0.0,0.0,0.0,0.0,0.0,0.0,0.0,0.0,0.0,0.0,0.0,0.0,0.0,0.0,0.0,0.0,0.0,0.0,0.0,0.0,0.0,0.0,0.0
5f6a8a9b.qasm,8,112,47,50,15,99,3,8,24.0,53,0.44642857142857145,0.5803571428571429,1.1313131313131313,21,0.75,1,4,2.568421052631579,6,52,44,0,45,41,45,52,0,0,0,4.0,0.0,0.0,0.0,0.0,50.0,0.0,0.0,0.0,2.0,41.0,0.0,0.0,0.0,0.0,0.0,6.0,9.0,0.0,0.0,0.0,0.0,0.0,0.0,0.0,0.0,0.0,0.0,0.0,0.0,0.0,0.0,0.0,0.0,0.0,0.0,0.0,0.0,0.0,0.0,0.0,0.0,0.0,0.0,0.0,0.0,0.0,0.0,0.0,0.0,0.0,0.0,0.0,0.0,0.0,0.0,0.0,0.0,0.0,0.0,0.0,0.0,0.0,0.0,0.0
5f79d6db.qasm,41,12107,10118,1989,0,501,2,41,343.8048780487805,442,0.16428512430825143,0.16428512430825143,24.16566866267465,65,0.07926829268292683,1,4,3.248868778280543,8,216,126,0,7037,2431,7037,5070,0,657,0,206.0,1319.0,1742.0,1774.0,2652.0,1989.0,663.0,1105.0,657.0,0.0,0.0,0.0,0.0,0.0,0.0,0.0,0.0,0.0,0.0,0.0,0.0,0.0,0.0,0.0,0.0,0.0,0.0,0.0,0.0,0.0,0.0,0.0,0.0,0.0,0.0,0.0,0.0,0.0,0.0,0.0,0.0,0.0,0.0,0.0,0.0,0.0,0.0,0.0,0.0,0.0,0.0,0.0,0.0,0.0,0.0,0.0,0.0,0.0,0.0,0.0,0.0,0.0,0.0,0.0,0.0
613afa2d.qasm,28,7908,6612,1296,0,501,2,28,328.7142857142857,442,0.1638846737481032,0.1638846737481032,15.784431137724551,43,0.11375661375661375,1,3,2.8055555555555554,6,189,126,0,4599,1584,4599,3309,0,426,0,138.0,867.0,1143.0,1158.0,1728.0,1296.0,432.0,720.0,426.0,0.0,0.0,0.0,0.0,0.0,0.0,0.0,0.0,0.0,0.0,0.0,0.0,0.0,0.0,0.0,0.0,0.0,0.0,0.0,0.0,0.0,0.0,0.0,0.0,0.0,0.0,0.0,0.0,0.0,0.0,0.0,0.0,0.0,0.0,0.0,0.0,0.0,0.0,0.0,0.0,0.0,0.0,0.0,0.0,0.0,0.0,0.0,0.0,0.0,0.0,0.0,0.0,0.0,0.0,0.0,0.0
622c4417.qasm,53,15823,13222,2601,0,503,2,53,347.62264150943395,442,0.1643809644188839,0.1643809644188839,31.457256461232603,86,0.062409288824383166,1,5,3.6505190311418687,10,270,126,0,9196,3179,9196,6627,0,859,0,264.0,1722.0,2277.0,2320.0,3468.0,2601.0,867.0,1445.0,859.0,0.0,0.0,0.0,0.0,0.0,0.0,0.0,0.0,0.0,0.0,0.0,0.0,0.0,0.0,0.0,0.0,0.0,0.0,0.0,0.0,0.0,0.0,0.0,0.0,0.0,0.0,0.0,0.0,0.0,0.0,0.0,0.0,0.0,0.0,0.0,0.0,0.0,0.0,0.0,0.0,0.0,0.0,0.0,0.0,0.0,0.0,0.0,0.0,0.0,0.0,0.0,0.0,0.0,0.0,0.0,0.0
635bd24f.qasm,90,12169,8387,3782,0,10178,2,90,177.23333333333332,5191,0.31078971156216617,0.31078971156216617,1.1956179996069956,403,0.10062421972534331,3,9,9.959809624537282,83,2182,1608,0,8307,6261,8307,3862,0,0,0,0.0,0.0,0.0,6261.0,0.0,3782.0,2046.0,0.0,0.0,80.0,0.0,0.0,0.0,0.0,0.0,0.0,0.0,0.0,0.0,0.0,0.0,0.0,0.0,0.0,0.0,0.0,0.0,0.0,0.0,0.0,0.0,0.0,0.0,0.0,0.0,0.0,0.0,0.0,0.0,0.0,0.0,0.0,0.0,0.0,0.0,0.0,0.0,0.0,0.0,0.0,0.0,0.0,0.0,0.0,0.0,0.0,0.0,0.0,0.0,0.0,0.0,0.0,0.0,0.0,0.0
637811d8.qasm,49,14619,12216,2403,0,502,2,49,347.38775510204084,442,0.16437512825774678,0.16437512825774678,29.121513944223107,78,0.0663265306122449,1,4,3.4794007490636703,9,270,126,0,8507,2937,8507,6112,0,787,0,231.0,1587.0,2121.0,2150.0,3204.0,2403.0,801.0,1335.0,787.0,0.0,0.0,0.0,0.0,0.0,0.0,0.0,0.0,0.0,0.0,0.0,0.0,0.0,0.0,0.0,0.0,0.0,0.0,0.0,0.0,0.0,0.0,0.0,0.0,0.0,0.0,0.0,0.0,0.0,0.0,0.0,0.0,0.0,0.0,0.0,0.0,0.0,0.0,0.0,0.0,0.0,0.0,0.0,0.0,0.0,0.0,0.0,0.0,0.0,0.0,0.0,0.0,0.0,0.0,0.0,0.0
63aaa50d.qasm,32,544,32,512,0,64,2,32,33.0,33,0.9411764705882353,0.9411764705882353,8.5,496,1.0,1,31,11.15625,31,272,32,0,496,496,496,48,0,0,0,0.0,0.0,0.0,0.0,0.0,0.0,0.0,0.0,0.0,32.0,0.0,0.0,0.0,0.0,0.0,496.0,0.0,0.0,0.0,0.0,0.0,0.0,0.0,0.0,0.0,0.0,0.0,16.0,0.0,0.0,0.0,0.0,0.0,0.0,0.0,0.0,0.0,0.0,0.0,0.0,0.0,0.0,0.0,0.0,0.0,0.0,0.0,0.0,0.0,0.0,0.0,0.0,0.0,0.0,0.0,0.0,0.0,0.0,0.0,0.0,0.0,0.0,0.0,0.0,0.0
64273f69.qasm,36,10940,9140,1800,0,501,2,36,353.8888888888889,442,0.16453382084095064,0.16453382084095064,21.836327345309382,57,0.09047619047619047,1,4,3.13,7,225,126,0,6355,2200,6355,4585,0,594,0,177.0,1191.0,1572.0,1606.0,2400.0,1800.0,600.0,1000.0,594.0,0.0,0.0,0.0,0.0,0.0,0.0,0.0,0.0,0.0,0.0,0.0,0.0,0.0,0.0,0.0,0.0,0.0,0.0,0.0,0.0,0.0,0.0,0.0,0.0,0.0,0.0,0.0,0.0,0.0,0.0,0.0,0.0,0.0,0.0,0.0,0.0,0.0,0.0,0.0,0.0,0.0,0.0,0.0,0.0,0.0,0.0,0.0,0.0,0.0,0.0,0.0,0.0,0.0,0.0,0.0,0.0
6457f235.qasm,35,126,53,73,0,10,2,35,5.685714285714286,7,0.5793650793650794,0.5793650793650794,12.6,73,0.1226890756302521,1,7,4.191780821917808,7,12,6,0,0,5,0,121,5,0,0,0.0,0.0,0.0,0.0,0.0,73.0,0.0,0.0,0.0,48.0,0.0,0.0,0.0,5.0,0.0,0.0,0.0,0.0,0.0,0.0,0.0,0.0,0.0,0.0,0.0,0.0,0.0,0.0,0.0,0.0,0.0,0.0,0.0,0.0,0.0,0.0,0.0,0.0,0.0,0.0,0.0,0.0,0.0,0.0,0.0,0.0,0.0,0.0,0.0,0.0,0.0,0.0,0.0,0.0,0.0,0.0,0.0,0.0,0.0,0.0,0.0,0.0,0.0,0.0,0.0
64731b8d.qasm,51,15481,12934,2547,0,502,2,51,353.4901960784314,442,0.16452425553904787,0.16452425553904787,30.838645418326692,84,0.06588235294117648,1,5,3.6431095406360425,9,270,126,0,9011,3113,9011,6470,0,831,0,243.0,1677.0,2241.0,2282.0,3396.0,2547.0,849.0,1415.0,831.0,0.0,0.0,0.0,0.0,0.0,0.0,0.0,0.0,0.0,0.0,0.0,0.0,0.0,0.0,0.0,0.0,0.0,0.0,0.0,0.0,0.0,0.0,0.0,0.0,0.0,0.0,0.0,0.0,0.0,0.0,0.0,0.0,0.0,0.0,0.0,0.0,0.0,0.0,0.0,0.0,0.0,0.0,0.0,0.0,0.0,0.0,0.0,0.0,0.0,0.0,0.0,0.0,0.0,0.0,0.0,0.0
64f32748.qasm,49,14619,12216,2403,0,502,2,49,347.38775510204084,442,0.16437512825774678,0.16437512825774678,29.121513944223107,78,0.0663265306122449,1,4,3.4794007490636703,9,270,126,0,8504,2937,8504,6115,0,787,0,243.0,1590.0,2106.0,2150.0,3204.0,2403.0,801.0,1335.0,787.0,0.0,0.0,0.0,0.0,0.0,0.0,0.0,0.0,0.0,0.0,0.0,0.0,0.0,0.0,0.0,0.0,0.0,0.0,0.0,0.0,0.0,0.0,0.0,0.0,0.0,0.0,0.0,0.0,0.0,0.0,0.0,0.0,0.0,0.0,0.0,0.0,0.0,0.0,0.0,0.0,0.0,0.0,0.0,0.0,0.0,0.0,0.0,0.0,0.0,0.0,0.0,0.0,0.0,0.0,0.0,0.0
6533abd6.qasm,256,98944,1024,97920,0,1025,2,256,769.0,769,0.9896507115135834,0.9896507115135834,96.53073170731707,32640,1.0,1,255,85.66666666666667,255,49152,765,0,1024,0,1024,97920,0,0,0,0.0,0.0,1024.0,0.0,0.0,97920.0,0.0,0.0,0.0,0.0,0.0,0.0,0.0,0.0,0.0,0.0,0.0,0.0,0.0,0.0,0.0,0.0,0.0,0.0,0.0,0.0,0.0,0.0,0.0,0.0,0.0,0.0,0.0,0.0,0.0,0.0,0.0,0.0,0.0,0.0,0.0,0.0,0.0,0.0,0.0,0.0,0.0,0.0,0.0,0.0,0.0,0.0,0.0,0.0,0.0,0.0,0.0,0.0,0.0,0.0,0.0,0.0,0.0,0.0,0.0
65dcd512.qasm,32,576,33,543,0,66,2,32,34.96875,35,0.9427083333333334,0.9427083333333334,8.727272727272727,496,1.0,1,31,10.576427255985267,31,273,34,0,496,496,496,80,0,0,0,0.0,0.0,0.0,0.0,0.0,31.0,0.0,0.0,0.0,33.0,0.0,0.0,0.0,0.0,0.0,496.0,0.0,0.0,0.0,0.0,0.0,0.0,0.0,0.0,0.0,0.0,0.0,16.0,0.0,0.0,0.0,0.0,0.0,0.0,0.0,0.0,0.0,0.0,0.0,0.0,0.0,0.0,0.0,0.0,0.0,0.0,0.0,0.0,0.0,0.0,0.0,0.0,0.0,0.0,0.0,0.0,0.0,0.0,0.0,0.0,0.0,0.0,0.0,0.0,0.0
661be484.qasm,42,543975,388090,155885,0,104206,2,42,16663.333333333332,18680,0.28656647823888964,0.28656647823888964,5.220188856687715,861,1.0,1,41,14.28621098887,41,79772,8301,0,113977,190212,113977,429998,0,148212,0,0.0,0.0,0.0,19863.0,0.0,133748.0,71977.0,0.0,74104.0,148038.0,0.0,0.0,0.0,0.0,0.0,0.0,0.0,0.0,0.0,22137.0,74108.0,0.0,0.0,0.0,0.0,0.0,0.0,0.0,0.0,0.0,0.0,0.0,0.0,0.0,0.0,0.0,0.0,0.0,0.0,0.0,0.0,0.0,0.0,0.0,0.0,0.0,0.0,0.0,0.0,0.0,0.0,0.0,0.0,0.0,0.0,0.0,0.0,0.0,0.0,0.0,0.0,0.0,0.0,0.0,0.0
66343f14.qasm,6,16,12,2,2,8,3,5,3.6666666666666665,6,0.125,0.25,2.0,5,0.3333333333333333,2,2,1.875,3,6,5,0,0,0,0,14,0,0,1,0.0,0.0,0.0,0.0,0.0,2.0,0.0,0.0,0.0,6.0,0.0,6.0,0.0,0.0,0.0,0.0,0.0,2.0,0.0,0.0,0.0,0.0,0.0,0.0,0.0,0.0,0.0,0.0,0.0,0.0,0.0,0.0,0.0,0.0,0.0,0.0,0.0,0.0,0.0,0.0,0.0,0.0,0.0,0.0,0.0,0.0,0.0,0.0,0.0,0.0,0.0,0.0,0.0,0.0,0.0,0.0,0.0,0.0,0.0,0.0,0.0,0.0,0.0,0.0,0.0
6694b099.qasm,2,1932,1869,63,0,1931,2,2,997.5,1931,0.03260869565217391,0.03260869565217391,1.0005178663904712,1,1.0,1,1,1.0,1,63,63,0,1763,1763,1763,169,0,0,0,0.0,0.0,0.0,1700.0,0.0,0.0,0.0,0.0,0.0,105.0,0.0,64.0,0.0,0.0,0.0,63.0,0.0,0.0,0.0,0.0,0.0,0.0,0.0,0.0,0.0,0.0,0.0,0.0,0.0,0.0,0.0,0.0,0.0,0.0,0.0,0.0,0.0,0.0,0.0,0.0,0.0,0.0,0.0,0.0,0.0,0.0,0.0,0.0,0.0,0.0,0.0,0.0,0.0,0.0,0.0,0.0,0.0,0.0,0.0,0.0,0.0,0.0,0.0,0.0,0.0
67346cae.qasm,7,40,30,0,10,21,3,7,8.571428571428571,20,0.0,0.25,1.9047619047619047,15,0.7142857142857143,1,4,2.1333333333333333,6,16,14,0,0,0,0,30,0,0,0,0.0,0.0,0.0,0.0,0.0,0.0,0.0,0.0,0.0,9.0,0.0,21.0,0.0,0.0,0.0,0.0,0.0,10.0,0.0,0.0,0.0,0.0,0.0,0.0,0.0,0.0,0.0,0.0,0.0,0.0,0.0,0.0,0.0,0.0,0.0,0.0,0.0,0.0,0.0,0.0,0.0,0.0,0.0,0.0,0.0,0.0,0.0,0.0,0.0,0.0,0.0,0.0,0.0,0.0,0.0,0.0,0.0,0.0,0.0,0.0,0.0,0.0,0.0,0.0,0.0
6740a375.qasm,255,255,1,254,0,255,2,255,1.996078431372549,2,0.996078431372549,0.996078431372549,1.0,254,0.00784313725490196,1,1,1.0,1,1,2,0,0,0,0,255,0,0,0,0.0,0.0,0.0,0.0,0.0,254.0,0.0,0.0,0.0,1.0,0.0,0.0,0.0,0.0,0.0,0.0,0.0,0.0,0.0,0.0,0.0,0.0,0.0,0.0,0.0,0.0,0.0,0.0,0.0,0.0,0.0,0.0,0.0,0.0,0.0,0.0,0.0,0.0,0.0,0.0,0.0,0.0,0.0,0.0,0.0,0.0,0.0,0.0,0.0,0.0,0.0,0.0,0.0,0.0,0.0,0.0,0.0,0.0,0.0,0.0,0.0,0.0,0.0,0.0,0.0
6785591a.qasm,27,105,53,52,0,54,2,27,5.814814814814815,6,0.49523809523809526,0.49523809523809526,1.9444444444444444,26,0.07407407407407407,1,1,1.0,1,2,4,0,52,26,52,53,0,0,0,0.0,0.0,52.0,0.0,0.0,26.0,0.0,0.0,0.0,0.0,0.0,1.0,0.0,0.0,0.0,0.0,0.0,0.0,26.0,0.0,0.0,0.0,0.0,0.0,0.0,0.0,0.0,0.0,0.0,0.0,0.0,0.0,0.0,0.0,0.0,0.0,0.0,0.0,0.0,0.0,0.0,0.0,0.0,0.0,0.0,0.0,0.0,0.0,0.0,0.0,0.0,0.0,0.0,0.0,0.0,0.0,0.0,0.0,0.0,0.0,0.0,0.0,0.0,0.0,0.0
67b5fe45.qasm,64,203596,101146,69684,32766,126862,3,64,5293.9375,38338,0.34226605630758955,0.5032024204797737,1.6048619760054232,1399,0.6939484126984127,1,47,16.148444476193877,63,63510,25032,0,19743,44208,19743,107911,43176,0,0,18711.0,0.0,0.0,0.0,0.0,68934.0,0.0,0.0,0.0,4656.0,84.0,34321.0,21588.0,21588.0,198.0,750.0,32400.0,366.0,0.0,0.0,0.0,0.0,0.0,0.0,0.0,0.0,0.0,0.0,0.0,0.0,0.0,0.0,0.0,0.0,0.0,0.0,0.0,0.0,0.0,0.0,0.0,0.0,0.0,0.0,0.0,0.0,0.0,0.0,0.0,0.0,0.0,0.0,0.0,0.0,0.0,0.0,0.0,0.0,0.0,0.0,0.0,0.0,0.0,0.0,0.0
67f3547d.qasm,16,30,8,22,0,16,2,16,3.25,4,0.7333333333333333,0.7333333333333333,1.875,15,0.125,1,1,1.0,1,2,3,0,0,0,0,30,0,0,0,0.0,0.0,0.0,0.0,0.0,22.0,0.0,0.0,0.0,8.0,0.0,0.0,0.0,0.0,0.0,0.0,0.0,0.0,0.0,0.0,0.0,0.0,0.0,0.0,0.0,0.0,0.0,0.0,0.0,0.0,0.0,0.0,0.0,0.0,0.0,0.0,0.0,0.0,0.0,0.0,0.0,0.0,0.0,0.0,0.0,0.0,0.0,0.0,0.0,0.0,0.0,0.0,0.0,0.0,0.0,0.0,0.0,0.0,0.0,0.0,0.0,0.0,0.0,0.0,0.0
68528bdf.qasm,16,38,0,36,2,17,8,16,5.5,10,0.9473684210526315,1.0,2.235294117647059,64,0.5333333333333333,1,8,5.869565217391305,15,60,22,0,36,36,36,0,0,0,0,0.0,0.0,0.0,0.0,0.0,0.0,0.0,0.0,0.0,0.0,0.0,0.0,0.0,0.0,0.0,36.0,0.0,0.0,0.0,0.0,0.0,2.0,0.0,0.0,0.0,0.0,0.0,0.0,0.0,0.0,0.0,0.0,0.0,0.0,0.0,0.0,0.0,0.0,0.0,0.0,0.0,0.0,0.0,0.0,0.0,0.0,0.0,0.0,0.0,0.0,0.0,0.0,0.0,0.0,0.0,0.0,0.0,0.0,0.0,0.0,0.0,0.0,0.0,0.0,0.0
699bd83c.qasm,256,33280,640,32640,0,510,2,256,257.5,258,0.9807692307692307,0.9807692307692307,65.25490196078431,16384,0.5019607843137255,1,128,43.333333333333336,128,8256,255,0,33024,0,33024,256,0,0,0,0.0,0.0,0.0,0.0,512.0,128.0,0.0,0.0,0.0,128.0,0.0,0.0,0.0,0.0,0.0,0.0,0.0,0.0,0.0,0.0,0.0,0.0,0.0,0.0,0.0,0.0,0.0,0.0,0.0,0.0,32512.0,0.0,0.0,0.0,0.0,0.0,0.0,0.0,0.0,0.0,0.0,0.0,0.0,0.0,0.0,0.0,0.0,0.0,0.0,0.0,0.0,0.0,0.0,0.0,0.0,0.0,0.0,0.0,0.0,0.0,0.0,0.0,0.0,0.0,0.0
69c7223c.qasm,56,392,168,224,0,33,2,56,11.0,11,0.5714285714285714,0.5714285714285714,11.878787878787879,112,0.07272727272727272,1,16,6.982142857142857,49,32,8,0,392,224,392,0,0,0,0,0.0,0.0,0.0,0.0,0.0,0.0,168.0,0.0,0.0,0.0,0.0,0.0,0.0,0.0,0.0,0.0,0.0,0.0,0.0,224.0,0.0,0.0,0.0,0.0,0.0,0.0,0.0,0.0,0.0,0.0,0.0,0.0,0.0,0.0,0.0,0.0,0.0,0.0,0.0,0.0,0.0,0.0,0.0,0.0,0.0,0.0,0.0,0.0,0.0,0.0,0.0,0.0,0.0,0.0,0.0,0.0,0.0,0.0,0.0,0.0,0.0,0.0,0.0,0.0,0.0
69c8191e.qasm,128,127,0,1,126,127,3,128,2.96875,4,0.007874015748031496,1.0,1.0,190,0.023375984251968504,1,2,42.72295514511873,64,253,8,0,0,0,0,1,0,0,0,0.0,0.0,0.0,0.0,0.0,1.0,0.0,0.0,0.0,0.0,0.0,0.0,0.0,0.0,0.0,0.0,0.0,0.0,0.0,0.0,0.0,0.0,0.0,0.0,0.0,0.0,0.0,0.0,0.0,0.0,0.0,63.0,63.0,0.0,0.0,0.0,0.0,0.0,0.0,0.0,0.0,0.0,0.0,0.0,0.0,0.0,0.0,0.0,0.0,0.0,0.0,0.0,0.0,0.0,0.0,0.0,0.0,0.0,0.0,0.0,0.0,0.0,0.0,0.0,0.0
69cf1b12.qasm,45,13935,11640,2295,0,501,2,45,360.6666666666667,442,0.16469321851453175,0.16469321851453175,27.81437125748503,73,0.07373737373737374,1,5,3.3529411764705883,8,252,126,0,8112,2805,8112,5823,0,751,0,218.0,1502.0,2015.0,2054.0,3060.0,2295.0,765.0,1275.0,751.0,0.0,0.0,0.0,0.0,0.0,0.0,0.0,0.0,0.0,0.0,0.0,0.0,0.0,0.0,0.0,0.0,0.0,0.0,0.0,0.0,0.0,0.0,0.0,0.0,0.0,0.0,0.0,0.0,0.0,0.0,0.0,0.0,0.0,0.0,0.0,0.0,0.0,0.0,0.0,0.0,0.0,0.0,0.0,0.0,0.0,0.0,0.0,0.0,0.0,0.0,0.0,0.0,0.0,0.0,0.0,0.0
69e799fa.qasm,43,13177,11008,2169,0,501,2,43,356.8837209302326,442,0.1646049935493663,0.1646049935493663,26.301397205588824,69,0.07641196013289037,1,5,3.2904564315352696,8,225,126,0,7651,2651,7651,5526,0,717,0,211.0,1435.0,1891.0,1934.0,2892.0,2169.0,723.0,1205.0,717.0,0.0,0.0,0.0,0.0,0.0,0.0,0.0,0.0,0.0,0.0,0.0,0.0,0.0,0.0,0.0,0.0,0.0,0.0,0.0,0.0,0.0,0.0,0.0,0.0,0.0,0.0,0.0,0.0,0.0,0.0,0.0,0.0,0.0,0.0,0.0,0.0,0.0,0.0,0.0,0.0,0.0,0.0,0.0,0.0,0.0,0.0,0.0,0.0,0.0,0.0,0.0,0.0,0.0,0.0,0.0,0.0
6a5034af.qasm,160,63760,38320,25440,0,1269,2,160,557.5,637,0.3989962358845671,0.3989962358845671,50.24428684003152,12720,1.0,1,159,53.666666666666664,159,12800,318,0,38160,38160,38160,25600,0,0,0,0.0,0.0,0.0,0.0,0.0,25440.0,0.0,0.0,0.0,160.0,0.0,0.0,0.0,0.0,38160.0,0.0,0.0,0.0,0.0,0.0,0.0,0.0,0.0,0.0,0.0,0.0,0.0,0.0,0.0,0.0,0.0,0.0,0.0,0.0,0.0,0.0,0.0,0.0,0.0,0.0,0.0,0.0,0.0,0.0,0.0,0.0,0.0,0.0,0.0,0.0,0.0,0.0,0.0,0.0,0.0,0.0,0.0,0.0,0.0,0.0,0.0,0.0,0.0,0.0,0.0
6bc3891b.qasm,8,48,20,28,0,14,2,8,9.5,10,0.5833333333333334,0.5833333333333334,3.4285714285714284,16,0.5714285714285714,1,4,2.0,4,10,7,0,40,0,40,8,0,0,0,0.0,0.0,0.0,0.0,16.0,4.0,0.0,0.0,0.0,4.0,0.0,0.0,0.0,0.0,0.0,0.0,0.0,0.0,0.0,0.0,0.0,0.0,0.0,0.0,0.0,0.0,0.0,0.0,0.0,0.0,24.0,0.0,0.0,0.0,0.0,0.0,0.0,0.0,0.0,0.0,0.0,0.0,0.0,0.0,0.0,0.0,0.0,0.0,0.0,0.0,0.0,0.0,0.0,0.0,0.0,0.0,0.0,0.0,0.0,0.0,0.0,0.0,0.0,0.0,0.0
6c69bcc7.qasm,47,14537,12143,2394,0,502,2,47,360.2340425531915,442,0.1646832221228589,0.1646832221228589,28.95816733067729,76,0.07030527289546716,1,5,3.4022556390977443,9,252,126,0,8449,2926,8449,6088,0,784,0,231.0,1580.0,2086.0,2142.0,3192.0,2394.0,798.0,1330.0,784.0,0.0,0.0,0.0,0.0,0.0,0.0,0.0,0.0,0.0,0.0,0.0,0.0,0.0,0.0,0.0,0.0,0.0,0.0,0.0,0.0,0.0,0.0,0.0,0.0,0.0,0.0,0.0,0.0,0.0,0.0,0.0,0.0,0.0,0.0,0.0,0.0,0.0,0.0,0.0,0.0,0.0,0.0,0.0,0.0,0.0,0.0,0.0,0.0,0.0,0.0,0.0,0.0,0.0,0.0,0.0,0.0
6c848dc7.qasm,8,116,32,84,0,33,2,8,25.0,25,0.7241379310344828,0.7241379310344828,3.515151515151515,28,1.0,1,7,3.0,7,48,21,0,32,0,32,84,0,0,0,0.0,0.0,32.0,0.0,0.0,84.0,0.0,0.0,0.0,0.0,0.0,0.0,0.0,0.0,0.0,0.0,0.0,0.0,0.0,0.0,0.0,0.0,0.0,0.0,0.0,0.0,0.0,0.0,0.0,0.0,0.0,0.0,0.0,0.0,0.0,0.0,0.0,0.0,0.0,0.0,0.0,0.0,0.0,0.0,0.0,0.0,0.0,0.0,0.0,0.0,0.0,0.0,0.0,0.0,0.0,0.0,0.0,0.0,0.0,0.0,0.0,0.0,0.0,0.0,0.0
6d2833ea.qasm,45,13935,11640,2295,0,501,2,45,360.6666666666667,442,0.16469321851453175,0.16469321851453175,27.81437125748503,73,0.07373737373737374,1,5,3.3529411764705883,8,252,126,0,8103,2805,8103,5832,0,751,0,225.0,1511.0,1999.0,2054.0,3060.0,2295.0,765.0,1275.0,751.0,0.0,0.0,0.0,0.0,0.0,0.0,0.0,0.0,0.0,0.0,0.0,0.0,0.0,0.0,0.0,0.0,0.0,0.0,0.0,0.0,0.0,0.0,0.0,0.0,0.0,0.0,0.0,0.0,0.0,0.0,0.0,0.0,0.0,0.0,0.0,0.0,0.0,0.0,0.0,0.0,0.0,0.0,0.0,0.0,0.0,0.0,0.0,0.0,0.0,0.0,0.0,0.0,0.0,0.0,0.0,0.0
6da6ce61.qasm,53,20143,16831,3312,0,645,2,53,442.54716981132077,568,0.16442436578463981,0.16442436578463981,31.229457364341084,86,0.062409288824383166,1,5,4.418478260869565,10,414,162,0,11718,4048,11718,8425,0,1096,0,340.0,2177.0,2906.0,2952.0,4416.0,3312.0,1104.0,1840.0,1096.0,0.0,0.0,0.0,0.0,0.0,0.0,0.0,0.0,0.0,0.0,0.0,0.0,0.0,0.0,0.0,0.0,0.0,0.0,0.0,0.0,0.0,0.0,0.0,0.0,0.0,0.0,0.0,0.0,0.0,0.0,0.0,0.0,0.0,0.0,0.0,0.0,0.0,0.0,0.0,0.0,0.0,0.0,0.0,0.0,0.0,0.0,0.0,0.0,0.0,0.0,0.0,0.0,0.0,0.0,0.0,0.0
6de17b5a.qasm,256,512,256,256,0,7,2,256,3.0,3,0.5,0.5,73.14285714285714,256,0.00784313725490196,1,2,82.8984375,245,124,2,0,0,256,0,512,0,0,0,0.0,0.0,0.0,0.0,0.0,0.0,0.0,0.0,0.0,256.0,0.0,0.0,0.0,0.0,0.0,0.0,0.0,0.0,256.0,0.0,0.0,0.0,0.0,0.0,0.0,0.0,0.0,0.0,0.0,0.0,0.0,0.0,0.0,0.0,0.0,0.0,0.0,0.0,0.0,0.0,0.0,0.0,0.0,0.0,0.0,0.0,0.0,0.0,0.0,0.0,0.0,0.0,0.0,0.0,0.0,0.0,0.0,0.0,0.0,0.0,0.0,0.0,0.0,0.0,0.0
6ee18f92.qasm,25,38,26,0,12,14,3,25,2.48,14,0.0,0.3157894736842105,2.7142857142857144,36,0.12,1,2,12.333333333333334,24,24,24,0,24,0,24,2,0,0,0,0.0,0.0,24.0,0.0,0.0,0.0,0.0,0.0,0.0,2.0,0.0,0.0,0.0,0.0,0.0,0.0,0.0,0.0,0.0,0.0,0.0,0.0,0.0,0.0,12.0,0.0,0.0,0.0,0.0,0.0,0.0,0.0,0.0,0.0,0.0,0.0,0.0,0.0,0.0,0.0,0.0,0.0,0.0,0.0,0.0,0.0,0.0,0.0,0.0,0.0,0.0,0.0,0.0,0.0,0.0,0.0,0.0,0.0,0.0,0.0,0.0,0.0,0.0,0.0,0.0
6f16ddc6.qasm,10,14,5,1,8,10,3,10,3.1,5,0.07142857142857142,0.6428571428571429,1.4,13,0.28888888888888886,1,2,3.4,5,17,8,0,0,0,0,6,0,0,0,0.0,0.0,0.0,0.0,0.0,1.0,0.0,0.0,0.0,0.0,0.0,5.0,0.0,0.0,0.0,0.0,0.0,0.0,0.0,0.0,0.0,0.0,0.0,0.0,0.0,0.0,0.0,0.0,0.0,0.0,0.0,0.0,0.0,0.0,0.0,0.0,0.0,0.0,0.0,0.0,0.0,0.0,0.0,0.0,0.0,0.0,0.0,0.0,4.0,4.0,0.0,0.0,0.0,0.0,0.0,0.0,0.0,0.0,0.0,0.0,0.0,0.0,0.0,0.0,0.0
6f6328cc.qasm,30,10770,7504,3266,0,10099,2,30,467.8666666666667,5141,0.3032497678737233,0.3032497678737233,1.0664422220021785,145,0.3333333333333333,1,9,2.7795468462951622,24,1716,1556,0,7484,5438,7484,3286,0,0,0,0.0,0.0,0.0,5438.0,0.0,3266.0,2046.0,0.0,0.0,20.0,0.0,0.0,0.0,0.0,0.0,0.0,0.0,0.0,0.0,0.0,0.0,0.0,0.0,0.0,0.0,0.0,0.0,0.0,0.0,0.0,0.0,0.0,0.0,0.0,0.0,0.0,0.0,0.0,0.0,0.0,0.0,0.0,0.0,0.0,0.0,0.0,0.0,0.0,0.0,0.0,0.0,0.0,0.0,0.0,0.0,0.0,0.0,0.0,0.0,0.0,0.0,0.0,0.0,0.0,0.0
6fef948c.qasm,18,26383,14414,11968,1,15448,8,18,2131.0,5993,0.45362544062464466,0.453663343819884,1.7078586224754013,135,0.8823529411764706,1,13,4.307102367455818,16,6112,3328,0,14405,5027,14405,11977,0,0,0,945.0,0.0,0.0,1344.0,0.0,11968.0,0.0,0.0,0.0,8.0,3096.0,1.0,0.0,0.0,587.0,0.0,0.0,0.0,0.0,0.0,0.0,0.0,0.0,0.0,0.0,1.0,0.0,0.0,0.0,0.0,0.0,0.0,0.0,0.0,0.0,0.0,0.0,0.0,0.0,0.0,0.0,0.0,0.0,0.0,0.0,0.0,0.0,0.0,0.0,0.0,8433.0,0.0,0.0,0.0,0.0,0.0,0.0,0.0,0.0,0.0,0.0,0.0,0.0,0.0,0.0
700c376b.qasm,50,14998,12532,2466,0,502,2,50,349.28,442,0.1644219229230564,0.1644219229230564,29.87649402390438,80,0.0653061224489796,1,4,3.54014598540146,9,270,126,0,8725,3014,8725,6273,0,802,0,246.0,1635.0,2157.0,2212.0,3288.0,2466.0,822.0,1370.0,802.0,0.0,0.0,0.0,0.0,0.0,0.0,0.0,0.0,0.0,0.0,0.0,0.0,0.0,0.0,0.0,0.0,0.0,0.0,0.0,0.0,0.0,0.0,0.0,0.0,0.0,0.0,0.0,0.0,0.0,0.0,0.0,0.0,0.0,0.0,0.0,0.0,0.0,0.0,0.0,0.0,0.0,0.0,0.0,0.0,0.0,0.0,0.0,0.0,0.0,0.0,0.0,0.0,0.0,0.0,0.0,0.0
7063be19.qasm,53,16447,13738,2709,0,503,2,53,361.4339622641509,442,0.16471088952392535,0.16471088952392535,32.69781312127237,86,0.062409288824383166,1,5,3.6511627906976742,10,279,126,0,9557,3311,9557,6890,0,895,0,250.0,1781.0,2376.0,2416.0,3612.0,2709.0,903.0,1505.0,895.0,0.0,0.0,0.0,0.0,0.0,0.0,0.0,0.0,0.0,0.0,0.0,0.0,0.0,0.0,0.0,0.0,0.0,0.0,0.0,0.0,0.0,0.0,0.0,0.0,0.0,0.0,0.0,0.0,0.0,0.0,0.0,0.0,0.0,0.0,0.0,0.0,0.0,0.0,0.0,0.0,0.0,0.0,0.0,0.0,0.0,0.0,0.0,0.0,0.0,0.0,0.0,0.0,0.0,0.0,0.0,0.0
70d5d461.qasm,56,2576,1064,1512,0,73,2,56,73.0,73,0.5869565217391305,0.5869565217391305,35.28767123287671,84,0.05454545454545454,1,13,10.5,49,378,54,0,2576,1512,2576,0,0,0,0,0.0,0.0,0.0,0.0,0.0,0.0,1064.0,0.0,0.0,0.0,0.0,0.0,0.0,0.0,0.0,0.0,0.0,0.0,0.0,1512.0,0.0,0.0,0.0,0.0,0.0,0.0,0.0,0.0,0.0,0.0,0.0,0.0,0.0,0.0,0.0,0.0,0.0,0.0,0.0,0.0,0.0,0.0,0.0,0.0,0.0,0.0,0.0,0.0,0.0,0.0,0.0,0.0,0.0,0.0,0.0,0.0,0.0,0.0,0.0,0.0,0.0,0.0,0.0,0.0,0.0
711cdd0b.qasm,36,10628,8882,1746,0,501,2,36,343.72222222222223,442,0.16428302596913813,0.16428302596913813,21.213572854291417,57,0.09047619047619047,1,4,3.134020618556701,7,216,126,0,6182,2134,6182,4446,0,576,0,182.0,1154.0,1532.0,1558.0,2328.0,1746.0,582.0,970.0,576.0,0.0,0.0,0.0,0.0,0.0,0.0,0.0,0.0,0.0,0.0,0.0,0.0,0.0,0.0,0.0,0.0,0.0,0.0,0.0,0.0,0.0,0.0,0.0,0.0,0.0,0.0,0.0,0.0,0.0,0.0,0.0,0.0,0.0,0.0,0.0,0.0,0.0,0.0,0.0,0.0,0.0,0.0,0.0,0.0,0.0,0.0,0.0,0.0,0.0,0.0,0.0,0.0,0.0,0.0,0.0,0.0
72b5f996.qasm,64,128,127,0,1,3,64,64,2.984375,3,0.0,0.0078125,42.666666666666664,2016,1.0,1,63,21.666666666666668,63,1024,63,0,1,0,1,126,0,0,0,1.0,0.0,0.0,0.0,0.0,0.0,0.0,0.0,0.0,126.0,0.0,0.0,0.0,0.0,0.0,0.0,0.0,0.0,0.0,0.0,0.0,0.0,0.0,0.0,0.0,0.0,0.0,0.0,0.0,0.0,0.0,0.0,0.0,0.0,0.0,1.0,0.0,0.0,0.0,0.0,0.0,0.0,0.0,0.0,0.0,0.0,0.0,0.0,0.0,0.0,0.0,0.0,0.0,0.0,0.0,0.0,0.0,0.0,0.0,0.0,0.0,0.0,0.0,0.0,0.0
72cc2f13.qasm,36,38069,24995,13074,0,17298,2,36,1420.638888888889,4676,0.3434290367490609,0.3434290367490609,2.2007746560295987,172,0.273015873015873,1,7,16.79057671714854,31,10436,3168,0,24375,17485,24375,13694,0,0,0,0.0,0.0,0.0,17485.0,0.0,13074.0,6890.0,0.0,0.0,620.0,0.0,0.0,0.0,0.0,0.0,0.0,0.0,0.0,0.0,0.0,0.0,0.0,0.0,0.0,0.0,0.0,0.0,0.0,0.0,0.0,0.0,0.0,0.0,0.0,0.0,0.0,0.0,0.0,0.0,0.0,0.0,0.0,0.0,0.0,0.0,0.0,0.0,0.0,0.0,0.0,0.0,0.0,0.0,0.0,0.0,0.0,0.0,0.0,0.0,0.0,0.0,0.0,0.0,0.0,0.0
72d8892d.qasm,64,128,64,64,0,9,2,64,3.0,3,0.5,0.5,14.222222222222221,64,0.031746031746031744,3,2,21.15625,58,34,2,0,0,64,0,128,0,0,0,0.0,0.0,0.0,0.0,0.0,0.0,0.0,0.0,0.0,64.0,0.0,0.0,0.0,0.0,0.0,0.0,0.0,0.0,64.0,0.0,0.0,0.0,0.0,0.0,0.0,0.0,0.0,0.0,0.0,0.0,0.0,0.0,0.0,0.0,0.0,0.0,0.0,0.0,0.0,0.0,0.0,0.0,0.0,0.0,0.0,0.0,0.0,0.0,0.0,0.0,0.0,0.0,0.0,0.0,0.0,0.0,0.0,0.0,0.0,0.0,0.0,0.0,0.0,0.0,0.0
73191d24.qasm,15,173,71,89,13,111,3,15,19.2,58,0.5144508670520231,0.5895953757225434,1.5585585585585586,31,0.29523809523809524,1,4,4.8515625,8,86,43,0,60,53,60,100,0,0,0,5.0,0.0,0.0,0.0,2.0,89.0,0.0,0.0,0.0,3.0,53.0,8.0,0.0,0.0,0.0,0.0,0.0,13.0,0.0,0.0,0.0,0.0,0.0,0.0,0.0,0.0,0.0,0.0,0.0,0.0,0.0,0.0,0.0,0.0,0.0,0.0,0.0,0.0,0.0,0.0,0.0,0.0,0.0,0.0,0.0,0.0,0.0,0.0,0.0,0.0,0.0,0.0,0.0,0.0,0.0,0.0,0.0,0.0,0.0,0.0,0.0,0.0,0.0,0.0,0.0
7337baba.qasm,2,5,4,1,0,4,2,2,3.0,3,0.2,0.2,1.25,1,1.0,1,1,1.0,1,1,1,0,0,0,0,5,0,0,0,0.0,0.0,0.0,0.0,0.0,1.0,0.0,0.0,0.0,3.0,0.0,1.0,0.0,0.0,0.0,0.0,0.0,0.0,0.0,0.0,0.0,0.0,0.0,0.0,0.0,0.0,0.0,0.0,0.0,0.0,0.0,0.0,0.0,0.0,0.0,0.0,0.0,0.0,0.0,0.0,0.0,0.0,0.0,0.0,0.0,0.0,0.0,0.0,0.0,0.0,0.0,0.0,0.0,0.0,0.0,0.0,0.0,0.0,0.0,0.0,0.0,0.0,0.0,0.0,0.0
733f4518.qasm,48,374241,275418,98823,0,187673,2,48,9855.5,20267,0.26406246242394604,0.26406246242394604,1.9941120992364378,699,0.6196808510638298,1,36,12.726794369731742,45,51241,6823,0,108055,28930,108055,259322,6864,32,0,0.0,0.0,0.0,22034.0,0.0,98823.0,86021.0,0.0,16.0,160467.0,0.0,0.0,0.0,6864.0,0.0,0.0,0.0,0.0,0.0,0.0,16.0,0.0,0.0,0.0,0.0,0.0,0.0,0.0,0.0,0.0,0.0,0.0,0.0,0.0,0.0,0.0,0.0,0.0,0.0,0.0,0.0,0.0,0.0,0.0,0.0,0.0,0.0,0.0,0.0,0.0,0.0,0.0,0.0,0.0,0.0,0.0,0.0,0.0,0.0,0.0,0.0,0.0,0.0,0.0,0.0
73f498a0.qasm,16,160,40,120,0,30,2,16,17.5,18,0.75,0.75,5.333333333333333,64,0.5333333333333333,1,8,3.3333333333333335,8,36,15,0,144,0,144,16,0,0,0,0.0,0.0,0.0,0.0,32.0,8.0,0.0,0.0,0.0,8.0,0.0,0.0,0.0,0.0,0.0,0.0,0.0,0.0,0.0,0.0,0.0,0.0,0.0,0.0,0.0,0.0,0.0,0.0,0.0,0.0,112.0,0.0,0.0,0.0,0.0,0.0,0.0,0.0,0.0,0.0,0.0,0.0,0.0,0.0,0.0,0.0,0.0,0.0,0.0,0.0,0.0,0.0,0.0,0.0,0.0,0.0,0.0,0.0,0.0,0.0,0.0,0.0,0.0,0.0,0.0
742bfb51.qasm,97,1162446,613246,188400,360800,695600,3,97,21365.422680412372,281600,0.16207204463691216,0.47245205368679494,1.6711414606095458,486,0.10438144329896908,1,12,39.771167768334905,95,693200,228800,100445,800,71200,800,665201,35200,35200,0,0.0,0.0,0.0,800.0,0.0,188400.0,0.0,0.0,17600.0,35200.0,0.0,406401.0,17600.0,17600.0,0.0,0.0,0.0,360800.0,0.0,0.0,17600.0,0.0,0.0,0.0,0.0,0.0,0.0,0.0,0.0,0.0,0.0,0.0,0.0,100445.0,0.0,0.0,0.0,0.0,0.0,0.0,0.0,0.0,0.0,0.0,0.0,0.0,0.0,0.0,0.0,0.0,0.0,0.0,0.0,0.0,0.0,0.0,0.0,0.0,0.0,0.0,0.0,0.0,0.0,0.0,0.0
749ea355.qasm,256,512,511,0,1,3,256,256,2.99609375,3,0.0,0.001953125,170.66666666666666,32640,1.0,1,255,85.66666666666667,255,16384,255,0,1,0,1,510,0,0,0,1.0,0.0,0.0,0.0,0.0,0.0,0.0,0.0,0.0,510.0,0.0,0.0,0.0,0.0,0.0,0.0,0.0,0.0,0.0,0.0,0.0,0.0,0.0,0.0,0.0,0.0,0.0,0.0,0.0,0.0,0.0,0.0,0.0,0.0,0.0,1.0,0.0,0.0,0.0,0.0,0.0,0.0,0.0,0.0,0.0,0.0,0.0,0.0,0.0,0.0,0.0,0.0,0.0,0.0,0.0,0.0,0.0,0.0,0.0,0.0,0.0,0.0,0.0,0.0,0.0
7513561e.qasm,53,14105,11783,2322,0,432,2,53,309.9433962264151,379,0.16462247429989366,0.16462247429989366,32.65046296296296,86,0.062409288824383166,1,5,4.093023255813954,10,270,108,0,8206,2838,8206,5899,0,768,0,229.0,1519.0,2037.0,2070.0,3096.0,2322.0,774.0,1290.0,768.0,0.0,0.0,0.0,0.0,0.0,0.0,0.0,0.0,0.0,0.0,0.0,0.0,0.0,0.0,0.0,0.0,0.0,0.0,0.0,0.0,0.0,0.0,0.0,0.0,0.0,0.0,0.0,0.0,0.0,0.0,0.0,0.0,0.0,0.0,0.0,0.0,0.0,0.0,0.0,0.0,0.0,0.0,0.0,0.0,0.0,0.0,0.0,0.0,0.0,0.0,0.0,0.0,0.0,0.0,0.0,0.0
75137edd.qasm,32,632,91,540,1,153,30,32,37.53125,61,0.8544303797468354,0.8560126582278481,4.130718954248366,495,0.9979838709677419,1,30,10.882051282051282,30,510,62,0,525,495,525,106,0,0,0,0.0,0.0,0.0,0.0,0.0,0.0,0.0,0.0,0.0,90.0,0.0,1.0,0.0,0.0,0.0,495.0,0.0,0.0,0.0,0.0,0.0,0.0,0.0,0.0,0.0,1.0,30.0,15.0,0.0,0.0,0.0,0.0,0.0,0.0,0.0,0.0,0.0,0.0,0.0,0.0,0.0,0.0,0.0,0.0,0.0,0.0,0.0,0.0,0.0,0.0,0.0,0.0,0.0,0.0,0.0,0.0,0.0,0.0,0.0,0.0,0.0,0.0,0.0,0.0,0.0
751d7ced.qasm,50,15674,13091,2583,0,502,2,50,365.14,442,0.1647952022457573,0.1647952022457573,31.223107569721115,82,0.06693877551020408,1,5,3.529616724738676,9,279,126,0,9120,3157,9120,6554,0,839,0,249.0,1697.0,2248.0,2318.0,3444.0,2583.0,861.0,1435.0,839.0,0.0,0.0,0.0,0.0,0.0,0.0,0.0,0.0,0.0,0.0,0.0,0.0,0.0,0.0,0.0,0.0,0.0,0.0,0.0,0.0,0.0,0.0,0.0,0.0,0.0,0.0,0.0,0.0,0.0,0.0,0.0,0.0,0.0,0.0,0.0,0.0,0.0,0.0,0.0,0.0,0.0,0.0,0.0,0.0,0.0,0.0,0.0,0.0,0.0,0.0,0.0,0.0,0.0,0.0,0.0,0.0
752a65aa.qasm,43,13177,11008,2169,0,501,2,43,356.8837209302326,442,0.1646049935493663,0.1646049935493663,26.301397205588824,69,0.07641196013289037,1,5,3.2904564315352696,8,225,126,0,7658,2651,7658,5519,0,717,0,206.0,1428.0,1903.0,1934.0,2892.0,2169.0,723.0,1205.0,717.0,0.0,0.0,0.0,0.0,0.0,0.0,0.0,0.0,0.0,0.0,0.0,0.0,0.0,0.0,0.0,0.0,0.0,0.0,0.0,0.0,0.0,0.0,0.0,0.0,0.0,0.0,0.0,0.0,0.0,0.0,0.0,0.0,0.0,0.0,0.0,0.0,0.0,0.0,0.0,0.0,0.0,0.0,0.0,0.0,0.0,0.0,0.0,0.0,0.0,0.0,0.0,0.0,0.0,0.0,0.0,0.0
7548d858.qasm,16,4400,3680,720,0,500,2,16,320.0,442,0.16363636363636364,0.16363636363636364,8.8,23,0.19166666666666668,1,3,2.2,4,144,126,0,2563,880,2563,1837,0,234,0,82.0,483.0,635.0,646.0,960.0,720.0,240.0,400.0,234.0,0.0,0.0,0.0,0.0,0.0,0.0,0.0,0.0,0.0,0.0,0.0,0.0,0.0,0.0,0.0,0.0,0.0,0.0,0.0,0.0,0.0,0.0,0.0,0.0,0.0,0.0,0.0,0.0,0.0,0.0,0.0,0.0,0.0,0.0,0.0,0.0,0.0,0.0,0.0,0.0,0.0,0.0,0.0,0.0,0.0,0.0,0.0,0.0,0.0,0.0,0.0,0.0,0.0,0.0,0.0,0.0
758554e0.qasm,16,158,16,0,142,143,16,16,143.0,143,0.0,0.8987341772151899,1.1048951048951048,120,1.0,1,15,5.666666666666667,15,9088,2130,0,0,0,0,16,0,0,0,0.0,0.0,0.0,0.0,0.0,0.0,0.0,0.0,0.0,15.0,0.0,1.0,0.0,0.0,0.0,0.0,0.0,0.0,0.0,0.0,0.0,0.0,0.0,142.0,0.0,0.0,0.0,0.0,0.0,0.0,0.0,0.0,0.0,0.0,0.0,0.0,0.0,0.0,0.0,0.0,0.0,0.0,0.0,0.0,0.0,0.0,0.0,0.0,0.0,0.0,0.0,0.0,0.0,0.0,0.0,0.0,0.0,0.0,0.0,0.0,0.0,0.0,0.0,0.0,0.0
75bd5cbf.qasm,65,360,130,230,0,24,2,65,9.076923076923077,16,0.6388888888888888,0.6388888888888888,15.0,175,0.08413461538461539,5,5,4.478260869565218,10,28,12,0,0,35,0,360,0,0,0,0.0,0.0,0.0,0.0,0.0,230.0,0.0,0.0,0.0,60.0,0.0,35.0,0.0,0.0,0.0,0.0,0.0,0.0,0.0,0.0,0.0,0.0,0.0,0.0,0.0,0.0,0.0,0.0,0.0,0.0,0.0,0.0,0.0,0.0,35.0,0.0,0.0,0.0,0.0,0.0,0.0,0.0,0.0,0.0,0.0,0.0,0.0,0.0,0.0,0.0,0.0,0.0,0.0,0.0,0.0,0.0,0.0,0.0,0.0,0.0,0.0,0.0,0.0,0.0,0.0
76034335.qasm,16,32,16,16,0,9,2,16,3.0,3,0.5,0.5,3.5555555555555554,16,0.13333333333333333,3,2,5.375,11,8,2,0,0,16,0,32,0,0,0,0.0,0.0,0.0,0.0,0.0,0.0,0.0,0.0,0.0,16.0,0.0,0.0,0.0,0.0,0.0,0.0,0.0,0.0,16.0,0.0,0.0,0.0,0.0,0.0,0.0,0.0,0.0,0.0,0.0,0.0,0.0,0.0,0.0,0.0,0.0,0.0,0.0,0.0,0.0,0.0,0.0,0.0,0.0,0.0,0.0,0.0,0.0,0.0,0.0,0.0,0.0,0.0,0.0,0.0,0.0,0.0,0.0,0.0,0.0,0.0,0.0,0.0,0.0,0.0,0.0
76d0b692.qasm,66,76275,48395,27880,0,35489,2,66,1578.1060606060605,7888,0.36551950180268766,0.36551950180268766,2.149257516413537,365,0.17016317016317017,1,7,31.769153515064563,60,25383,6976,0,46637,32379,46637,29638,0,28,0,0.0,0.0,0.0,32351.0,0.0,27880.0,14286.0,0.0,14.0,1730.0,0.0,0.0,0.0,0.0,0.0,0.0,0.0,0.0,0.0,0.0,14.0,0.0,0.0,0.0,0.0,0.0,0.0,0.0,0.0,0.0,0.0,0.0,0.0,0.0,0.0,0.0,0.0,0.0,0.0,0.0,0.0,0.0,0.0,0.0,0.0,0.0,0.0,0.0,0.0,0.0,0.0,0.0,0.0,0.0,0.0,0.0,0.0,0.0,0.0,0.0,0.0,0.0,0.0,0.0,0.0
77a3a480.qasm,39,11869,9916,1953,0,501,2,39,354.4102564102564,442,0.16454629707641755,0.16454629707641755,23.69061876247505,62,0.08367071524966262,1,4,3.2534562211981566,8,225,126,0,6904,2387,6904,4965,0,645,0,190.0,1282.0,1717.0,1742.0,2604.0,1953.0,651.0,1085.0,645.0,0.0,0.0,0.0,0.0,0.0,0.0,0.0,0.0,0.0,0.0,0.0,0.0,0.0,0.0,0.0,0.0,0.0,0.0,0.0,0.0,0.0,0.0,0.0,0.0,0.0,0.0,0.0,0.0,0.0,0.0,0.0,0.0,0.0,0.0,0.0,0.0,0.0,0.0,0.0,0.0,0.0,0.0,0.0,0.0,0.0,0.0,0.0,0.0,0.0,0.0,0.0,0.0,0.0,0.0,0.0,0.0
78adf5c7.qasm,112,700,248,452,0,20,2,112,10.285714285714286,15,0.6457142857142857,0.6457142857142857,35.0,444,0.07142857142857142,1,49,18.778761061946902,56,120,11,0,0,16,0,684,16,0,0,0.0,0.0,0.0,0.0,0.0,452.0,0.0,0.0,0.0,232.0,0.0,0.0,0.0,16.0,0.0,0.0,0.0,0.0,0.0,0.0,0.0,0.0,0.0,0.0,0.0,0.0,0.0,0.0,0.0,0.0,0.0,0.0,0.0,0.0,0.0,0.0,0.0,0.0,0.0,0.0,0.0,0.0,0.0,0.0,0.0,0.0,0.0,0.0,0.0,0.0,0.0,0.0,0.0,0.0,0.0,0.0,0.0,0.0,0.0,0.0,0.0,0.0,0.0,0.0,0.0
78f96e37.qasm,32,9268,7747,1521,0,501,2,32,337.15625,442,0.1641130772550712,0.1641130772550712,18.499001996007983,50,0.10080645161290322,1,3,2.9585798816568047,7,189,126,0,5396,1859,5396,3872,0,501,0,155.0,1005.0,1348.0,1358.0,2028.0,1521.0,507.0,845.0,501.0,0.0,0.0,0.0,0.0,0.0,0.0,0.0,0.0,0.0,0.0,0.0,0.0,0.0,0.0,0.0,0.0,0.0,0.0,0.0,0.0,0.0,0.0,0.0,0.0,0.0,0.0,0.0,0.0,0.0,0.0,0.0,0.0,0.0,0.0,0.0,0.0,0.0,0.0,0.0,0.0,0.0,0.0,0.0,0.0,0.0,0.0,0.0,0.0,0.0,0.0,0.0,0.0,0.0,0.0,0.0,0.0
79b12d71.qasm,43,12865,10750,2115,0,501,2,43,348.3720930232558,442,0.16439953361834433,0.16439953361834433,25.67864271457086,69,0.07641196013289037,1,4,3.3404255319148937,8,243,126,0,7493,2585,7493,5372,0,691,0,219.0,1391.0,1855.0,1894.0,2820.0,2115.0,705.0,1175.0,691.0,0.0,0.0,0.0,0.0,0.0,0.0,0.0,0.0,0.0,0.0,0.0,0.0,0.0,0.0,0.0,0.0,0.0,0.0,0.0,0.0,0.0,0.0,0.0,0.0,0.0,0.0,0.0,0.0,0.0,0.0,0.0,0.0,0.0,0.0,0.0,0.0,0.0,0.0,0.0,0.0,0.0,0.0,0.0,0.0,0.0,0.0,0.0,0.0,0.0,0.0,0.0,0.0,0.0,0.0,0.0,0.0
7a0c7e70.qasm,48,287729,206798,80931,0,63263,2,48,7680.416666666667,10292,0.2812750887119477,0.2812750887119477,4.548140303178793,1128,1.0,1,47,16.272145407816534,47,41077,4462,0,67566,100835,67566,220163,0,74792,0,0.0,0.0,0.0,12438.0,0.0,67326.0,41523.0,0.0,37391.0,78045.0,0.0,0.0,0.0,0.0,0.0,0.0,0.0,0.0,0.0,13605.0,37401.0,0.0,0.0,0.0,0.0,0.0,0.0,0.0,0.0,0.0,0.0,0.0,0.0,0.0,0.0,0.0,0.0,0.0,0.0,0.0,0.0,0.0,0.0,0.0,0.0,0.0,0.0,0.0,0.0,0.0,0.0,0.0,0.0,0.0,0.0,0.0,0.0,0.0,0.0,0.0,0.0,0.0,0.0,0.0,0.0
7a1c98cc.qasm,17,53,21,32,0,16,2,17,5.0,10,0.6037735849056604,0.6037735849056604,3.3125,32,0.23529411764705882,1,4,7.6875,15,24,6,0,0,0,0,53,0,0,0,0.0,0.0,0.0,0.0,0.0,32.0,0.0,0.0,0.0,21.0,0.0,0.0,0.0,0.0,0.0,0.0,0.0,0.0,0.0,0.0,0.0,0.0,0.0,0.0,0.0,0.0,0.0,0.0,0.0,0.0,0.0,0.0,0.0,0.0,0.0,0.0,0.0,0.0,0.0,0.0,0.0,0.0,0.0,0.0,0.0,0.0,0.0,0.0,0.0,0.0,0.0,0.0,0.0,0.0,0.0,0.0,0.0,0.0,0.0,0.0,0.0,0.0,0.0,0.0,0.0
7a79f013.qasm,256,33196,768,32428,0,667,2,256,256.34375,299,0.9768646824918665,0.9768646824918665,49.76911544227886,16214,0.49675245098039217,1,239,85.53959541137289,255,16372,296,0,32940,32428,32940,256,0,0,0,0.0,0.0,0.0,0.0,0.0,0.0,512.0,0.0,0.0,256.0,0.0,0.0,0.0,0.0,0.0,0.0,0.0,0.0,0.0,32428.0,0.0,0.0,0.0,0.0,0.0,0.0,0.0,0.0,0.0,0.0,0.0,0.0,0.0,0.0,0.0,0.0,0.0,0.0,0.0,0.0,0.0,0.0,0.0,0.0,0.0,0.0,0.0,0.0,0.0,0.0,0.0,0.0,0.0,0.0,0.0,0.0,0.0,0.0,0.0,0.0,0.0,0.0,0.0,0.0,0.0
7aad2132.qasm,53,21131,17648,3483,0,645,2,53,464.41509433962267,568,0.1648289243291846,0.1648289243291846,32.76124031007752,86,0.062409288824383166,1,5,4.4366925064599485,10,441,162,0,12266,4257,12266,8865,0,1153,0,331.0,2294.0,3026.0,3104.0,4644.0,3483.0,1161.0,1935.0,1153.0,0.0,0.0,0.0,0.0,0.0,0.0,0.0,0.0,0.0,0.0,0.0,0.0,0.0,0.0,0.0,0.0,0.0,0.0,0.0,0.0,0.0,0.0,0.0,0.0,0.0,0.0,0.0,0.0,0.0,0.0,0.0,0.0,0.0,0.0,0.0,0.0,0.0,0.0,0.0,0.0,0.0,0.0,0.0,0.0,0.0,0.0,0.0,0.0,0.0,0.0,0.0,0.0,0.0,0.0,0.0,0.0
7afdbe61.qasm,28,2991,2069,922,0,2483,2,28,139.75,1301,0.30825810765630224,0.30825810765630224,1.2045912202980267,108,0.2857142857142857,1,7,4.036876355748373,23,524,404,0,2049,1539,2049,942,0,0,0,0.0,0.0,0.0,1539.0,0.0,922.0,510.0,0.0,0.0,20.0,0.0,0.0,0.0,0.0,0.0,0.0,0.0,0.0,0.0,0.0,0.0,0.0,0.0,0.0,0.0,0.0,0.0,0.0,0.0,0.0,0.0,0.0,0.0,0.0,0.0,0.0,0.0,0.0,0.0,0.0,0.0,0.0,0.0,0.0,0.0,0.0,0.0,0.0,0.0,0.0,0.0,0.0,0.0,0.0,0.0,0.0,0.0,0.0,0.0,0.0,0.0,0.0,0.0,0.0,0.0
7b19558f.qasm,128,8320,128,8192,0,256,2,128,129.0,129,0.9846153846153847,0.9846153846153847,32.5,8128,1.0,1,127,43.1640625,127,4160,128,0,8128,8128,8128,192,0,0,0,0.0,0.0,0.0,0.0,0.0,0.0,0.0,0.0,0.0,128.0,0.0,0.0,0.0,0.0,0.0,8128.0,0.0,0.0,0.0,0.0,0.0,0.0,0.0,0.0,0.0,0.0,0.0,64.0,0.0,0.0,0.0,0.0,0.0,0.0,0.0,0.0,0.0,0.0,0.0,0.0,0.0,0.0,0.0,0.0,0.0,0.0,0.0,0.0,0.0,0.0,0.0,0.0,0.0,0.0,0.0,0.0,0.0,0.0,0.0,0.0,0.0,0.0,0.0,0.0,0.0
7bab61ca.qasm,128,254,64,190,0,128,2,128,3.46875,4,0.7480314960629921,0.7480314960629921,1.984375,127,0.015625,1,1,1.0,1,2,3,0,0,0,0,254,0,0,0,0.0,0.0,0.0,0.0,0.0,190.0,0.0,0.0,0.0,64.0,0.0,0.0,0.0,0.0,0.0,0.0,0.0,0.0,0.0,0.0,0.0,0.0,0.0,0.0,0.0,0.0,0.0,0.0,0.0,0.0,0.0,0.0,0.0,0.0,0.0,0.0,0.0,0.0,0.0,0.0,0.0,0.0,0.0,0.0,0.0,0.0,0.0,0.0,0.0,0.0,0.0,0.0,0.0,0.0,0.0,0.0,0.0,0.0,0.0,0.0,0.0,0.0,0.0,0.0,0.0
7be7d477.qasm,53,18789,15693,3096,0,574,2,53,412.92452830188677,505,0.1647772632923519,0.1647772632923519,32.73344947735192,86,0.062409288824383166,1,5,4.093023255813954,10,360,144,0,10929,3784,10929,7860,0,1024,0,302.0,2020.0,2707.0,2760.0,4128.0,3096.0,1032.0,1720.0,1024.0,0.0,0.0,0.0,0.0,0.0,0.0,0.0,0.0,0.0,0.0,0.0,0.0,0.0,0.0,0.0,0.0,0.0,0.0,0.0,0.0,0.0,0.0,0.0,0.0,0.0,0.0,0.0,0.0,0.0,0.0,0.0,0.0,0.0,0.0,0.0,0.0,0.0,0.0,0.0,0.0,0.0,0.0,0.0,0.0,0.0,0.0,0.0,0.0,0.0,0.0,0.0,0.0,0.0,0.0,0.0,0.0
7bf0f1bc.qasm,49,15295,12775,2520,0,502,2,49,363.57142857142856,442,0.16475972540045766,0.16475972540045766,30.46812749003984,80,0.06802721088435375,1,5,3.432142857142857,9,252,126,0,8902,3080,8902,6393,0,818,0,244.0,1655.0,2196.0,2262.0,3360.0,2520.0,840.0,1400.0,818.0,0.0,0.0,0.0,0.0,0.0,0.0,0.0,0.0,0.0,0.0,0.0,0.0,0.0,0.0,0.0,0.0,0.0,0.0,0.0,0.0,0.0,0.0,0.0,0.0,0.0,0.0,0.0,0.0,0.0,0.0,0.0,0.0,0.0,0.0,0.0,0.0,0.0,0.0,0.0,0.0,0.0,0.0,0.0,0.0,0.0,0.0,0.0,0.0,0.0,0.0,0.0,0.0,0.0,0.0,0.0,0.0
7c9f6bae.qasm,50,15674,13091,2583,0,502,2,50,365.14,442,0.1647952022457573,0.1647952022457573,31.223107569721115,82,0.06693877551020408,1,5,3.529616724738676,9,279,126,0,9137,3157,9137,6537,0,839,0,256.0,1680.0,2258.0,2318.0,3444.0,2583.0,861.0,1435.0,839.0,0.0,0.0,0.0,0.0,0.0,0.0,0.0,0.0,0.0,0.0,0.0,0.0,0.0,0.0,0.0,0.0,0.0,0.0,0.0,0.0,0.0,0.0,0.0,0.0,0.0,0.0,0.0,0.0,0.0,0.0,0.0,0.0,0.0,0.0,0.0,0.0,0.0,0.0,0.0,0.0,0.0,0.0,0.0,0.0,0.0,0.0,0.0,0.0,0.0,0.0,0.0,0.0,0.0,0.0,0.0,0.0
7d6d9a38.qasm,53,23473,19603,3870,0,717,2,53,515.9056603773585,631,0.1648702764878797,0.1648702764878797,32.73779637377964,86,0.062409288824383166,1,5,4.093023255813954,10,450,180,0,13659,4730,13659,9814,0,1280,0,378.0,2514.0,3381.0,3450.0,5160.0,3870.0,1290.0,2150.0,1280.0,0.0,0.0,0.0,0.0,0.0,0.0,0.0,0.0,0.0,0.0,0.0,0.0,0.0,0.0,0.0,0.0,0.0,0.0,0.0,0.0,0.0,0.0,0.0,0.0,0.0,0.0,0.0,0.0,0.0,0.0,0.0,0.0,0.0,0.0,0.0,0.0,0.0,0.0,0.0,0.0,0.0,0.0,0.0,0.0,0.0,0.0,0.0,0.0,0.0,0.0,0.0,0.0,0.0,0.0,0.0,0.0
7db40afb.qasm,3,8,6,2,0,6,2,3,3.3333333333333335,6,0.25,0.25,1.3333333333333333,2,0.6666666666666666,1,1,1.0,1,1,2,0,0,2,0,7,1,1,0,0.0,0.0,0.0,0.0,0.0,2.0,0.0,0.0,1.0,4.0,0.0,0.0,0.0,1.0,0.0,0.0,0.0,0.0,0.0,0.0,0.0,0.0,0.0,0.0,0.0,0.0,0.0,0.0,0.0,0.0,0.0,0.0,0.0,0.0,0.0,0.0,0.0,0.0,0.0,0.0,0.0,0.0,0.0,0.0,0.0,0.0,0.0,0.0,0.0,0.0,0.0,0.0,0.0,0.0,0.0,0.0,0.0,0.0,0.0,0.0,0.0,0.0,0.0,0.0,0.0
7fdad0c4.qasm,53,16447,13738,2709,0,503,2,53,361.4339622641509,442,0.16471088952392535,0.16471088952392535,32.69781312127237,86,0.062409288824383166,1,5,3.6511627906976742,10,279,126,0,9574,3311,9574,6873,0,895,0,275.0,1764.0,2368.0,2416.0,3612.0,2709.0,903.0,1505.0,895.0,0.0,0.0,0.0,0.0,0.0,0.0,0.0,0.0,0.0,0.0,0.0,0.0,0.0,0.0,0.0,0.0,0.0,0.0,0.0,0.0,0.0,0.0,0.0,0.0,0.0,0.0,0.0,0.0,0.0,0.0,0.0,0.0,0.0,0.0,0.0,0.0,0.0,0.0,0.0,0.0,0.0,0.0,0.0,0.0,0.0,0.0,0.0,0.0,0.0,0.0,0.0,0.0,0.0,0.0,0.0,0.0
81af3d74.qasm,14,41,28,13,0,16,2,14,3.857142857142857,15,0.3170731707317073,0.3170731707317073,2.5625,13,0.14285714285714285,1,1,7.0,13,13,13,0,0,0,0,41,0,0,0,0.0,0.0,0.0,0.0,0.0,13.0,0.0,0.0,0.0,27.0,0.0,1.0,0.0,0.0,0.0,0.0,0.0,0.0,0.0,0.0,0.0,0.0,0.0,0.0,0.0,0.0,0.0,0.0,0.0,0.0,0.0,0.0,0.0,0.0,0.0,0.0,0.0,0.0,0.0,0.0,0.0,0.0,0.0,0.0,0.0,0.0,0.0,0.0,0.0,0.0,0.0,0.0,0.0,0.0,0.0,0.0,0.0,0.0,0.0,0.0,0.0,0.0,0.0,0.0,0.0
81f388c7.qasm,16,144,16,128,0,32,2,16,17.0,17,0.8888888888888888,0.8888888888888888,4.5,120,1.0,1,15,5.8125,15,72,16,0,120,120,120,24,0,0,0,0.0,0.0,0.0,0.0,0.0,0.0,0.0,0.0,0.0,16.0,0.0,0.0,0.0,0.0,0.0,120.0,0.0,0.0,0.0,0.0,0.0,0.0,0.0,0.0,0.0,0.0,0.0,8.0,0.0,0.0,0.0,0.0,0.0,0.0,0.0,0.0,0.0,0.0,0.0,0.0,0.0,0.0,0.0,0.0,0.0,0.0,0.0,0.0,0.0,0.0,0.0,0.0,0.0,0.0,0.0,0.0,0.0,0.0,0.0,0.0,0.0,0.0,0.0,0.0,0.0
81fdeb0a.qasm,3,19,15,4,0,11,2,3,7.666666666666667,9,0.21052631578947367,0.21052631578947367,1.7272727272727273,2,0.6666666666666666,1,1,1.0,1,2,4,0,2,0,2,17,0,0,0,0.0,0.0,0.0,0.0,2.0,4.0,0.0,0.0,0.0,12.0,0.0,1.0,0.0,0.0,0.0,0.0,0.0,0.0,0.0,0.0,0.0,0.0,0.0,0.0,0.0,0.0,0.0,0.0,0.0,0.0,0.0,0.0,0.0,0.0,0.0,0.0,0.0,0.0,0.0,0.0,0.0,0.0,0.0,0.0,0.0,0.0,0.0,0.0,0.0,0.0,0.0,0.0,0.0,0.0,0.0,0.0,0.0,0.0,0.0,0.0,0.0,0.0,0.0,0.0,0.0
827a3442.qasm,3,15,9,6,0,11,2,3,7.0,8,0.4,0.4,1.3636363636363635,3,1.0,1,2,1.3333333333333333,2,4,4,0,6,3,6,9,0,0,0,0.0,0.0,0.0,3.0,0.0,6.0,3.0,0.0,0.0,3.0,0.0,0.0,0.0,0.0,0.0,0.0,0.0,0.0,0.0,0.0,0.0,0.0,0.0,0.0,0.0,0.0,0.0,0.0,0.0,0.0,0.0,0.0,0.0,0.0,0.0,0.0,0.0,0.0,0.0,0.0,0.0,0.0,0.0,0.0,0.0,0.0,0.0,0.0,0.0,0.0,0.0,0.0,0.0,0.0,0.0,0.0,0.0,0.0,0.0,0.0,0.0,0.0,0.0,0.0,0.0
82b89c68.qasm,58,3651,2489,1162,0,2528,2,58,82.98275862068965,1331,0.3182689674061901,0.3182689674061901,1.4442246835443038,228,0.13793103448275862,1,7,11.258175559380378,53,734,434,0,2439,1929,2439,1212,0,0,0,0.0,0.0,0.0,1929.0,0.0,1162.0,510.0,0.0,0.0,50.0,0.0,0.0,0.0,0.0,0.0,0.0,0.0,0.0,0.0,0.0,0.0,0.0,0.0,0.0,0.0,0.0,0.0,0.0,0.0,0.0,0.0,0.0,0.0,0.0,0.0,0.0,0.0,0.0,0.0,0.0,0.0,0.0,0.0,0.0,0.0,0.0,0.0,0.0,0.0,0.0,0.0,0.0,0.0,0.0,0.0,0.0,0.0,0.0,0.0,0.0,0.0,0.0,0.0,0.0,0.0
831c33e1.qasm,53,18789,15693,3096,0,574,2,53,412.92452830188677,505,0.1647772632923519,0.1647772632923519,32.73344947735192,86,0.062409288824383166,1,5,4.093023255813954,10,360,144,0,10910,3784,10910,7879,0,1024,0,284.0,2039.0,2706.0,2760.0,4128.0,3096.0,1032.0,1720.0,1024.0,0.0,0.0,0.0,0.0,0.0,0.0,0.0,0.0,0.0,0.0,0.0,0.0,0.0,0.0,0.0,0.0,0.0,0.0,0.0,0.0,0.0,0.0,0.0,0.0,0.0,0.0,0.0,0.0,0.0,0.0,0.0,0.0,0.0,0.0,0.0,0.0,0.0,0.0,0.0,0.0,0.0,0.0,0.0,0.0,0.0,0.0,0.0,0.0,0.0,0.0,0.0,0.0,0.0,0.0,0.0,0.0
8335b01d.qasm,23,23,1,22,0,23,2,23,1.9565217391304348,2,0.9565217391304348,0.9565217391304348,1.0,22,0.08695652173913043,1,1,1.0,1,1,2,0,0,0,0,23,0,0,0,0.0,0.0,0.0,0.0,0.0,22.0,0.0,0.0,0.0,1.0,0.0,0.0,0.0,0.0,0.0,0.0,0.0,0.0,0.0,0.0,0.0,0.0,0.0,0.0,0.0,0.0,0.0,0.0,0.0,0.0,0.0,0.0,0.0,0.0,0.0,0.0,0.0,0.0,0.0,0.0,0.0,0.0,0.0,0.0,0.0,0.0,0.0,0.0,0.0,0.0,0.0,0.0,0.0,0.0,0.0,0.0,0.0,0.0,0.0,0.0,0.0,0.0,0.0,0.0,0.0
834596bc.qasm,128,12423,2460,1676,8287,256,4,128,251.78125,256,0.13491105208081783,0.801980198019802,48.52734375,7963,0.9796998031496063,1,124,43.032209473751685,127,15673,517,0,2132,2869,2023,1379,237,261,0,171.0,133.0,120.0,105.0,252.0,67.0,122.0,115.0,123.0,122.0,114.0,127.0,129.0,108.0,156.0,62.0,1694.0,1708.0,75.0,77.0,138.0,0.0,0.0,0.0,1712.0,0.0,73.0,70.0,0.0,0.0,57.0,0.0,0.0,0.0,91.0,0.0,1618.0,813.0,85.0,68.0,62.0,65.0,65.0,742.0,73.0,0.0,0.0,0.0,0.0,0.0,110.0,74.0,71.0,109.0,73.0,76.0,115.0,68.0,67.0,70.0,60.0,86.0,60.0,72.0,0.0
83b22dc5.qasm,24,6808,5692,1116,0,501,2,24,330.1666666666667,442,0.16392479435957696,0.16392479435957696,13.588822355289421,37,0.13405797101449277,1,3,2.903225806451613,6,189,126,0,3959,1364,3959,2849,0,366,0,117.0,747.0,984.0,998.0,1488.0,1116.0,372.0,620.0,366.0,0.0,0.0,0.0,0.0,0.0,0.0,0.0,0.0,0.0,0.0,0.0,0.0,0.0,0.0,0.0,0.0,0.0,0.0,0.0,0.0,0.0,0.0,0.0,0.0,0.0,0.0,0.0,0.0,0.0,0.0,0.0,0.0,0.0,0.0,0.0,0.0,0.0,0.0,0.0,0.0,0.0,0.0,0.0,0.0,0.0,0.0,0.0,0.0,0.0,0.0,0.0,0.0,0.0,0.0,0.0,0.0
8400dcc1.qasm,256,767,512,255,0,257,2,256,3.9921875,4,0.3324641460234681,0.3324641460234681,2.9844357976653697,255,0.0078125,1,1,1.0,1,1,2,0,512,0,512,255,0,0,0,0.0,0.0,256.0,0.0,256.0,255.0,0.0,0.0,0.0,0.0,0.0,0.0,0.0,0.0,0.0,0.0,0.0,0.0,0.0,0.0,0.0,0.0,0.0,0.0,0.0,0.0,0.0,0.0,0.0,0.0,0.0,0.0,0.0,0.0,0.0,0.0,0.0,0.0,0.0,0.0,0.0,0.0,0.0,0.0,0.0,0.0,0.0,0.0,0.0,0.0,0.0,0.0,0.0,0.0,0.0,0.0,0.0,0.0,0.0,0.0,0.0,0.0,0.0,0.0,0.0
8422040e.qasm,65,65,1,64,0,65,2,65,1.9846153846153847,2,0.9846153846153847,0.9846153846153847,1.0,64,0.03076923076923077,1,1,1.0,1,1,2,0,0,0,0,65,0,0,0,0.0,0.0,0.0,0.0,0.0,64.0,0.0,0.0,0.0,1.0,0.0,0.0,0.0,0.0,0.0,0.0,0.0,0.0,0.0,0.0,0.0,0.0,0.0,0.0,0.0,0.0,0.0,0.0,0.0,0.0,0.0,0.0,0.0,0.0,0.0,0.0,0.0,0.0,0.0,0.0,0.0,0.0,0.0,0.0,0.0,0.0,0.0,0.0,0.0,0.0,0.0,0.0,0.0,0.0,0.0,0.0,0.0,0.0,0.0,0.0,0.0,0.0,0.0,0.0,0.0
84fe3fba.qasm,34,18141,11855,6286,0,7976,2,34,718.4411764705883,2276,0.3465079102585304,0.3465079102585304,2.2744483450351054,151,0.26916221033868093,1,6,15.759147311485842,29,5188,1568,0,11555,8281,11555,6586,0,0,0,0.0,0.0,0.0,8281.0,0.0,6286.0,3274.0,0.0,0.0,300.0,0.0,0.0,0.0,0.0,0.0,0.0,0.0,0.0,0.0,0.0,0.0,0.0,0.0,0.0,0.0,0.0,0.0,0.0,0.0,0.0,0.0,0.0,0.0,0.0,0.0,0.0,0.0,0.0,0.0,0.0,0.0,0.0,0.0,0.0,0.0,0.0,0.0,0.0,0.0,0.0,0.0,0.0,0.0,0.0,0.0,0.0,0.0,0.0,0.0,0.0,0.0,0.0,0.0,0.0,0.0
85317608.qasm,32,221,128,93,0,39,2,32,9.8125,10,0.42081447963800905,0.42081447963800905,5.666666666666667,31,0.0625,1,1,1.0,1,3,6,0,128,0,128,93,0,0,0,0.0,0.0,128.0,0.0,0.0,93.0,0.0,0.0,0.0,0.0,0.0,0.0,0.0,0.0,0.0,0.0,0.0,0.0,0.0,0.0,0.0,0.0,0.0,0.0,0.0,0.0,0.0,0.0,0.0,0.0,0.0,0.0,0.0,0.0,0.0,0.0,0.0,0.0,0.0,0.0,0.0,0.0,0.0,0.0,0.0,0.0,0.0,0.0,0.0,0.0,0.0,0.0,0.0,0.0,0.0,0.0,0.0,0.0,0.0,0.0,0.0,0.0,0.0,0.0,0.0
85863407.qasm,47,13861,11584,2277,0,502,2,47,343.36170212765956,442,0.16427386191472476,0.16427386191472476,27.611553784860558,74,0.06845513413506013,1,4,3.4071146245059287,9,243,126,0,8061,2783,8061,5800,0,745,0,234.0,1513.0,1994.0,2038.0,3036.0,2277.0,759.0,1265.0,745.0,0.0,0.0,0.0,0.0,0.0,0.0,0.0,0.0,0.0,0.0,0.0,0.0,0.0,0.0,0.0,0.0,0.0,0.0,0.0,0.0,0.0,0.0,0.0,0.0,0.0,0.0,0.0,0.0,0.0,0.0,0.0,0.0,0.0,0.0,0.0,0.0,0.0,0.0,0.0,0.0,0.0,0.0,0.0,0.0,0.0,0.0,0.0,0.0,0.0,0.0,0.0,0.0,0.0,0.0,0.0,0.0
860cc392.qasm,47,13861,11584,2277,0,502,2,47,343.36170212765956,442,0.16427386191472476,0.16427386191472476,27.611553784860558,74,0.06845513413506013,1,4,3.4071146245059287,9,243,126,0,8077,2783,8077,5784,0,745,0,241.0,1497.0,2003.0,2038.0,3036.0,2277.0,759.0,1265.0,745.0,0.0,0.0,0.0,0.0,0.0,0.0,0.0,0.0,0.0,0.0,0.0,0.0,0.0,0.0,0.0,0.0,0.0,0.0,0.0,0.0,0.0,0.0,0.0,0.0,0.0,0.0,0.0,0.0,0.0,0.0,0.0,0.0,0.0,0.0,0.0,0.0,0.0,0.0,0.0,0.0,0.0,0.0,0.0,0.0,0.0,0.0,0.0,0.0,0.0,0.0,0.0,0.0,0.0,0.0,0.0,0.0
86464ad3.qasm,8,56,19,36,1,33,6,8,12.125,13,0.6428571428571429,0.6607142857142857,1.696969696969697,27,0.9642857142857143,1,6,2.784313725490196,6,30,14,0,33,27,33,22,0,0,0,0.0,0.0,0.0,0.0,0.0,0.0,0.0,0.0,0.0,18.0,0.0,1.0,0.0,0.0,0.0,27.0,0.0,0.0,0.0,0.0,0.0,0.0,0.0,0.0,0.0,1.0,6.0,3.0,0.0,0.0,0.0,0.0,0.0,0.0,0.0,0.0,0.0,0.0,0.0,0.0,0.0,0.0,0.0,0.0,0.0,0.0,0.0,0.0,0.0,0.0,0.0,0.0,0.0,0.0,0.0,0.0,0.0,0.0,0.0,0.0,0.0,0.0,0.0,0.0,0.0
871618c1.qasm,32,9580,8005,1575,0,501,2,32,348.59375,442,0.16440501043841335,0.16440501043841335,19.121756487025948,50,0.10080645161290322,1,3,2.954285714285714,7,198,126,0,5573,1925,5573,4007,0,519,0,164.0,1038.0,1378.0,1406.0,2100.0,1575.0,525.0,875.0,519.0,0.0,0.0,0.0,0.0,0.0,0.0,0.0,0.0,0.0,0.0,0.0,0.0,0.0,0.0,0.0,0.0,0.0,0.0,0.0,0.0,0.0,0.0,0.0,0.0,0.0,0.0,0.0,0.0,0.0,0.0,0.0,0.0,0.0,0.0,0.0,0.0,0.0,0.0,0.0,0.0,0.0,0.0,0.0,0.0,0.0,0.0,0.0,0.0,0.0,0.0,0.0,0.0,0.0,0.0,0.0,0.0
8732dc00.qasm,64,445,256,189,0,71,2,64,9.90625,10,0.4247191011235955,0.4247191011235955,6.267605633802817,63,0.03125,1,1,1.0,1,3,6,0,256,0,256,189,0,0,0,0.0,0.0,0.0,0.0,256.0,189.0,0.0,0.0,0.0,0.0,0.0,0.0,0.0,0.0,0.0,0.0,0.0,0.0,0.0,0.0,0.0,0.0,0.0,0.0,0.0,0.0,0.0,0.0,0.0,0.0,0.0,0.0,0.0,0.0,0.0,0.0,0.0,0.0,0.0,0.0,0.0,0.0,0.0,0.0,0.0,0.0,0.0,0.0,0.0,0.0,0.0,0.0,0.0,0.0,0.0,0.0,0.0,0.0,0.0,0.0,0.0,0.0,0.0,0.0,0.0
884b47f6.qasm,56,2856,1176,1680,0,81,2,56,81.0,81,0.5882352941176471,0.5882352941176471,35.25925925925926,84,0.05454545454545454,1,13,10.5,49,420,60,0,2856,1680,2856,0,0,0,0,0.0,0.0,0.0,0.0,0.0,0.0,1176.0,0.0,0.0,0.0,0.0,0.0,0.0,0.0,0.0,0.0,0.0,0.0,0.0,1680.0,0.0,0.0,0.0,0.0,0.0,0.0,0.0,0.0,0.0,0.0,0.0,0.0,0.0,0.0,0.0,0.0,0.0,0.0,0.0,0.0,0.0,0.0,0.0,0.0,0.0,0.0,0.0,0.0,0.0,0.0,0.0,0.0,0.0,0.0,0.0,0.0,0.0,0.0,0.0,0.0,0.0,0.0,0.0,0.0,0.0
885efe5b.qasm,24,6808,5692,1116,0,501,2,24,330.1666666666667,442,0.16392479435957696,0.16392479435957696,13.588822355289421,37,0.13405797101449277,1,3,2.903225806451613,6,189,126,0,3965,1364,3965,2843,0,366,0,115.0,741.0,992.0,998.0,1488.0,1116.0,372.0,620.0,366.0,0.0,0.0,0.0,0.0,0.0,0.0,0.0,0.0,0.0,0.0,0.0,0.0,0.0,0.0,0.0,0.0,0.0,0.0,0.0,0.0,0.0,0.0,0.0,0.0,0.0,0.0,0.0,0.0,0.0,0.0,0.0,0.0,0.0,0.0,0.0,0.0,0.0,0.0,0.0,0.0,0.0,0.0,0.0,0.0,0.0,0.0,0.0,0.0,0.0,0.0,0.0,0.0,0.0,0.0,0.0,0.0
8930abda.qasm,128,383,256,127,0,129,2,128,3.984375,4,0.33159268929503916,0.33159268929503916,2.9689922480620154,127,0.015625,1,1,1.0,1,1,2,0,256,0,256,127,0,0,0,0.0,0.0,128.0,0.0,128.0,127.0,0.0,0.0,0.0,0.0,0.0,0.0,0.0,0.0,0.0,0.0,0.0,0.0,0.0,0.0,0.0,0.0,0.0,0.0,0.0,0.0,0.0,0.0,0.0,0.0,0.0,0.0,0.0,0.0,0.0,0.0,0.0,0.0,0.0,0.0,0.0,0.0,0.0,0.0,0.0,0.0,0.0,0.0,0.0,0.0,0.0,0.0,0.0,0.0,0.0,0.0,0.0,0.0,0.0,0.0,0.0,0.0,0.0,0.0,0.0
896404d8.qasm,34,17909,11655,6254,0,7752,2,34,710.6764705882352,2276,0.3492098944664694,0.3492098944664694,2.3102425180598556,151,0.26916221033868093,1,6,15.829868883914294,29,5188,1568,0,11355,8137,11355,6554,0,0,0,0.0,0.0,0.0,8137.0,0.0,6254.0,3218.0,0.0,0.0,300.0,0.0,0.0,0.0,0.0,0.0,0.0,0.0,0.0,0.0,0.0,0.0,0.0,0.0,0.0,0.0,0.0,0.0,0.0,0.0,0.0,0.0,0.0,0.0,0.0,0.0,0.0,0.0,0.0,0.0,0.0,0.0,0.0,0.0,0.0,0.0,0.0,0.0,0.0,0.0,0.0,0.0,0.0,0.0,0.0,0.0,0.0,0.0,0.0,0.0,0.0,0.0,0.0,0.0,0.0,0.0
8a146ce3.qasm,30,100142,72406,27736,0,25122,2,30,4262.6,5366,0.2769667072756686,0.2769667072756686,3.9862272112092985,435,1.0,1,29,10.34222670897029,29,14397,2328,0,25883,35525,25883,74259,0,25152,0,0.0,0.0,0.0,5066.0,0.0,22429.0,15510.0,0.0,12573.0,26678.0,0.0,0.0,0.0,0.0,0.0,0.0,0.0,0.0,0.0,5307.0,12579.0,0.0,0.0,0.0,0.0,0.0,0.0,0.0,0.0,0.0,0.0,0.0,0.0,0.0,0.0,0.0,0.0,0.0,0.0,0.0,0.0,0.0,0.0,0.0,0.0,0.0,0.0,0.0,0.0,0.0,0.0,0.0,0.0,0.0,0.0,0.0,0.0,0.0,0.0,0.0,0.0,0.0,0.0,0.0,0.0
8a1c1c3f.qasm,8,53,32,21,0,15,2,8,9.25,10,0.39622641509433965,0.39622641509433965,3.533333333333333,7,0.25,1,1,1.0,1,3,6,0,32,0,32,21,0,0,0,0.0,0.0,0.0,0.0,32.0,21.0,0.0,0.0,0.0,0.0,0.0,0.0,0.0,0.0,0.0,0.0,0.0,0.0,0.0,0.0,0.0,0.0,0.0,0.0,0.0,0.0,0.0,0.0,0.0,0.0,0.0,0.0,0.0,0.0,0.0,0.0,0.0,0.0,0.0,0.0,0.0,0.0,0.0,0.0,0.0,0.0,0.0,0.0,0.0,0.0,0.0,0.0,0.0,0.0,0.0,0.0,0.0,0.0,0.0,0.0,0.0,0.0,0.0,0.0,0.0
8a2ab626.qasm,53,13689,11439,2250,0,432,2,53,300.7358490566038,379,0.16436554898093358,0.16436554898093358,31.6875,86,0.062409288824383166,1,5,4.096,10,261,108,0,7958,2750,7958,5731,0,744,0,219.0,1487.0,1983.0,2006.0,3000.0,2250.0,750.0,1250.0,744.0,0.0,0.0,0.0,0.0,0.0,0.0,0.0,0.0,0.0,0.0,0.0,0.0,0.0,0.0,0.0,0.0,0.0,0.0,0.0,0.0,0.0,0.0,0.0,0.0,0.0,0.0,0.0,0.0,0.0,0.0,0.0,0.0,0.0,0.0,0.0,0.0,0.0,0.0,0.0,0.0,0.0,0.0,0.0,0.0,0.0,0.0,0.0,0.0,0.0,0.0,0.0,0.0,0.0,0.0,0.0,0.0
8b77bf87.qasm,256,1789,1024,765,0,263,2,256,9.9765625,10,0.4276131917272219,0.4276131917272219,6.802281368821292,255,0.0078125,1,1,1.0,1,3,6,0,1024,0,1024,765,0,0,0,0.0,0.0,0.0,0.0,1024.0,765.0,0.0,0.0,0.0,0.0,0.0,0.0,0.0,0.0,0.0,0.0,0.0,0.0,0.0,0.0,0.0,0.0,0.0,0.0,0.0,0.0,0.0,0.0,0.0,0.0,0.0,0.0,0.0,0.0,0.0,0.0,0.0,0.0,0.0,0.0,0.0,0.0,0.0,0.0,0.0,0.0,0.0,0.0,0.0,0.0,0.0,0.0,0.0,0.0,0.0,0.0,0.0,0.0,0.0,0.0,0.0,0.0,0.0,0.0,0.0
8bd576fc.qasm,56,2576,1064,1512,0,73,2,56,73.0,73,0.5869565217391305,0.5869565217391305,35.28767123287671,84,0.05454545454545454,1,13,10.5,49,378,54,0,2576,1512,2576,0,0,0,0,0.0,0.0,0.0,0.0,0.0,0.0,1064.0,0.0,0.0,0.0,0.0,0.0,0.0,0.0,0.0,0.0,0.0,0.0,0.0,1512.0,0.0,0.0,0.0,0.0,0.0,0.0,0.0,0.0,0.0,0.0,0.0,0.0,0.0,0.0,0.0,0.0,0.0,0.0,0.0,0.0,0.0,0.0,0.0,0.0,0.0,0.0,0.0,0.0,0.0,0.0,0.0,0.0,0.0,0.0,0.0,0.0,0.0,0.0,0.0,0.0,0.0,0.0,0.0,0.0,0.0
8c01a935.qasm,115,704,247,457,0,23,2,115,10.095652173913043,16,0.6491477272727273,0.6491477272727273,30.608695652173914,407,0.062090007627765065,1,29,10.199124726477024,23,57,13,0,0,65,0,639,65,0,0,0.0,0.0,0.0,0.0,0.0,457.0,0.0,0.0,0.0,182.0,0.0,0.0,0.0,65.0,0.0,0.0,0.0,0.0,0.0,0.0,0.0,0.0,0.0,0.0,0.0,0.0,0.0,0.0,0.0,0.0,0.0,0.0,0.0,0.0,0.0,0.0,0.0,0.0,0.0,0.0,0.0,0.0,0.0,0.0,0.0,0.0,0.0,0.0,0.0,0.0,0.0,0.0,0.0,0.0,0.0,0.0,0.0,0.0,0.0,0.0,0.0,0.0,0.0,0.0,0.0
8d5010bc.qasm,16,32,31,0,1,3,16,16,2.9375,3,0.0,0.03125,10.666666666666666,120,1.0,1,15,5.666666666666667,15,64,15,0,1,0,1,30,0,0,0,1.0,0.0,0.0,0.0,0.0,0.0,0.0,0.0,0.0,30.0,0.0,0.0,0.0,0.0,0.0,0.0,0.0,0.0,0.0,0.0,0.0,0.0,0.0,0.0,0.0,0.0,0.0,0.0,0.0,0.0,0.0,0.0,0.0,0.0,0.0,1.0,0.0,0.0,0.0,0.0,0.0,0.0,0.0,0.0,0.0,0.0,0.0,0.0,0.0,0.0,0.0,0.0,0.0,0.0,0.0,0.0,0.0,0.0,0.0,0.0,0.0,0.0,0.0,0.0,0.0
8d9d4033.qasm,20,5760,4815,945,0,501,2,20,335.25,442,0.1640625,0.1640625,11.497005988023952,30,0.15789473684210525,1,3,2.5428571428571427,5,171,126,0,3354,1155,3354,2406,0,309,0,105.0,627.0,828.0,846.0,1260.0,945.0,315.0,525.0,309.0,0.0,0.0,0.0,0.0,0.0,0.0,0.0,0.0,0.0,0.0,0.0,0.0,0.0,0.0,0.0,0.0,0.0,0.0,0.0,0.0,0.0,0.0,0.0,0.0,0.0,0.0,0.0,0.0,0.0,0.0,0.0,0.0,0.0,0.0,0.0,0.0,0.0,0.0,0.0,0.0,0.0,0.0,0.0,0.0,0.0,0.0,0.0,0.0,0.0,0.0,0.0,0.0,0.0,0.0,0.0,0.0
8e84b85a.qasm,8,18,0,0,18,15,4,8,7.0,8,0.0,1.0,1.2,26,0.9285714285714286,1,6,3.0,7,32,16,0,16,0,0,0,0,0,0,0.0,0.0,0.0,0.0,0.0,0.0,0.0,0.0,0.0,0.0,0.0,0.0,0.0,0.0,0.0,0.0,0.0,0.0,0.0,0.0,0.0,2.0,16.0,0.0,0.0,0.0,0.0,0.0,0.0,0.0,0.0,0.0,0.0,0.0,0.0,0.0,0.0,0.0,0.0,0.0,0.0,0.0,0.0,0.0,0.0,0.0,0.0,0.0,0.0,0.0,0.0,0.0,0.0,0.0,0.0,0.0,0.0,0.0,0.0,0.0,0.0,0.0,0.0,0.0,0.0
8e9564e3.qasm,41,12107,10118,1989,0,501,2,41,343.8048780487805,442,0.16428512430825143,0.16428512430825143,24.16566866267465,65,0.07926829268292683,1,4,3.248868778280543,8,216,126,0,7042,2431,7042,5065,0,657,0,208.0,1314.0,1745.0,1774.0,2652.0,1989.0,663.0,1105.0,657.0,0.0,0.0,0.0,0.0,0.0,0.0,0.0,0.0,0.0,0.0,0.0,0.0,0.0,0.0,0.0,0.0,0.0,0.0,0.0,0.0,0.0,0.0,0.0,0.0,0.0,0.0,0.0,0.0,0.0,0.0,0.0,0.0,0.0,0.0,0.0,0.0,0.0,0.0,0.0,0.0,0.0,0.0,0.0,0.0,0.0,0.0,0.0,0.0,0.0,0.0,0.0,0.0,0.0,0.0,0.0,0.0
8f4e1b64.qasm,36,38069,24995,13074,0,17298,2,36,1420.638888888889,4676,0.3434290367490609,0.3434290367490609,2.2007746560295987,172,0.273015873015873,1,7,16.79057671714854,31,10436,3168,0,24375,17485,24375,13694,0,0,0,0.0,0.0,0.0,17485.0,0.0,13074.0,6890.0,0.0,0.0,620.0,0.0,0.0,0.0,0.0,0.0,0.0,0.0,0.0,0.0,0.0,0.0,0.0,0.0,0.0,0.0,0.0,0.0,0.0,0.0,0.0,0.0,0.0,0.0,0.0,0.0,0.0,0.0,0.0,0.0,0.0,0.0,0.0,0.0,0.0,0.0,0.0,0.0,0.0,0.0,0.0,0.0,0.0,0.0,0.0,0.0,0.0,0.0,0.0,0.0,0.0,0.0,0.0,0.0,0.0,0.0
8f564e3e.qasm,53,16447,13738,2709,0,503,2,53,361.4339622641509,442,0.16471088952392535,0.16471088952392535,32.69781312127237,86,0.062409288824383166,1,5,3.6511627906976742,10,279,126,0,9553,3311,9553,6894,0,895,0,263.0,1785.0,2359.0,2416.0,3612.0,2709.0,903.0,1505.0,895.0,0.0,0.0,0.0,0.0,0.0,0.0,0.0,0.0,0.0,0.0,0.0,0.0,0.0,0.0,0.0,0.0,0.0,0.0,0.0,0.0,0.0,0.0,0.0,0.0,0.0,0.0,0.0,0.0,0.0,0.0,0.0,0.0,0.0,0.0,0.0,0.0,0.0,0.0,0.0,0.0,0.0,0.0,0.0,0.0,0.0,0.0,0.0,0.0,0.0,0.0,0.0,0.0,0.0,0.0,0.0,0.0
8f8fbcbd.qasm,58,437338,312287,125051,0,82757,2,58,9696.362068965518,13470,0.2859367354311768,0.2859367354311768,5.284604323501335,1653,1.0,1,57,19.915202597340286,57,63709,5907,0,92153,152772,92153,345185,0,119525,0,0.0,0.0,0.0,15401.0,0.0,107205.0,58906.0,0.0,59760.0,118455.0,0.0,0.0,0.0,0.0,0.0,0.0,0.0,0.0,0.0,17846.0,59765.0,0.0,0.0,0.0,0.0,0.0,0.0,0.0,0.0,0.0,0.0,0.0,0.0,0.0,0.0,0.0,0.0,0.0,0.0,0.0,0.0,0.0,0.0,0.0,0.0,0.0,0.0,0.0,0.0,0.0,0.0,0.0,0.0,0.0,0.0,0.0,0.0,0.0,0.0,0.0,0.0,0.0,0.0,0.0,0.0
8fb9e9ac.qasm,63,2544,1226,1257,61,1306,3,63,62.26984126984127,429,0.49410377358490565,0.5180817610062893,1.9479326186830015,219,0.11213517665130568,1,10,22.803472222222222,55,878,257,0,701,848,701,1334,448,0,0,293.0,0.0,0.0,0.0,8.0,1257.0,0.0,0.0,0.0,27.0,376.0,50.0,224.0,224.0,24.0,0.0,0.0,61.0,0.0,0.0,0.0,0.0,0.0,0.0,0.0,0.0,0.0,0.0,0.0,0.0,0.0,0.0,0.0,0.0,0.0,0.0,0.0,0.0,0.0,0.0,0.0,0.0,0.0,0.0,0.0,0.0,0.0,0.0,0.0,0.0,0.0,0.0,0.0,0.0,0.0,0.0,0.0,0.0,0.0,0.0,0.0,0.0,0.0,0.0,0.0
9143d50f.qasm,256,255,0,1,254,255,3,256,2.984375,4,0.00392156862745098,1.0,1.0,382,0.01170343137254902,1,2,85.38925294888598,128,509,8,0,0,0,0,1,0,0,0,0.0,0.0,0.0,0.0,0.0,1.0,0.0,0.0,0.0,0.0,0.0,0.0,0.0,0.0,0.0,0.0,0.0,0.0,0.0,0.0,0.0,0.0,0.0,0.0,0.0,0.0,0.0,0.0,0.0,0.0,0.0,127.0,127.0,0.0,0.0,0.0,0.0,0.0,0.0,0.0,0.0,0.0,0.0,0.0,0.0,0.0,0.0,0.0,0.0,0.0,0.0,0.0,0.0,0.0,0.0,0.0,0.0,0.0,0.0,0.0,0.0,0.0,0.0,0.0,0.0
917fa943.qasm,56,896,392,504,0,25,2,56,25.0,25,0.5625,0.5625,35.84,84,0.05454545454545454,1,13,10.5,49,126,18,0,896,504,896,0,0,0,0,0.0,0.0,0.0,0.0,0.0,0.0,392.0,0.0,0.0,0.0,0.0,0.0,0.0,0.0,0.0,0.0,0.0,0.0,0.0,504.0,0.0,0.0,0.0,0.0,0.0,0.0,0.0,0.0,0.0,0.0,0.0,0.0,0.0,0.0,0.0,0.0,0.0,0.0,0.0,0.0,0.0,0.0,0.0,0.0,0.0,0.0,0.0,0.0,0.0,0.0,0.0,0.0,0.0,0.0,0.0,0.0,0.0,0.0,0.0,0.0,0.0,0.0,0.0,0.0,0.0
92f98bb3.qasm,12,2988,2502,486,0,464,2,12,289.5,355,0.16265060240963855,0.16265060240963855,6.439655172413793,17,0.25757575757575757,1,3,2.2222222222222223,4,135,99,0,1736,594,1736,1252,0,162,0,57.0,334.0,437.0,432.0,648.0,486.0,162.0,270.0,162.0,0.0,0.0,0.0,0.0,0.0,0.0,0.0,0.0,0.0,0.0,0.0,0.0,0.0,0.0,0.0,0.0,0.0,0.0,0.0,0.0,0.0,0.0,0.0,0.0,0.0,0.0,0.0,0.0,0.0,0.0,0.0,0.0,0.0,0.0,0.0,0.0,0.0,0.0,0.0,0.0,0.0,0.0,0.0,0.0,0.0,0.0,0.0,0.0,0.0,0.0,0.0,0.0,0.0,0.0,0.0,0.0
933b305c.qasm,45,13935,11640,2295,0,501,2,45,360.6666666666667,442,0.16469321851453175,0.16469321851453175,27.81437125748503,73,0.07373737373737374,1,5,3.3529411764705883,8,252,126,0,8114,2805,8114,5821,0,751,0,230.0,1500.0,2005.0,2054.0,3060.0,2295.0,765.0,1275.0,751.0,0.0,0.0,0.0,0.0,0.0,0.0,0.0,0.0,0.0,0.0,0.0,0.0,0.0,0.0,0.0,0.0,0.0,0.0,0.0,0.0,0.0,0.0,0.0,0.0,0.0,0.0,0.0,0.0,0.0,0.0,0.0,0.0,0.0,0.0,0.0,0.0,0.0,0.0,0.0,0.0,0.0,0.0,0.0,0.0,0.0,0.0,0.0,0.0,0.0,0.0,0.0,0.0,0.0,0.0,0.0,0.0
93865be7.qasm,4,4,4,0,0,1,1,4,1.0,1,0.0,0.0,4.0,0,0.0,4,0,0.0,0,0,0,0,0,0,0,4,0,0,0,0.0,0.0,0.0,0.0,0.0,0.0,0.0,0.0,0.0,4.0,0.0,0.0,0.0,0.0,0.0,0.0,0.0,0.0,0.0,0.0,0.0,0.0,0.0,0.0,0.0,0.0,0.0,0.0,0.0,0.0,0.0,0.0,0.0,0.0,0.0,0.0,0.0,0.0,0.0,0.0,0.0,0.0,0.0,0.0,0.0,0.0,0.0,0.0,0.0,0.0,0.0,0.0,0.0,0.0,0.0,0.0,0.0,0.0,0.0,0.0,0.0,0.0,0.0,0.0,0.0
9395edc6.qasm,13,72,26,46,0,24,2,13,9.076923076923077,16,0.6388888888888888,0.6388888888888888,3.0,35,0.44871794871794873,1,5,4.478260869565218,10,28,12,0,0,7,0,72,0,0,0,0.0,0.0,0.0,0.0,0.0,46.0,0.0,0.0,0.0,12.0,0.0,7.0,0.0,0.0,0.0,0.0,0.0,0.0,0.0,0.0,0.0,0.0,0.0,0.0,0.0,0.0,0.0,0.0,0.0,0.0,0.0,0.0,0.0,0.0,7.0,0.0,0.0,0.0,0.0,0.0,0.0,0.0,0.0,0.0,0.0,0.0,0.0,0.0,0.0,0.0,0.0,0.0,0.0,0.0,0.0,0.0,0.0,0.0,0.0,0.0,0.0,0.0,0.0,0.0,0.0
93c78575.qasm,51,16053,13407,2646,0,502,2,51,366.6470588235294,442,0.1648290039245001,0.1648290039245001,31.97808764940239,84,0.06588235294117648,1,5,3.622448979591837,9,279,126,0,9338,3234,9338,6715,0,860,0,252.0,1739.0,2302.0,2374.0,3528.0,2646.0,882.0,1470.0,860.0,0.0,0.0,0.0,0.0,0.0,0.0,0.0,0.0,0.0,0.0,0.0,0.0,0.0,0.0,0.0,0.0,0.0,0.0,0.0,0.0,0.0,0.0,0.0,0.0,0.0,0.0,0.0,0.0,0.0,0.0,0.0,0.0,0.0,0.0,0.0,0.0,0.0,0.0,0.0,0.0,0.0,0.0,0.0,0.0,0.0,0.0,0.0,0.0,0.0,0.0,0.0,0.0,0.0,0.0,0.0,0.0
9429600a.qasm,49,15295,12775,2520,0,502,2,49,363.57142857142856,442,0.16475972540045766,0.16475972540045766,30.46812749003984,80,0.06802721088435375,1,5,3.432142857142857,9,252,126,0,8916,3080,8916,6379,0,818,0,250.0,1641.0,2204.0,2262.0,3360.0,2520.0,840.0,1400.0,818.0,0.0,0.0,0.0,0.0,0.0,0.0,0.0,0.0,0.0,0.0,0.0,0.0,0.0,0.0,0.0,0.0,0.0,0.0,0.0,0.0,0.0,0.0,0.0,0.0,0.0,0.0,0.0,0.0,0.0,0.0,0.0,0.0,0.0,0.0,0.0,0.0,0.0,0.0,0.0,0.0,0.0,0.0,0.0,0.0,0.0,0.0,0.0,0.0,0.0,0.0,0.0,0.0,0.0,0.0,0.0,0.0
94f4e26a.qasm,53,20143,16831,3312,0,645,2,53,442.54716981132077,568,0.16442436578463981,0.16442436578463981,31.229457364341084,86,0.062409288824383166,1,5,4.418478260869565,10,414,162,0,11699,4048,11699,8444,0,1096,0,324.0,2196.0,2903.0,2952.0,4416.0,3312.0,1104.0,1840.0,1096.0,0.0,0.0,0.0,0.0,0.0,0.0,0.0,0.0,0.0,0.0,0.0,0.0,0.0,0.0,0.0,0.0,0.0,0.0,0.0,0.0,0.0,0.0,0.0,0.0,0.0,0.0,0.0,0.0,0.0,0.0,0.0,0.0,0.0,0.0,0.0,0.0,0.0,0.0,0.0,0.0,0.0,0.0,0.0,0.0,0.0,0.0,0.0,0.0,0.0,0.0,0.0,0.0,0.0,0.0,0.0,0.0
950704f2.qasm,128,8446,255,8191,0,382,2,128,129.9765625,130,0.9698081932275634,0.9698081932275634,22.10994764397906,8128,1.0,1,127,43.161518740080574,127,4159,128,0,8128,8128,8128,318,0,0,0,0.0,0.0,0.0,0.0,0.0,0.0,0.0,0.0,0.0,254.0,0.0,1.0,0.0,0.0,0.0,8128.0,0.0,0.0,0.0,0.0,0.0,0.0,0.0,0.0,0.0,0.0,0.0,63.0,0.0,0.0,0.0,0.0,0.0,0.0,0.0,0.0,0.0,0.0,0.0,0.0,0.0,0.0,0.0,0.0,0.0,0.0,0.0,0.0,0.0,0.0,0.0,0.0,0.0,0.0,0.0,0.0,0.0,0.0,0.0,0.0,0.0,0.0,0.0,0.0,0.0
954ad251.qasm,2,16,14,2,0,11,2,2,9.0,11,0.125,0.125,1.4545454545454546,1,1.0,1,1,1.0,1,2,2,0,0,0,0,16,0,0,0,0.0,0.0,0.0,0.0,0.0,2.0,0.0,0.0,0.0,10.0,0.0,4.0,0.0,0.0,0.0,0.0,0.0,0.0,0.0,0.0,0.0,0.0,0.0,0.0,0.0,0.0,0.0,0.0,0.0,0.0,0.0,0.0,0.0,0.0,0.0,0.0,0.0,0.0,0.0,0.0,0.0,0.0,0.0,0.0,0.0,0.0,0.0,0.0,0.0,0.0,0.0,0.0,0.0,0.0,0.0,0.0,0.0,0.0,0.0,0.0,0.0,0.0,0.0,0.0,0.0
957c248b.qasm,32,574,63,511,0,94,2,32,33.90625,34,0.8902439024390244,0.8902439024390244,6.1063829787234045,496,1.0,1,31,11.146771037181995,31,271,32,0,496,496,496,78,0,0,0,0.0,0.0,0.0,0.0,0.0,0.0,0.0,0.0,0.0,62.0,0.0,1.0,0.0,0.0,0.0,496.0,0.0,0.0,0.0,0.0,0.0,0.0,0.0,0.0,0.0,0.0,0.0,15.0,0.0,0.0,0.0,0.0,0.0,0.0,0.0,0.0,0.0,0.0,0.0,0.0,0.0,0.0,0.0,0.0,0.0,0.0,0.0,0.0,0.0,0.0,0.0,0.0,0.0,0.0,0.0,0.0,0.0,0.0,0.0,0.0,0.0,0.0,0.0,0.0,0.0
964382be.qasm,53,20143,16831,3312,0,645,2,53,442.54716981132077,568,0.16442436578463981,0.16442436578463981,31.229457364341084,86,0.062409288824383166,1,5,4.418478260869565,10,414,162,0,11723,4048,11723,8420,0,1096,0,344.0,2172.0,2907.0,2952.0,4416.0,3312.0,1104.0,1840.0,1096.0,0.0,0.0,0.0,0.0,0.0,0.0,0.0,0.0,0.0,0.0,0.0,0.0,0.0,0.0,0.0,0.0,0.0,0.0,0.0,0.0,0.0,0.0,0.0,0.0,0.0,0.0,0.0,0.0,0.0,0.0,0.0,0.0,0.0,0.0,0.0,0.0,0.0,0.0,0.0,0.0,0.0,0.0,0.0,0.0,0.0,0.0,0.0,0.0,0.0,0.0,0.0,0.0,0.0,0.0,0.0,0.0
965eb08c.qasm,43,12865,10750,2115,0,501,2,43,348.3720930232558,442,0.16439953361834433,0.16439953361834433,25.67864271457086,69,0.07641196013289037,1,4,3.3404255319148937,8,243,126,0,7485,2585,7485,5380,0,691,0,215.0,1399.0,1851.0,1894.0,2820.0,2115.0,705.0,1175.0,691.0,0.0,0.0,0.0,0.0,0.0,0.0,0.0,0.0,0.0,0.0,0.0,0.0,0.0,0.0,0.0,0.0,0.0,0.0,0.0,0.0,0.0,0.0,0.0,0.0,0.0,0.0,0.0,0.0,0.0,0.0,0.0,0.0,0.0,0.0,0.0,0.0,0.0,0.0,0.0,0.0,0.0,0.0,0.0,0.0,0.0,0.0,0.0,0.0,0.0,0.0,0.0,0.0,0.0,0.0,0.0,0.0
96876fa5.qasm,16,20510,10658,8478,1374,15764,3,16,1983.5,4158,0.413359336908825,0.480351048269137,1.3010657193605684,106,0.8833333333333333,1,12,5.63,15,6744,2802,0,5017,6744,5017,9913,4206,0,0,2281.0,0.0,0.0,0.0,198.0,8478.0,0.0,0.0,0.0,206.0,2388.0,1229.0,2106.0,2100.0,150.0,0.0,1296.0,78.0,0.0,0.0,0.0,0.0,0.0,0.0,0.0,0.0,0.0,0.0,0.0,0.0,0.0,0.0,0.0,0.0,0.0,0.0,0.0,0.0,0.0,0.0,0.0,0.0,0.0,0.0,0.0,0.0,0.0,0.0,0.0,0.0,0.0,0.0,0.0,0.0,0.0,0.0,0.0,0.0,0.0,0.0,0.0,0.0,0.0,0.0,0.0
96f82da7.qasm,256,382,255,127,0,129,2,128,1.98828125,128,0.3324607329842932,0.3324607329842932,2.9612403100775193,127,0.0038909313725490197,129,1,128.0,254,127,127,0,0,127,0,382,0,0,128,0.0,0.0,0.0,0.0,0.0,0.0,0.0,0.0,0.0,254.0,0.0,1.0,0.0,0.0,0.0,0.0,0.0,0.0,127.0,0.0,0.0,0.0,0.0,0.0,0.0,0.0,0.0,0.0,0.0,0.0,0.0,0.0,0.0,0.0,0.0,0.0,0.0,0.0,0.0,0.0,0.0,0.0,0.0,0.0,0.0,0.0,0.0,0.0,0.0,0.0,0.0,0.0,0.0,0.0,0.0,0.0,0.0,0.0,0.0,0.0,0.0,0.0,0.0,0.0,0.0
981d8651.qasm,128,128,1,127,0,128,2,128,1.9921875,2,0.9921875,0.9921875,1.0,127,0.015625,1,1,1.0,1,1,2,0,0,0,0,128,0,0,0,0.0,0.0,0.0,0.0,0.0,127.0,0.0,0.0,0.0,1.0,0.0,0.0,0.0,0.0,0.0,0.0,0.0,0.0,0.0,0.0,0.0,0.0,0.0,0.0,0.0,0.0,0.0,0.0,0.0,0.0,0.0,0.0,0.0,0.0,0.0,0.0,0.0,0.0,0.0,0.0,0.0,0.0,0.0,0.0,0.0,0.0,0.0,0.0,0.0,0.0,0.0,0.0,0.0,0.0,0.0,0.0,0.0,0.0,0.0,0.0,0.0,0.0,0.0,0.0,0.0
9a442b56.qasm,90,12168,8386,3782,0,10178,2,90,177.22222222222223,5191,0.31081525312294545,0.31081525312294545,1.1955197484771074,403,0.10062421972534331,3,9,9.959809624537282,83,2182,1608,0,8306,6260,8306,3862,0,0,0,0.0,0.0,0.0,6260.0,0.0,3782.0,2046.0,0.0,0.0,80.0,0.0,0.0,0.0,0.0,0.0,0.0,0.0,0.0,0.0,0.0,0.0,0.0,0.0,0.0,0.0,0.0,0.0,0.0,0.0,0.0,0.0,0.0,0.0,0.0,0.0,0.0,0.0,0.0,0.0,0.0,0.0,0.0,0.0,0.0,0.0,0.0,0.0,0.0,0.0,0.0,0.0,0.0,0.0,0.0,0.0,0.0,0.0,0.0,0.0,0.0,0.0,0.0,0.0,0.0,0.0
9c6b6510.qasm,256,1527,0,1273,254,1401,3,256,12.921875,1400,0.83366077275704,1.0,1.0899357601713062,382,0.01170343137254902,1,2,76.07665847665848,128,1397,1654,0,0,0,0,1273,0,0,0,0.0,0.0,0.0,0.0,0.0,1273.0,0.0,0.0,0.0,0.0,0.0,0.0,0.0,0.0,0.0,0.0,254.0,0.0,0.0,0.0,0.0,0.0,0.0,0.0,0.0,0.0,0.0,0.0,0.0,0.0,0.0,0.0,0.0,0.0,0.0,0.0,0.0,0.0,0.0,0.0,0.0,0.0,0.0,0.0,0.0,0.0,0.0,0.0,0.0,0.0,0.0,0.0,0.0,0.0,0.0,0.0,0.0,0.0,0.0,0.0,0.0,0.0,0.0,0.0,0.0
9ccf974e.qasm,9,33,15,16,2,20,3,9,5.888888888888889,9,0.48484848484848486,0.5454545454545454,1.65,19,0.5277777777777778,1,5,2.0,5,9,9,0,15,16,15,16,0,0,0,0.0,0.0,0.0,0.0,0.0,0.0,0.0,0.0,0.0,12.0,0.0,3.0,0.0,0.0,0.0,0.0,0.0,2.0,1.0,0.0,0.0,0.0,0.0,0.0,0.0,0.0,0.0,0.0,0.0,0.0,0.0,0.0,0.0,0.0,0.0,0.0,0.0,0.0,0.0,0.0,0.0,0.0,0.0,0.0,15.0,0.0,0.0,0.0,0.0,0.0,0.0,0.0,0.0,0.0,0.0,0.0,0.0,0.0,0.0,0.0,0.0,0.0,0.0,0.0,0.0
9d76010e.qasm,78,78,1,77,0,78,2,78,1.9871794871794872,2,0.9871794871794872,0.9871794871794872,1.0,77,0.02564102564102564,1,1,1.0,1,1,2,0,0,0,0,78,0,0,0,0.0,0.0,0.0,0.0,0.0,77.0,0.0,0.0,0.0,1.0,0.0,0.0,0.0,0.0,0.0,0.0,0.0,0.0,0.0,0.0,0.0,0.0,0.0,0.0,0.0,0.0,0.0,0.0,0.0,0.0,0.0,0.0,0.0,0.0,0.0,0.0,0.0,0.0,0.0,0.0,0.0,0.0,0.0,0.0,0.0,0.0,0.0,0.0,0.0,0.0,0.0,0.0,0.0,0.0,0.0,0.0,0.0,0.0,0.0,0.0,0.0,0.0,0.0,0.0,0.0
9d7cbc78.qasm,12,2988,2502,486,0,464,2,12,289.5,355,0.16265060240963855,0.16265060240963855,6.439655172413793,17,0.25757575757575757,1,3,2.2222222222222223,4,135,99,0,1738,594,1738,1250,0,162,0,58.0,332.0,438.0,432.0,648.0,486.0,162.0,270.0,162.0,0.0,0.0,0.0,0.0,0.0,0.0,0.0,0.0,0.0,0.0,0.0,0.0,0.0,0.0,0.0,0.0,0.0,0.0,0.0,0.0,0.0,0.0,0.0,0.0,0.0,0.0,0.0,0.0,0.0,0.0,0.0,0.0,0.0,0.0,0.0,0.0,0.0,0.0,0.0,0.0,0.0,0.0,0.0,0.0,0.0,0.0,0.0,0.0,0.0,0.0,0.0,0.0,0.0,0.0,0.0,0.0
9d7e60b6.qasm,256,255,0,1,254,255,4,256,3.64453125,5,0.00392156862745098,1.0,1.0,510,0.015625,1,3,102.2031496062992,172,842,14,0,0,0,0,1,0,0,0,0.0,0.0,0.0,0.0,0.0,1.0,0.0,0.0,0.0,0.0,0.0,0.0,0.0,0.0,0.0,0.0,0.0,0.0,0.0,0.0,0.0,0.0,0.0,0.0,0.0,0.0,0.0,0.0,0.0,0.0,0.0,0.0,0.0,0.0,0.0,0.0,0.0,0.0,0.0,0.0,0.0,0.0,0.0,0.0,0.0,85.0,85.0,84.0,0.0,0.0,0.0,0.0,0.0,0.0,0.0,0.0,0.0,0.0,0.0,0.0,0.0,0.0,0.0,0.0,0.0
9e3be92a.qasm,128,8446,255,8191,0,382,2,128,129.9765625,130,0.9698081932275634,0.9698081932275634,22.10994764397906,8128,1.0,1,127,43.161518740080574,127,4159,128,0,8128,8128,8128,318,0,0,0,0.0,0.0,0.0,0.0,0.0,0.0,0.0,0.0,0.0,254.0,0.0,1.0,0.0,0.0,0.0,8128.0,0.0,0.0,0.0,0.0,0.0,0.0,0.0,0.0,0.0,0.0,0.0,63.0,0.0,0.0,0.0,0.0,0.0,0.0,0.0,0.0,0.0,0.0,0.0,0.0,0.0,0.0,0.0,0.0,0.0,0.0,0.0,0.0,0.0,0.0,0.0,0.0,0.0,0.0,0.0,0.0,0.0,0.0,0.0,0.0,0.0,0.0,0.0,0.0,0.0
9ea3bed5.qasm,2,590,559,31,0,589,2,2,310.5,589,0.05254237288135593,0.05254237288135593,1.0016977928692699,1,1.0,1,1,1.0,1,31,31,0,496,496,496,94,0,0,0,0.0,0.0,0.0,465.0,0.0,0.0,0.0,0.0,0.0,62.0,0.0,32.0,0.0,0.0,0.0,31.0,0.0,0.0,0.0,0.0,0.0,0.0,0.0,0.0,0.0,0.0,0.0,0.0,0.0,0.0,0.0,0.0,0.0,0.0,0.0,0.0,0.0,0.0,0.0,0.0,0.0,0.0,0.0,0.0,0.0,0.0,0.0,0.0,0.0,0.0,0.0,0.0,0.0,0.0,0.0,0.0,0.0,0.0,0.0,0.0,0.0,0.0,0.0,0.0,0.0
9f744e04.qasm,30,42385,30421,11964,0,9586,2,30,1811.6333333333334,2376,0.28226967087413,0.28226967087413,4.421552263717922,435,1.0,1,29,10.303075894349716,29,6189,1045,0,9749,14848,9749,32636,0,11054,0,0.0,0.0,0.0,1825.0,0.0,9995.0,5955.0,0.0,5527.0,11587.0,0.0,0.0,0.0,0.0,0.0,0.0,0.0,0.0,0.0,1969.0,5527.0,0.0,0.0,0.0,0.0,0.0,0.0,0.0,0.0,0.0,0.0,0.0,0.0,0.0,0.0,0.0,0.0,0.0,0.0,0.0,0.0,0.0,0.0,0.0,0.0,0.0,0.0,0.0,0.0,0.0,0.0,0.0,0.0,0.0,0.0,0.0,0.0,0.0,0.0,0.0,0.0,0.0,0.0,0.0,0.0
a0a79499.qasm,16,424,64,360,0,65,2,16,49.0,49,0.8490566037735849,0.8490566037735849,6.523076923076923,120,1.0,1,15,5.666666666666667,15,192,45,0,64,0,64,360,0,0,0,0.0,0.0,64.0,0.0,0.0,360.0,0.0,0.0,0.0,0.0,0.0,0.0,0.0,0.0,0.0,0.0,0.0,0.0,0.0,0.0,0.0,0.0,0.0,0.0,0.0,0.0,0.0,0.0,0.0,0.0,0.0,0.0,0.0,0.0,0.0,0.0,0.0,0.0,0.0,0.0,0.0,0.0,0.0,0.0,0.0,0.0,0.0,0.0,0.0,0.0,0.0,0.0,0.0,0.0,0.0,0.0,0.0,0.0,0.0,0.0,0.0,0.0,0.0,0.0,0.0
a0b53b67.qasm,64,204,29,119,56,77,3,64,6.796875,11,0.5833333333333334,0.8578431372549019,2.6493506493506493,91,0.04513888888888889,1,2,21.926829268292682,56,182,14,0,0,0,0,148,0,0,0,0.0,0.0,0.0,0.0,0.0,119.0,0.0,0.0,0.0,0.0,0.0,29.0,0.0,0.0,0.0,0.0,0.0,56.0,0.0,0.0,0.0,0.0,0.0,0.0,0.0,0.0,0.0,0.0,0.0,0.0,0.0,0.0,0.0,0.0,0.0,0.0,0.0,0.0,0.0,0.0,0.0,0.0,0.0,0.0,0.0,0.0,0.0,0.0,0.0,0.0,0.0,0.0,0.0,0.0,0.0,0.0,0.0,0.0,0.0,0.0,0.0,0.0,0.0,0.0,0.0
a169a3ba.qasm,39,11869,9916,1953,0,501,2,39,354.4102564102564,442,0.16454629707641755,0.16454629707641755,23.69061876247505,62,0.08367071524966262,1,4,3.2534562211981566,8,225,126,0,6891,2387,6891,4978,0,645,0,189.0,1295.0,1705.0,1742.0,2604.0,1953.0,651.0,1085.0,645.0,0.0,0.0,0.0,0.0,0.0,0.0,0.0,0.0,0.0,0.0,0.0,0.0,0.0,0.0,0.0,0.0,0.0,0.0,0.0,0.0,0.0,0.0,0.0,0.0,0.0,0.0,0.0,0.0,0.0,0.0,0.0,0.0,0.0,0.0,0.0,0.0,0.0,0.0,0.0,0.0,0.0,0.0,0.0,0.0,0.0,0.0,0.0,0.0,0.0,0.0,0.0,0.0,0.0,0.0,0.0,0.0
a1b3d3aa.qasm,32,538,96,442,0,73,2,32,30.625,43,0.8215613382899628,0.8215613382899628,7.36986301369863,221,0.44556451612903225,1,21,11.411764705882353,31,234,40,0,506,442,506,32,0,0,0,0.0,0.0,0.0,0.0,0.0,0.0,64.0,0.0,0.0,32.0,0.0,0.0,0.0,0.0,0.0,0.0,0.0,0.0,0.0,442.0,0.0,0.0,0.0,0.0,0.0,0.0,0.0,0.0,0.0,0.0,0.0,0.0,0.0,0.0,0.0,0.0,0.0,0.0,0.0,0.0,0.0,0.0,0.0,0.0,0.0,0.0,0.0,0.0,0.0,0.0,0.0,0.0,0.0,0.0,0.0,0.0,0.0,0.0,0.0,0.0,0.0,0.0,0.0,0.0,0.0
a1bc8d56.qasm,20,5448,4557,891,0,501,2,20,316.95,442,0.16354625550660792,0.16354625550660792,10.874251497005988,30,0.15789473684210525,1,3,2.5555555555555554,5,162,126,0,3174,1089,3174,2274,0,291,0,105.0,597.0,786.0,798.0,1188.0,891.0,297.0,495.0,291.0,0.0,0.0,0.0,0.0,0.0,0.0,0.0,0.0,0.0,0.0,0.0,0.0,0.0,0.0,0.0,0.0,0.0,0.0,0.0,0.0,0.0,0.0,0.0,0.0,0.0,0.0,0.0,0.0,0.0,0.0,0.0,0.0,0.0,0.0,0.0,0.0,0.0,0.0,0.0,0.0,0.0,0.0,0.0,0.0,0.0,0.0,0.0,0.0,0.0,0.0,0.0,0.0,0.0,0.0,0.0,0.0
a3cb01ca.qasm,24,6808,5692,1116,0,501,2,24,330.1666666666667,442,0.16392479435957696,0.16392479435957696,13.588822355289421,37,0.13405797101449277,1,3,2.903225806451613,6,189,126,0,3964,1364,3964,2844,0,366,0,121.0,742.0,985.0,998.0,1488.0,1116.0,372.0,620.0,366.0,0.0,0.0,0.0,0.0,0.0,0.0,0.0,0.0,0.0,0.0,0.0,0.0,0.0,0.0,0.0,0.0,0.0,0.0,0.0,0.0,0.0,0.0,0.0,0.0,0.0,0.0,0.0,0.0,0.0,0.0,0.0,0.0,0.0,0.0,0.0,0.0,0.0,0.0,0.0,0.0,0.0,0.0,0.0,0.0,0.0,0.0,0.0,0.0,0.0,0.0,0.0,0.0,0.0,0.0,0.0,0.0
a409aaa1.qasm,32,576,80,496,0,62,2,32,33.5,34,0.8611111111111112,0.8611111111111112,9.290322580645162,256,0.5161290322580645,1,16,6.0,16,136,31,0,544,0,544,32,0,0,0,0.0,0.0,0.0,0.0,64.0,16.0,0.0,0.0,0.0,16.0,0.0,0.0,0.0,0.0,0.0,0.0,0.0,0.0,0.0,0.0,0.0,0.0,0.0,0.0,0.0,0.0,0.0,0.0,0.0,0.0,480.0,0.0,0.0,0.0,0.0,0.0,0.0,0.0,0.0,0.0,0.0,0.0,0.0,0.0,0.0,0.0,0.0,0.0,0.0,0.0,0.0,0.0,0.0,0.0,0.0,0.0,0.0,0.0,0.0,0.0,0.0,0.0,0.0,0.0,0.0
a440a477.qasm,26,144,52,92,0,24,2,26,9.076923076923077,16,0.6388888888888888,0.6388888888888888,6.0,70,0.2153846153846154,2,5,4.478260869565218,10,28,12,0,0,14,0,144,0,0,0,0.0,0.0,0.0,0.0,0.0,92.0,0.0,0.0,0.0,24.0,0.0,14.0,0.0,0.0,0.0,0.0,0.0,0.0,0.0,0.0,0.0,0.0,0.0,0.0,0.0,0.0,0.0,0.0,0.0,0.0,0.0,0.0,0.0,0.0,14.0,0.0,0.0,0.0,0.0,0.0,0.0,0.0,0.0,0.0,0.0,0.0,0.0,0.0,0.0,0.0,0.0,0.0,0.0,0.0,0.0,0.0,0.0,0.0,0.0,0.0,0.0,0.0,0.0,0.0,0.0
a44fdc9f.qasm,127,126,0,1,125,126,4,127,3.622047244094488,5,0.007936507936507936,1.0,1.0,252,0.031496062992125984,1,3,50.6064,86,412,14,0,0,0,0,1,0,0,0,0.0,0.0,0.0,0.0,0.0,1.0,0.0,0.0,0.0,0.0,0.0,0.0,0.0,0.0,0.0,0.0,0.0,0.0,0.0,0.0,0.0,0.0,0.0,0.0,0.0,0.0,0.0,0.0,0.0,0.0,0.0,0.0,0.0,0.0,0.0,0.0,0.0,0.0,0.0,0.0,0.0,0.0,0.0,0.0,0.0,42.0,42.0,41.0,0.0,0.0,0.0,0.0,0.0,0.0,0.0,0.0,0.0,0.0,0.0,0.0,0.0,0.0,0.0,0.0,0.0
a4f95806.qasm,16,109,64,45,0,23,2,16,9.625,10,0.41284403669724773,0.41284403669724773,4.739130434782608,15,0.125,1,1,1.0,1,3,6,0,64,0,64,45,0,0,0,0.0,0.0,64.0,0.0,0.0,45.0,0.0,0.0,0.0,0.0,0.0,0.0,0.0,0.0,0.0,0.0,0.0,0.0,0.0,0.0,0.0,0.0,0.0,0.0,0.0,0.0,0.0,0.0,0.0,0.0,0.0,0.0,0.0,0.0,0.0,0.0,0.0,0.0,0.0,0.0,0.0,0.0,0.0,0.0,0.0,0.0,0.0,0.0,0.0,0.0,0.0,0.0,0.0,0.0,0.0,0.0,0.0,0.0,0.0,0.0,0.0,0.0,0.0,0.0,0.0
a75c691c.qasm,28,2991,2069,922,0,2483,2,28,139.75,1301,0.30825810765630224,0.30825810765630224,1.2045912202980267,108,0.2857142857142857,1,7,4.036876355748373,23,524,404,0,2049,1539,2049,942,0,0,0,0.0,0.0,0.0,1539.0,0.0,922.0,510.0,0.0,0.0,20.0,0.0,0.0,0.0,0.0,0.0,0.0,0.0,0.0,0.0,0.0,0.0,0.0,0.0,0.0,0.0,0.0,0.0,0.0,0.0,0.0,0.0,0.0,0.0,0.0,0.0,0.0,0.0,0.0,0.0,0.0,0.0,0.0,0.0,0.0,0.0,0.0,0.0,0.0,0.0,0.0,0.0,0.0,0.0,0.0,0.0,0.0,0.0,0.0,0.0,0.0,0.0,0.0,0.0,0.0,0.0
a8818670.qasm,32,32,1,31,0,32,2,32,1.96875,2,0.96875,0.96875,1.0,31,0.0625,1,1,1.0,1,1,2,0,0,0,0,32,0,0,0,0.0,0.0,0.0,0.0,0.0,31.0,0.0,0.0,0.0,1.0,0.0,0.0,0.0,0.0,0.0,0.0,0.0,0.0,0.0,0.0,0.0,0.0,0.0,0.0,0.0,0.0,0.0,0.0,0.0,0.0,0.0,0.0,0.0,0.0,0.0,0.0,0.0,0.0,0.0,0.0,0.0,0.0,0.0,0.0,0.0,0.0,0.0,0.0,0.0,0.0,0.0,0.0,0.0,0.0,0.0,0.0,0.0,0.0,0.0,0.0,0.0,0.0,0.0,0.0,0.0
a8b40b61.qasm,43,12865,10750,2115,0,501,2,43,348.3720930232558,442,0.16439953361834433,0.16439953361834433,25.67864271457086,69,0.07641196013289037,1,4,3.3404255319148937,8,243,126,0,7480,2585,7480,5385,0,691,0,211.0,1404.0,1850.0,1894.0,2820.0,2115.0,705.0,1175.0,691.0,0.0,0.0,0.0,0.0,0.0,0.0,0.0,0.0,0.0,0.0,0.0,0.0,0.0,0.0,0.0,0.0,0.0,0.0,0.0,0.0,0.0,0.0,0.0,0.0,0.0,0.0,0.0,0.0,0.0,0.0,0.0,0.0,0.0,0.0,0.0,0.0,0.0,0.0,0.0,0.0,0.0,0.0,0.0,0.0,0.0,0.0,0.0,0.0,0.0,0.0,0.0,0.0,0.0,0.0,0.0,0.0
a8dfab96.qasm,20,5760,4815,945,0,501,2,20,335.25,442,0.1640625,0.1640625,11.497005988023952,30,0.15789473684210525,1,3,2.5428571428571427,5,171,126,0,3356,1155,3356,2404,0,309,0,99.0,625.0,836.0,846.0,1260.0,945.0,315.0,525.0,309.0,0.0,0.0,0.0,0.0,0.0,0.0,0.0,0.0,0.0,0.0,0.0,0.0,0.0,0.0,0.0,0.0,0.0,0.0,0.0,0.0,0.0,0.0,0.0,0.0,0.0,0.0,0.0,0.0,0.0,0.0,0.0,0.0,0.0,0.0,0.0,0.0,0.0,0.0,0.0,0.0,0.0,0.0,0.0,0.0,0.0,0.0,0.0,0.0,0.0,0.0,0.0,0.0,0.0,0.0,0.0,0.0
a9091180.qasm,49,15295,12775,2520,0,502,2,49,363.57142857142856,442,0.16475972540045766,0.16475972540045766,30.46812749003984,80,0.06802721088435375,1,5,3.432142857142857,9,252,126,0,8898,3080,8898,6397,0,818,0,243.0,1659.0,2193.0,2262.0,3360.0,2520.0,840.0,1400.0,818.0,0.0,0.0,0.0,0.0,0.0,0.0,0.0,0.0,0.0,0.0,0.0,0.0,0.0,0.0,0.0,0.0,0.0,0.0,0.0,0.0,0.0,0.0,0.0,0.0,0.0,0.0,0.0,0.0,0.0,0.0,0.0,0.0,0.0,0.0,0.0,0.0,0.0,0.0,0.0,0.0,0.0,0.0,0.0,0.0,0.0,0.0,0.0,0.0,0.0,0.0,0.0,0.0,0.0,0.0,0.0,0.0
aa41f5f1.qasm,51,15481,12934,2547,0,502,2,51,353.4901960784314,442,0.16452425553904787,0.16452425553904787,30.838645418326692,84,0.06588235294117648,1,5,3.6431095406360425,9,270,126,0,9023,3113,9023,6458,0,831,0,263.0,1665.0,2233.0,2282.0,3396.0,2547.0,849.0,1415.0,831.0,0.0,0.0,0.0,0.0,0.0,0.0,0.0,0.0,0.0,0.0,0.0,0.0,0.0,0.0,0.0,0.0,0.0,0.0,0.0,0.0,0.0,0.0,0.0,0.0,0.0,0.0,0.0,0.0,0.0,0.0,0.0,0.0,0.0,0.0,0.0,0.0,0.0,0.0,0.0,0.0,0.0,0.0,0.0,0.0,0.0,0.0,0.0,0.0,0.0,0.0,0.0,0.0,0.0,0.0,0.0,0.0
aac529b2.qasm,128,24896,512,24384,0,513,2,128,385.0,385,0.9794344473007712,0.9794344473007712,48.53021442495127,8128,1.0,1,127,43.0,127,12288,381,0,512,0,512,24384,0,0,0,0.0,0.0,512.0,0.0,0.0,24384.0,0.0,0.0,0.0,0.0,0.0,0.0,0.0,0.0,0.0,0.0,0.0,0.0,0.0,0.0,0.0,0.0,0.0,0.0,0.0,0.0,0.0,0.0,0.0,0.0,0.0,0.0,0.0,0.0,0.0,0.0,0.0,0.0,0.0,0.0,0.0,0.0,0.0,0.0,0.0,0.0,0.0,0.0,0.0,0.0,0.0,0.0,0.0,0.0,0.0,0.0,0.0,0.0,0.0,0.0,0.0,0.0,0.0,0.0,0.0
aaf05f5c.qasm,28,8220,6870,1350,0,501,2,28,341.7857142857143,442,0.16423357664233576,0.16423357664233576,16.407185628742514,43,0.11375661375661375,1,3,2.8,6,198,126,0,4784,1650,4784,3436,0,444,0,142.0,892.0,1186.0,1206.0,1800.0,1350.0,450.0,750.0,444.0,0.0,0.0,0.0,0.0,0.0,0.0,0.0,0.0,0.0,0.0,0.0,0.0,0.0,0.0,0.0,0.0,0.0,0.0,0.0,0.0,0.0,0.0,0.0,0.0,0.0,0.0,0.0,0.0,0.0,0.0,0.0,0.0,0.0,0.0,0.0,0.0,0.0,0.0,0.0,0.0,0.0,0.0,0.0,0.0,0.0,0.0,0.0,0.0,0.0,0.0,0.0,0.0,0.0,0.0,0.0,0.0
ab65fd24.qasm,53,21131,17648,3483,0,645,2,53,464.41509433962267,568,0.1648289243291846,0.1648289243291846,32.76124031007752,86,0.062409288824383166,1,5,4.4366925064599485,10,441,162,0,12288,4257,12288,8843,0,1153,0,340.0,2272.0,3039.0,3104.0,4644.0,3483.0,1161.0,1935.0,1153.0,0.0,0.0,0.0,0.0,0.0,0.0,0.0,0.0,0.0,0.0,0.0,0.0,0.0,0.0,0.0,0.0,0.0,0.0,0.0,0.0,0.0,0.0,0.0,0.0,0.0,0.0,0.0,0.0,0.0,0.0,0.0,0.0,0.0,0.0,0.0,0.0,0.0,0.0,0.0,0.0,0.0,0.0,0.0,0.0,0.0,0.0,0.0,0.0,0.0,0.0,0.0,0.0,0.0,0.0,0.0,0.0
ab8a1b3c.qasm,56,2016,840,1176,0,57,2,56,57.0,57,0.5833333333333334,0.5833333333333334,35.36842105263158,84,0.05454545454545454,1,13,10.5,49,294,42,0,2016,1176,2016,0,0,0,0,0.0,0.0,0.0,0.0,0.0,0.0,840.0,0.0,0.0,0.0,0.0,0.0,0.0,0.0,0.0,0.0,0.0,0.0,0.0,1176.0,0.0,0.0,0.0,0.0,0.0,0.0,0.0,0.0,0.0,0.0,0.0,0.0,0.0,0.0,0.0,0.0,0.0,0.0,0.0,0.0,0.0,0.0,0.0,0.0,0.0,0.0,0.0,0.0,0.0,0.0,0.0,0.0,0.0,0.0,0.0,0.0,0.0,0.0,0.0,0.0,0.0,0.0,0.0,0.0,0.0
ab964bf6.qasm,28,8220,6870,1350,0,501,2,28,341.7857142857143,442,0.16423357664233576,0.16423357664233576,16.407185628742514,43,0.11375661375661375,1,3,2.8,6,198,126,0,4776,1650,4776,3444,0,444,0,132.0,900.0,1188.0,1206.0,1800.0,1350.0,450.0,750.0,444.0,0.0,0.0,0.0,0.0,0.0,0.0,0.0,0.0,0.0,0.0,0.0,0.0,0.0,0.0,0.0,0.0,0.0,0.0,0.0,0.0,0.0,0.0,0.0,0.0,0.0,0.0,0.0,0.0,0.0,0.0,0.0,0.0,0.0,0.0,0.0,0.0,0.0,0.0,0.0,0.0,0.0,0.0,0.0,0.0,0.0,0.0,0.0,0.0,0.0,0.0,0.0,0.0,0.0,0.0,0.0,0.0
aceda861.qasm,256,510,128,382,0,256,2,256,3.484375,4,0.7490196078431373,0.7490196078431373,1.9921875,255,0.0078125,1,1,1.0,1,2,3,0,0,0,0,510,0,0,0,0.0,0.0,0.0,0.0,0.0,382.0,0.0,0.0,0.0,128.0,0.0,0.0,0.0,0.0,0.0,0.0,0.0,0.0,0.0,0.0,0.0,0.0,0.0,0.0,0.0,0.0,0.0,0.0,0.0,0.0,0.0,0.0,0.0,0.0,0.0,0.0,0.0,0.0,0.0,0.0,0.0,0.0,0.0,0.0,0.0,0.0,0.0,0.0,0.0,0.0,0.0,0.0,0.0,0.0,0.0,0.0,0.0,0.0,0.0,0.0,0.0,0.0,0.0,0.0,0.0
ad2439c7.qasm,53,18009,15048,2961,0,574,2,53,395.66037735849056,505,0.16441779110444776,0.16441779110444776,31.374564459930312,86,0.062409288824383166,1,5,4.0638297872340425,10,342,144,0,10462,3619,10462,7547,0,979,0,299.0,1962.0,2588.0,2640.0,3948.0,2961.0,987.0,1645.0,979.0,0.0,0.0,0.0,0.0,0.0,0.0,0.0,0.0,0.0,0.0,0.0,0.0,0.0,0.0,0.0,0.0,0.0,0.0,0.0,0.0,0.0,0.0,0.0,0.0,0.0,0.0,0.0,0.0,0.0,0.0,0.0,0.0,0.0,0.0,0.0,0.0,0.0,0.0,0.0,0.0,0.0,0.0,0.0,0.0,0.0,0.0,0.0,0.0,0.0,0.0,0.0,0.0,0.0,0.0,0.0,0.0
ad74d7c1.qasm,32,779,168,118,493,64,4,32,62.15625,64,0.1514762516046213,0.7843388960205392,12.171875,482,0.9717741935483871,1,29,11.147780678851175,31,1005,131,0,156,175,144,92,15,18,0,16.0,6.0,6.0,8.0,9.0,3.0,14.0,9.0,10.0,7.0,7.0,4.0,9.0,6.0,9.0,7.0,97.0,100.0,6.0,4.0,8.0,0.0,0.0,0.0,112.0,0.0,4.0,6.0,0.0,0.0,3.0,0.0,0.0,0.0,16.0,0.0,78.0,44.0,8.0,4.0,1.0,3.0,7.0,62.0,7.0,0.0,0.0,0.0,0.0,0.0,7.0,4.0,4.0,12.0,8.0,8.0,5.0,5.0,3.0,9.0,5.0,3.0,2.0,4.0,0.0
aed3c1af.qasm,43,13177,11008,2169,0,501,2,43,356.8837209302326,442,0.1646049935493663,0.1646049935493663,26.301397205588824,69,0.07641196013289037,1,5,3.2904564315352696,8,225,126,0,7664,2651,7664,5513,0,717,0,208.0,1422.0,1907.0,1934.0,2892.0,2169.0,723.0,1205.0,717.0,0.0,0.0,0.0,0.0,0.0,0.0,0.0,0.0,0.0,0.0,0.0,0.0,0.0,0.0,0.0,0.0,0.0,0.0,0.0,0.0,0.0,0.0,0.0,0.0,0.0,0.0,0.0,0.0,0.0,0.0,0.0,0.0,0.0,0.0,0.0,0.0,0.0,0.0,0.0,0.0,0.0,0.0,0.0,0.0,0.0,0.0,0.0,0.0,0.0,0.0,0.0,0.0,0.0,0.0,0.0,0.0
af2659f0.qasm,4,33,26,7,0,13,2,4,10.0,13,0.21212121212121213,0.21212121212121213,2.5384615384615383,3,0.5,1,1,1.1428571428571428,2,4,4,0,23,2,23,10,0,0,0,0.0,0.0,6.0,2.0,8.0,7.0,7.0,0.0,0.0,3.0,0.0,0.0,0.0,0.0,0.0,0.0,0.0,0.0,0.0,0.0,0.0,0.0,0.0,0.0,0.0,0.0,0.0,0.0,0.0,0.0,0.0,0.0,0.0,0.0,0.0,0.0,0.0,0.0,0.0,0.0,0.0,0.0,0.0,0.0,0.0,0.0,0.0,0.0,0.0,0.0,0.0,0.0,0.0,0.0,0.0,0.0,0.0,0.0,0.0,0.0,0.0,0.0,0.0,0.0,0.0
af88ad19.qasm,17,4,0,0,4,4,11,17,2.588235294117647,4,0.0,1.0,1.0,112,0.8235294117647058,1,10,5.363636363636363,16,120,40,0,0,0,0,0,0,0,0,0.0,0.0,0.0,0.0,0.0,0.0,0.0,0.0,0.0,0.0,0.0,0.0,0.0,0.0,0.0,0.0,0.0,0.0,0.0,0.0,0.0,4.0,0.0,0.0,0.0,0.0,0.0,0.0,0.0,0.0,0.0,0.0,0.0,0.0,0.0,0.0,0.0,0.0,0.0,0.0,0.0,0.0,0.0,0.0,0.0,0.0,0.0,0.0,0.0,0.0,0.0,0.0,0.0,0.0,0.0,0.0,0.0,0.0,0.0,0.0,0.0,0.0,0.0,0.0,0.0
af8b17d0.qasm,4,4,1,3,0,4,2,4,1.75,2,0.75,0.75,1.0,3,0.5,1,1,1.0,1,1,2,0,0,0,0,4,0,0,0,0.0,0.0,0.0,0.0,0.0,3.0,0.0,0.0,0.0,1.0,0.0,0.0,0.0,0.0,0.0,0.0,0.0,0.0,0.0,0.0,0.0,0.0,0.0,0.0,0.0,0.0,0.0,0.0,0.0,0.0,0.0,0.0,0.0,0.0,0.0,0.0,0.0,0.0,0.0,0.0,0.0,0.0,0.0,0.0,0.0,0.0,0.0,0.0,0.0,0.0,0.0,0.0,0.0,0.0,0.0,0.0,0.0,0.0,0.0,0.0,0.0,0.0,0.0,0.0,0.0
b06c81ca.qasm,36,10628,8882,1746,0,501,2,36,343.72222222222223,442,0.16428302596913813,0.16428302596913813,21.213572854291417,57,0.09047619047619047,1,4,3.134020618556701,7,216,126,0,6175,2134,6175,4453,0,576,0,177.0,1161.0,1530.0,1558.0,2328.0,1746.0,582.0,970.0,576.0,0.0,0.0,0.0,0.0,0.0,0.0,0.0,0.0,0.0,0.0,0.0,0.0,0.0,0.0,0.0,0.0,0.0,0.0,0.0,0.0,0.0,0.0,0.0,0.0,0.0,0.0,0.0,0.0,0.0,0.0,0.0,0.0,0.0,0.0,0.0,0.0,0.0,0.0,0.0,0.0,0.0,0.0,0.0,0.0,0.0,0.0,0.0,0.0,0.0,0.0,0.0,0.0,0.0,0.0,0.0,0.0
b11883af.qasm,8,3206,1706,1326,174,2210,3,8,610.0,1326,0.4135995009357455,0.4678727386150967,1.4506787330316742,26,0.9285714285714286,1,6,3.074675324675325,7,1152,882,0,1081,1248,1081,1537,414,0,0,241.0,0.0,0.0,0.0,6.0,1326.0,0.0,0.0,0.0,38.0,804.0,173.0,210.0,204.0,30.0,0.0,144.0,30.0,0.0,0.0,0.0,0.0,0.0,0.0,0.0,0.0,0.0,0.0,0.0,0.0,0.0,0.0,0.0,0.0,0.0,0.0,0.0,0.0,0.0,0.0,0.0,0.0,0.0,0.0,0.0,0.0,0.0,0.0,0.0,0.0,0.0,0.0,0.0,0.0,0.0,0.0,0.0,0.0,0.0,0.0,0.0,0.0,0.0,0.0,0.0
b1ea1d60.qasm,128,893,512,381,0,135,2,128,9.953125,10,0.42665173572228443,0.42665173572228443,6.614814814814815,127,0.015625,1,1,1.0,1,3,6,0,512,0,512,381,0,0,0,0.0,0.0,512.0,0.0,0.0,381.0,0.0,0.0,0.0,0.0,0.0,0.0,0.0,0.0,0.0,0.0,0.0,0.0,0.0,0.0,0.0,0.0,0.0,0.0,0.0,0.0,0.0,0.0,0.0,0.0,0.0,0.0,0.0,0.0,0.0,0.0,0.0,0.0,0.0,0.0,0.0,0.0,0.0,0.0,0.0,0.0,0.0,0.0,0.0,0.0,0.0,0.0,0.0,0.0,0.0,0.0,0.0,0.0,0.0,0.0,0.0,0.0,0.0,0.0,0.0
b2346111.qasm,20,588,20,0,568,569,20,20,569.0,569,0.0,0.9659863945578231,1.0333919156414764,190,1.0,1,19,7.0,19,56800,10792,0,0,0,0,20,0,0,0,0.0,0.0,0.0,0.0,0.0,0.0,0.0,0.0,0.0,19.0,0.0,1.0,0.0,0.0,0.0,0.0,0.0,0.0,0.0,0.0,0.0,0.0,0.0,568.0,0.0,0.0,0.0,0.0,0.0,0.0,0.0,0.0,0.0,0.0,0.0,0.0,0.0,0.0,0.0,0.0,0.0,0.0,0.0,0.0,0.0,0.0,0.0,0.0,0.0,0.0,0.0,0.0,0.0,0.0,0.0,0.0,0.0,0.0,0.0,0.0,0.0,0.0,0.0,0.0,0.0
b38d732e.qasm,29,2059,1247,812,0,221,2,29,99.0,113,0.39436619718309857,0.39436619718309857,9.316742081447964,406,1.0,1,28,10.0,28,420,56,0,1218,1218,1218,841,0,0,0,0.0,0.0,0.0,0.0,0.0,812.0,0.0,0.0,0.0,29.0,0.0,0.0,0.0,0.0,1218.0,0.0,0.0,0.0,0.0,0.0,0.0,0.0,0.0,0.0,0.0,0.0,0.0,0.0,0.0,0.0,0.0,0.0,0.0,0.0,0.0,0.0,0.0,0.0,0.0,0.0,0.0,0.0,0.0,0.0,0.0,0.0,0.0,0.0,0.0,0.0,0.0,0.0,0.0,0.0,0.0,0.0,0.0,0.0,0.0,0.0,0.0,0.0,0.0,0.0,0.0
b469b640.qasm,4,1506,1044,462,0,814,2,4,492.0,690,0.30677290836653387,0.30677290836653387,1.8501228501228502,3,0.5,1,1,1.0,1,194,328,0,894,492,894,612,0,0,0,0.0,0.0,54.0,462.0,216.0,402.0,162.0,0.0,0.0,120.0,0.0,0.0,0.0,0.0,0.0,0.0,0.0,0.0,0.0,0.0,0.0,0.0,0.0,0.0,0.0,0.0,0.0,60.0,0.0,0.0,0.0,0.0,0.0,0.0,30.0,0.0,0.0,0.0,0.0,0.0,0.0,0.0,0.0,0.0,0.0,0.0,0.0,0.0,0.0,0.0,0.0,0.0,0.0,0.0,0.0,0.0,0.0,0.0,0.0,0.0,0.0,0.0,0.0,0.0,0.0
b4976343.qasm,32,31,0,1,30,31,3,32,2.875,4,0.03225806451612903,1.0,1.0,46,0.09274193548387097,1,2,10.725274725274724,16,61,8,0,0,0,0,1,0,0,0,0.0,0.0,0.0,0.0,0.0,1.0,0.0,0.0,0.0,0.0,0.0,0.0,0.0,0.0,0.0,0.0,0.0,0.0,0.0,0.0,0.0,0.0,0.0,0.0,0.0,0.0,0.0,0.0,0.0,0.0,0.0,15.0,15.0,0.0,0.0,0.0,0.0,0.0,0.0,0.0,0.0,0.0,0.0,0.0,0.0,0.0,0.0,0.0,0.0,0.0,0.0,0.0,0.0,0.0,0.0,0.0,0.0,0.0,0.0,0.0,0.0,0.0,0.0,0.0,0.0
b4c090da.qasm,18,12,10,0,2,3,10,18,1.6666666666666667,3,0.0,0.16666666666666666,4.0,89,0.5816993464052288,1,9,6.511111111111111,17,49,18,0,0,0,0,10,0,0,0,0.0,0.0,0.0,0.0,0.0,0.0,0.0,0.0,0.0,0.0,0.0,10.0,0.0,0.0,0.0,0.0,0.0,0.0,0.0,0.0,0.0,0.0,0.0,0.0,0.0,0.0,0.0,0.0,0.0,0.0,0.0,0.0,0.0,0.0,0.0,0.0,0.0,0.0,0.0,0.0,0.0,0.0,0.0,0.0,0.0,0.0,0.0,0.0,0.0,0.0,0.0,0.0,0.0,0.0,0.0,0.0,0.0,0.0,0.0,0.0,0.0,0.0,0.0,0.0,2.0
b5baa095.qasm,83,125,84,0,41,43,3,83,2.4939759036144578,43,0.0,0.328,2.9069767441860463,123,0.03614457831325301,1,2,41.333333333333336,82,82,82,0,82,0,82,2,0,0,0,0.0,0.0,0.0,0.0,0.0,0.0,82.0,0.0,0.0,2.0,0.0,0.0,0.0,0.0,0.0,0.0,0.0,0.0,0.0,0.0,0.0,0.0,0.0,0.0,41.0,0.0,0.0,0.0,0.0,0.0,0.0,0.0,0.0,0.0,0.0,0.0,0.0,0.0,0.0,0.0,0.0,0.0,0.0,0.0,0.0,0.0,0.0,0.0,0.0,0.0,0.0,0.0,0.0,0.0,0.0,0.0,0.0,0.0,0.0,0.0,0.0,0.0,0.0,0.0,0.0
b5be0645.qasm,21,112808,66008,21200,25600,53600,3,21,8819.42857142857,22400,0.18792993404723068,0.41486419402879227,2.1046268656716416,57,0.2714285714285714,1,6,7.387755102040816,19,53200,20000,9207,800,10400,800,72401,4800,4800,0,0.0,0.0,0.0,800.0,0.0,21200.0,0.0,0.0,2400.0,4800.0,0.0,41601.0,2400.0,2400.0,0.0,0.0,0.0,25600.0,0.0,0.0,2400.0,0.0,0.0,0.0,0.0,0.0,0.0,0.0,0.0,0.0,0.0,0.0,0.0,9207.0,0.0,0.0,0.0,0.0,0.0,0.0,0.0,0.0,0.0,0.0,0.0,0.0,0.0,0.0,0.0,0.0,0.0,0.0,0.0,0.0,0.0,0.0,0.0,0.0,0.0,0.0,0.0,0.0,0.0,0.0,0.0
b601af0f.qasm,7,689,493,196,0,550,2,7,126.42857142857143,437,0.2844702467343977,0.2844702467343977,1.2527272727272727,20,0.9523809523809523,1,5,3.357142857142857,5,140,124,0,489,310,489,200,0,0,0,0.0,0.0,173.0,310.0,0.0,196.0,6.0,0.0,0.0,4.0,0.0,0.0,0.0,0.0,0.0,0.0,0.0,0.0,0.0,0.0,0.0,0.0,0.0,0.0,0.0,0.0,0.0,0.0,0.0,0.0,0.0,0.0,0.0,0.0,0.0,0.0,0.0,0.0,0.0,0.0,0.0,0.0,0.0,0.0,0.0,0.0,0.0,0.0,0.0,0.0,0.0,0.0,0.0,0.0,0.0,0.0,0.0,0.0,0.0,0.0,0.0,0.0,0.0,0.0,0.0
b630efea.qasm,24,7120,5950,1170,0,501,2,24,345.4166666666667,442,0.16432584269662923,0.16432584269662923,14.211576846307386,37,0.13405797101449277,1,3,2.8923076923076922,6,198,126,0,4137,1430,4137,2983,0,384,0,113.0,779.0,1028.0,1046.0,1560.0,1170.0,390.0,650.0,384.0,0.0,0.0,0.0,0.0,0.0,0.0,0.0,0.0,0.0,0.0,0.0,0.0,0.0,0.0,0.0,0.0,0.0,0.0,0.0,0.0,0.0,0.0,0.0,0.0,0.0,0.0,0.0,0.0,0.0,0.0,0.0,0.0,0.0,0.0,0.0,0.0,0.0,0.0,0.0,0.0,0.0,0.0,0.0,0.0,0.0,0.0,0.0,0.0,0.0,0.0,0.0,0.0,0.0,0.0,0.0,0.0
b680d160.qasm,51,15481,12934,2547,0,502,2,51,353.4901960784314,442,0.16452425553904787,0.16452425553904787,30.838645418326692,84,0.06588235294117648,1,5,3.6431095406360425,9,270,126,0,9004,3113,9004,6477,0,831,0,252.0,1684.0,2225.0,2282.0,3396.0,2547.0,849.0,1415.0,831.0,0.0,0.0,0.0,0.0,0.0,0.0,0.0,0.0,0.0,0.0,0.0,0.0,0.0,0.0,0.0,0.0,0.0,0.0,0.0,0.0,0.0,0.0,0.0,0.0,0.0,0.0,0.0,0.0,0.0,0.0,0.0,0.0,0.0,0.0,0.0,0.0,0.0,0.0,0.0,0.0,0.0,0.0,0.0,0.0,0.0,0.0,0.0,0.0,0.0,0.0,0.0,0.0,0.0,0.0,0.0,0.0
b7694c8e.qasm,88,4131,2797,1334,0,2562,2,88,62.10227272727273,1351,0.32292423142096344,0.32292423142096344,1.6124121779859484,314,0.08202716823406478,5,7,19.395802098950526,81,886,456,0,2717,2207,2717,1414,0,0,0,0.0,0.0,0.0,2207.0,0.0,1334.0,510.0,0.0,0.0,80.0,0.0,0.0,0.0,0.0,0.0,0.0,0.0,0.0,0.0,0.0,0.0,0.0,0.0,0.0,0.0,0.0,0.0,0.0,0.0,0.0,0.0,0.0,0.0,0.0,0.0,0.0,0.0,0.0,0.0,0.0,0.0,0.0,0.0,0.0,0.0,0.0,0.0,0.0,0.0,0.0,0.0,0.0,0.0,0.0,0.0,0.0,0.0,0.0,0.0,0.0,0.0,0.0,0.0,0.0,0.0
b792cc98.qasm,3,6,3,2,1,5,3,3,3.3333333333333335,5,0.3333333333333333,0.5,1.2,3,1.0,1,2,1.2,2,4,4,0,1,0,1,4,0,0,0,0.0,0.0,0.0,0.0,1.0,1.0,0.0,0.0,0.0,0.0,0.0,2.0,0.0,0.0,0.0,0.0,0.0,1.0,0.0,0.0,0.0,0.0,0.0,0.0,0.0,0.0,0.0,0.0,0.0,0.0,0.0,0.0,0.0,0.0,0.0,0.0,0.0,0.0,0.0,0.0,1.0,0.0,0.0,0.0,0.0,0.0,0.0,0.0,0.0,0.0,0.0,0.0,0.0,0.0,0.0,0.0,0.0,0.0,0.0,0.0,0.0,0.0,0.0,0.0,0.0
b97c72bf.qasm,32,183,0,153,30,169,3,32,12.375,168,0.8360655737704918,1.0,1.0828402366863905,46,0.09274193548387097,1,2,9.580246913580247,16,165,198,0,0,0,0,153,0,0,0,0.0,0.0,0.0,0.0,0.0,153.0,0.0,0.0,0.0,0.0,0.0,0.0,0.0,0.0,0.0,0.0,30.0,0.0,0.0,0.0,0.0,0.0,0.0,0.0,0.0,0.0,0.0,0.0,0.0,0.0,0.0,0.0,0.0,0.0,0.0,0.0,0.0,0.0,0.0,0.0,0.0,0.0,0.0,0.0,0.0,0.0,0.0,0.0,0.0,0.0,0.0,0.0,0.0,0.0,0.0,0.0,0.0,0.0,0.0,0.0,0.0,0.0,0.0,0.0,0.0
b9ba0e84.qasm,56,2072,728,1344,0,193,2,56,61.0,61,0.6486486486486487,0.6486486486486487,10.735751295336788,112,0.07272727272727272,1,16,6.982142857142857,49,192,48,0,2072,1344,2072,0,0,0,0,0.0,0.0,0.0,0.0,0.0,0.0,728.0,0.0,0.0,0.0,0.0,0.0,0.0,0.0,0.0,0.0,0.0,0.0,0.0,1344.0,0.0,0.0,0.0,0.0,0.0,0.0,0.0,0.0,0.0,0.0,0.0,0.0,0.0,0.0,0.0,0.0,0.0,0.0,0.0,0.0,0.0,0.0,0.0,0.0,0.0,0.0,0.0,0.0,0.0,0.0,0.0,0.0,0.0,0.0,0.0,0.0,0.0,0.0,0.0,0.0,0.0,0.0,0.0,0.0,0.0
ba0c09b8.qasm,47,13861,11584,2277,0,502,2,47,343.36170212765956,442,0.16427386191472476,0.16427386191472476,27.611553784860558,74,0.06845513413506013,1,4,3.4071146245059287,9,243,126,0,8065,2783,8065,5796,0,745,0,219.0,1509.0,2013.0,2038.0,3036.0,2277.0,759.0,1265.0,745.0,0.0,0.0,0.0,0.0,0.0,0.0,0.0,0.0,0.0,0.0,0.0,0.0,0.0,0.0,0.0,0.0,0.0,0.0,0.0,0.0,0.0,0.0,0.0,0.0,0.0,0.0,0.0,0.0,0.0,0.0,0.0,0.0,0.0,0.0,0.0,0.0,0.0,0.0,0.0,0.0,0.0,0.0,0.0,0.0,0.0,0.0,0.0,0.0,0.0,0.0,0.0,0.0,0.0,0.0,0.0,0.0
bb291a8b.qasm,51,16053,13407,2646,0,502,2,51,366.6470588235294,442,0.1648290039245001,0.1648290039245001,31.97808764940239,84,0.06588235294117648,1,5,3.622448979591837,9,279,126,0,9356,3234,9356,6697,0,860,0,253.0,1721.0,2319.0,2374.0,3528.0,2646.0,882.0,1470.0,860.0,0.0,0.0,0.0,0.0,0.0,0.0,0.0,0.0,0.0,0.0,0.0,0.0,0.0,0.0,0.0,0.0,0.0,0.0,0.0,0.0,0.0,0.0,0.0,0.0,0.0,0.0,0.0,0.0,0.0,0.0,0.0,0.0,0.0,0.0,0.0,0.0,0.0,0.0,0.0,0.0,0.0,0.0,0.0,0.0,0.0,0.0,0.0,0.0,0.0,0.0,0.0,0.0,0.0,0.0,0.0,0.0
bb50273f.qasm,256,33784,763,33020,1,1273,254,256,261.94140625,509,0.9773857447312337,0.9774153445417949,26.5388845247447,32639,0.9999693627450981,1,254,85.57894736842105,254,32766,510,0,32893,32639,32893,890,0,0,0,0.0,0.0,0.0,0.0,0.0,0.0,0.0,0.0,0.0,762.0,0.0,1.0,0.0,0.0,0.0,32639.0,0.0,0.0,0.0,0.0,0.0,0.0,0.0,0.0,0.0,1.0,254.0,127.0,0.0,0.0,0.0,0.0,0.0,0.0,0.0,0.0,0.0,0.0,0.0,0.0,0.0,0.0,0.0,0.0,0.0,0.0,0.0,0.0,0.0,0.0,0.0,0.0,0.0,0.0,0.0,0.0,0.0,0.0,0.0,0.0,0.0,0.0,0.0,0.0,0.0
bc99b330.qasm,38,87551,62724,24827,0,18381,2,38,2957.315789473684,4024,0.2835718609724618,0.2835718609724618,4.7631249659974975,703,1.0,1,37,13.05522213718935,37,12623,1750,0,19642,30742,19642,67909,0,23324,0,0.0,0.0,0.0,3479.0,0.0,20888.0,12224.0,0.0,11661.0,23697.0,0.0,0.0,0.0,0.0,0.0,0.0,0.0,0.0,0.0,3939.0,11663.0,0.0,0.0,0.0,0.0,0.0,0.0,0.0,0.0,0.0,0.0,0.0,0.0,0.0,0.0,0.0,0.0,0.0,0.0,0.0,0.0,0.0,0.0,0.0,0.0,0.0,0.0,0.0,0.0,0.0,0.0,0.0,0.0,0.0,0.0,0.0,0.0,0.0,0.0,0.0,0.0,0.0,0.0,0.0,0.0
bc9dd950.qasm,20,5760,4815,945,0,501,2,20,335.25,442,0.1640625,0.1640625,11.497005988023952,30,0.15789473684210525,1,3,2.5428571428571427,5,171,126,0,3351,1155,3351,2409,0,309,0,102.0,630.0,828.0,846.0,1260.0,945.0,315.0,525.0,309.0,0.0,0.0,0.0,0.0,0.0,0.0,0.0,0.0,0.0,0.0,0.0,0.0,0.0,0.0,0.0,0.0,0.0,0.0,0.0,0.0,0.0,0.0,0.0,0.0,0.0,0.0,0.0,0.0,0.0,0.0,0.0,0.0,0.0,0.0,0.0,0.0,0.0,0.0,0.0,0.0,0.0,0.0,0.0,0.0,0.0,0.0,0.0,0.0,0.0,0.0,0.0,0.0,0.0,0.0,0.0,0.0
bd32080b.qasm,256,49664,9736,6663,33265,512,4,256,504.9375,511,0.13416156572164947,0.8039626288659794,97.0,31974,0.9795955882352941,1,252,85.56637942695279,255,62874,1023,0,8522,11718,8083,5426,936,974,0,685.0,468.0,453.0,455.0,944.0,285.0,435.0,470.0,442.0,456.0,493.0,486.0,471.0,465.0,627.0,275.0,6682.0,6721.0,266.0,285.0,532.0,0.0,0.0,0.0,6742.0,0.0,266.0,266.0,0.0,0.0,263.0,0.0,0.0,0.0,434.0,0.0,6713.0,3187.0,320.0,266.0,272.0,279.0,287.0,3220.0,260.0,0.0,0.0,0.0,0.0,0.0,491.0,292.0,282.0,439.0,253.0,280.0,490.0,256.0,271.0,288.0,249.0,317.0,281.0,304.0,0.0
bd462bd7.qasm,60,11581,8015,3566,0,10144,2,60,252.45,5171,0.3079181417839565,0.3079181417839565,1.141660094637224,295,0.16666666666666666,1,9,5.910824453168817,54,1986,1586,0,7965,5919,7965,3616,0,0,0,0.0,0.0,0.0,5919.0,0.0,3566.0,2046.0,0.0,0.0,50.0,0.0,0.0,0.0,0.0,0.0,0.0,0.0,0.0,0.0,0.0,0.0,0.0,0.0,0.0,0.0,0.0,0.0,0.0,0.0,0.0,0.0,0.0,0.0,0.0,0.0,0.0,0.0,0.0,0.0,0.0,0.0,0.0,0.0,0.0,0.0,0.0,0.0,0.0,0.0,0.0,0.0,0.0,0.0,0.0,0.0,0.0,0.0,0.0,0.0,0.0,0.0,0.0,0.0,0.0,0.0
bdd2c3ff.qasm,56,3977,0,3977,0,173,2,56,142.03571428571428,164,1.0,1.0,22.98843930635838,97,0.06298701298701298,1,10,4.030927835051546,7,328,164,0,3977,1940,3977,0,0,0,0,0.0,0.0,0.0,0.0,0.0,0.0,0.0,0.0,0.0,0.0,0.0,0.0,0.0,0.0,0.0,0.0,0.0,0.0,0.0,1940.0,0.0,0.0,0.0,0.0,0.0,0.0,0.0,0.0,0.0,0.0,2037.0,0.0,0.0,0.0,0.0,0.0,0.0,0.0,0.0,0.0,0.0,0.0,0.0,0.0,0.0,0.0,0.0,0.0,0.0,0.0,0.0,0.0,0.0,0.0,0.0,0.0,0.0,0.0,0.0,0.0,0.0,0.0,0.0,0.0,0.0
be527b4d.qasm,15,660566,387492,273074,0,492323,2,15,62242.666666666664,133705,0.4133939682030259,0.4133939682030259,1.3417329679905265,105,1.0,1,14,4.606681705325297,14,203454,102535,0,97184,327046,97184,319796,243586,0,0,0.0,0.0,0.0,0.0,7.0,250190.0,0.0,0.0,0.0,69603.0,60579.0,0.0,104394.0,139192.0,0.0,22881.0,0.0,0.0,0.0,0.0,0.0,0.0,0.0,0.0,0.0,0.0,0.0,3.0,0.0,0.0,0.0,0.0,0.0,0.0,0.0,0.0,0.0,0.0,0.0,0.0,0.0,0.0,0.0,0.0,0.0,0.0,0.0,0.0,0.0,0.0,13717.0,0.0,0.0,0.0,0.0,0.0,0.0,0.0,0.0,0.0,0.0,0.0,0.0,0.0,0.0
bf029799.qasm,45,13467,11253,2214,0,501,2,45,348.46666666666664,442,0.16440187124081088,0.16440187124081088,26.880239520958085,72,0.07272727272727272,1,4,3.341463414634146,9,243,126,0,7844,2706,7844,5623,0,724,0,221.0,1455.0,1951.0,1982.0,2952.0,2214.0,738.0,1230.0,724.0,0.0,0.0,0.0,0.0,0.0,0.0,0.0,0.0,0.0,0.0,0.0,0.0,0.0,0.0,0.0,0.0,0.0,0.0,0.0,0.0,0.0,0.0,0.0,0.0,0.0,0.0,0.0,0.0,0.0,0.0,0.0,0.0,0.0,0.0,0.0,0.0,0.0,0.0,0.0,0.0,0.0,0.0,0.0,0.0,0.0,0.0,0.0,0.0,0.0,0.0,0.0,0.0,0.0,0.0,0.0,0.0
bf0f8df9.qasm,16,4400,3680,720,0,500,2,16,320.0,442,0.16363636363636364,0.16363636363636364,8.8,23,0.19166666666666668,1,3,2.2,4,144,126,0,2567,880,2567,1833,0,234,0,81.0,479.0,640.0,646.0,960.0,720.0,240.0,400.0,234.0,0.0,0.0,0.0,0.0,0.0,0.0,0.0,0.0,0.0,0.0,0.0,0.0,0.0,0.0,0.0,0.0,0.0,0.0,0.0,0.0,0.0,0.0,0.0,0.0,0.0,0.0,0.0,0.0,0.0,0.0,0.0,0.0,0.0,0.0,0.0,0.0,0.0,0.0,0.0,0.0,0.0,0.0,0.0,0.0,0.0,0.0,0.0,0.0,0.0,0.0,0.0,0.0,0.0,0.0,0.0,0.0
bf9674e9.qasm,64,64,1,63,0,64,2,64,1.984375,2,0.984375,0.984375,1.0,63,0.03125,1,1,1.0,1,1,2,0,0,0,0,64,0,0,0,0.0,0.0,0.0,0.0,0.0,63.0,0.0,0.0,0.0,1.0,0.0,0.0,0.0,0.0,0.0,0.0,0.0,0.0,0.0,0.0,0.0,0.0,0.0,0.0,0.0,0.0,0.0,0.0,0.0,0.0,0.0,0.0,0.0,0.0,0.0,0.0,0.0,0.0,0.0,0.0,0.0,0.0,0.0,0.0,0.0,0.0,0.0,0.0,0.0,0.0,0.0,0.0,0.0,0.0,0.0,0.0,0.0,0.0,0.0,0.0,0.0,0.0,0.0,0.0,0.0
c05aa9cf.qasm,53,23473,19603,3870,0,717,2,53,515.9056603773585,631,0.1648702764878797,0.1648702764878797,32.73779637377964,86,0.062409288824383166,1,5,4.093023255813954,10,450,180,0,13648,4730,13648,9825,0,1280,0,371.0,2525.0,3377.0,3450.0,5160.0,3870.0,1290.0,2150.0,1280.0,0.0,0.0,0.0,0.0,0.0,0.0,0.0,0.0,0.0,0.0,0.0,0.0,0.0,0.0,0.0,0.0,0.0,0.0,0.0,0.0,0.0,0.0,0.0,0.0,0.0,0.0,0.0,0.0,0.0,0.0,0.0,0.0,0.0,0.0,0.0,0.0,0.0,0.0,0.0,0.0,0.0,0.0,0.0,0.0,0.0,0.0,0.0,0.0,0.0,0.0,0.0,0.0,0.0,0.0,0.0,0.0
c0a1d157.qasm,128,765,384,381,0,384,2,128,8.953125,9,0.4980392156862745,0.4980392156862745,1.9921875,127,0.015625,1,1,1.0,1,3,6,0,765,0,765,0,0,0,0,0.0,0.0,0.0,0.0,384.0,0.0,0.0,0.0,0.0,0.0,0.0,0.0,0.0,0.0,0.0,0.0,0.0,0.0,0.0,0.0,0.0,0.0,0.0,0.0,0.0,0.0,0.0,0.0,0.0,0.0,381.0,0.0,0.0,0.0,0.0,0.0,0.0,0.0,0.0,0.0,0.0,0.0,0.0,0.0,0.0,0.0,0.0,0.0,0.0,0.0,0.0,0.0,0.0,0.0,0.0,0.0,0.0,0.0,0.0,0.0,0.0,0.0,0.0,0.0,0.0
c0ffe57a.qasm,4,54,38,16,0,33,2,4,17.5,28,0.2962962962962963,0.2962962962962963,1.6363636363636365,3,0.5,1,1,1.0,1,8,12,0,28,28,28,26,0,0,0,0.0,0.0,0.0,28.0,0.0,16.0,0.0,0.0,0.0,8.0,0.0,2.0,0.0,0.0,0.0,0.0,0.0,0.0,0.0,0.0,0.0,0.0,0.0,0.0,0.0,0.0,0.0,0.0,0.0,0.0,0.0,0.0,0.0,0.0,0.0,0.0,0.0,0.0,0.0,0.0,0.0,0.0,0.0,0.0,0.0,0.0,0.0,0.0,0.0,0.0,0.0,0.0,0.0,0.0,0.0,0.0,0.0,0.0,0.0,0.0,0.0,0.0,0.0,0.0,0.0
c20bb346.qasm,127,7138,3496,3517,125,4291,3,127,85.86614173228347,1117,0.49271504623143736,0.5102269543289437,1.6634817058960616,501,0.06261717285339333,1,22,47.08247687564234,119,2302,657,0,1885,2310,1885,3688,1440,0,0,999.0,0.0,0.0,0.0,16.0,3517.0,0.0,0.0,0.0,65.0,806.0,106.0,720.0,720.0,64.0,0.0,0.0,125.0,0.0,0.0,0.0,0.0,0.0,0.0,0.0,0.0,0.0,0.0,0.0,0.0,0.0,0.0,0.0,0.0,0.0,0.0,0.0,0.0,0.0,0.0,0.0,0.0,0.0,0.0,0.0,0.0,0.0,0.0,0.0,0.0,0.0,0.0,0.0,0.0,0.0,0.0,0.0,0.0,0.0,0.0,0.0,0.0,0.0,0.0,0.0
c246552a.qasm,56,2993,0,2993,0,123,2,56,106.89285714285714,123,1.0,1.0,24.333333333333332,73,0.047402597402597405,1,5,6.671232876712328,7,533,123,0,2993,1460,2993,0,0,0,0,0.0,0.0,0.0,0.0,0.0,0.0,0.0,0.0,0.0,0.0,0.0,0.0,0.0,0.0,0.0,0.0,0.0,0.0,0.0,1460.0,0.0,0.0,0.0,0.0,0.0,0.0,0.0,0.0,0.0,0.0,1533.0,0.0,0.0,0.0,0.0,0.0,0.0,0.0,0.0,0.0,0.0,0.0,0.0,0.0,0.0,0.0,0.0,0.0,0.0,0.0,0.0,0.0,0.0,0.0,0.0,0.0,0.0,0.0,0.0,0.0,0.0,0.0,0.0,0.0,0.0
c39fa73b.qasm,8,7,0,1,6,7,3,8,2.5,4,0.14285714285714285,1.0,1.0,10,0.35714285714285715,1,2,2.736842105263158,4,13,8,0,0,0,0,1,0,0,0,0.0,0.0,0.0,0.0,0.0,1.0,0.0,0.0,0.0,0.0,0.0,0.0,0.0,0.0,0.0,0.0,0.0,0.0,0.0,0.0,0.0,0.0,0.0,0.0,0.0,0.0,0.0,0.0,0.0,0.0,0.0,3.0,3.0,0.0,0.0,0.0,0.0,0.0,0.0,0.0,0.0,0.0,0.0,0.0,0.0,0.0,0.0,0.0,0.0,0.0,0.0,0.0,0.0,0.0,0.0,0.0,0.0,0.0,0.0,0.0,0.0,0.0,0.0,0.0,0.0
c3c0513f.qasm,16,158,31,127,0,46,2,16,17.8125,18,0.8037974683544303,0.8037974683544303,3.4347826086956523,120,1.0,1,15,5.7952755905511815,15,71,16,0,120,120,120,38,0,0,0,0.0,0.0,0.0,0.0,0.0,0.0,0.0,0.0,0.0,30.0,0.0,1.0,0.0,0.0,0.0,120.0,0.0,0.0,0.0,0.0,0.0,0.0,0.0,0.0,0.0,0.0,0.0,7.0,0.0,0.0,0.0,0.0,0.0,0.0,0.0,0.0,0.0,0.0,0.0,0.0,0.0,0.0,0.0,0.0,0.0,0.0,0.0,0.0,0.0,0.0,0.0,0.0,0.0,0.0,0.0,0.0,0.0,0.0,0.0,0.0,0.0,0.0,0.0,0.0,0.0
c40ecada.qasm,36,10628,8882,1746,0,501,2,36,343.72222222222223,442,0.16428302596913813,0.16428302596913813,21.213572854291417,57,0.09047619047619047,1,4,3.134020618556701,7,216,126,0,6179,2134,6179,4449,0,576,0,178.0,1157.0,1533.0,1558.0,2328.0,1746.0,582.0,970.0,576.0,0.0,0.0,0.0,0.0,0.0,0.0,0.0,0.0,0.0,0.0,0.0,0.0,0.0,0.0,0.0,0.0,0.0,0.0,0.0,0.0,0.0,0.0,0.0,0.0,0.0,0.0,0.0,0.0,0.0,0.0,0.0,0.0,0.0,0.0,0.0,0.0,0.0,0.0,0.0,0.0,0.0,0.0,0.0,0.0,0.0,0.0,0.0,0.0,0.0,0.0,0.0,0.0,0.0,0.0,0.0,0.0
c4c36286.qasm,43,13177,11008,2169,0,501,2,43,356.8837209302326,442,0.1646049935493663,0.1646049935493663,26.301397205588824,69,0.07641196013289037,1,5,3.2904564315352696,8,225,126,0,7664,2651,7664,5513,0,717,0,218.0,1422.0,1897.0,1934.0,2892.0,2169.0,723.0,1205.0,717.0,0.0,0.0,0.0,0.0,0.0,0.0,0.0,0.0,0.0,0.0,0.0,0.0,0.0,0.0,0.0,0.0,0.0,0.0,0.0,0.0,0.0,0.0,0.0,0.0,0.0,0.0,0.0,0.0,0.0,0.0,0.0,0.0,0.0,0.0,0.0,0.0,0.0,0.0,0.0,0.0,0.0,0.0,0.0,0.0,0.0,0.0,0.0,0.0,0.0,0.0,0.0,0.0,0.0,0.0,0.0,0.0
c4ff2c11.qasm,129,194,130,0,64,66,3,129,2.496124031007752,66,0.0,0.32989690721649484,2.9393939393939394,192,0.023255813953488372,1,2,64.33333333333333,128,128,128,0,128,0,128,2,0,0,0,0.0,0.0,128.0,0.0,0.0,0.0,0.0,0.0,0.0,2.0,0.0,0.0,0.0,0.0,0.0,0.0,0.0,0.0,0.0,0.0,0.0,0.0,0.0,0.0,64.0,0.0,0.0,0.0,0.0,0.0,0.0,0.0,0.0,0.0,0.0,0.0,0.0,0.0,0.0,0.0,0.0,0.0,0.0,0.0,0.0,0.0,0.0,0.0,0.0,0.0,0.0,0.0,0.0,0.0,0.0,0.0,0.0,0.0,0.0,0.0,0.0,0.0,0.0,0.0,0.0
c6678d16.qasm,42,454543,329958,124585,0,120375,2,42,13788.761904761905,20241,0.2740884800777924,0.2740884800777924,3.7760581516095533,861,1.0,1,41,14.31014969699402,41,63992,8658,0,122405,160078,122405,332138,0,110388,0,0.0,0.0,0.0,23954.0,0.0,98849.0,72715.0,0.0,55190.0,122901.0,0.0,0.0,0.0,0.0,0.0,0.0,0.0,0.0,0.0,25736.0,55198.0,0.0,0.0,0.0,0.0,0.0,0.0,0.0,0.0,0.0,0.0,0.0,0.0,0.0,0.0,0.0,0.0,0.0,0.0,0.0,0.0,0.0,0.0,0.0,0.0,0.0,0.0,0.0,0.0,0.0,0.0,0.0,0.0,0.0,0.0,0.0,0.0,0.0,0.0,0.0,0.0,0.0,0.0,0.0,0.0
c676cfb4.qasm,8,46,15,31,0,22,2,8,9.625,10,0.6739130434782609,0.6739130434782609,2.090909090909091,28,1.0,1,7,3.096774193548387,7,19,8,0,28,28,28,18,0,0,0,0.0,0.0,0.0,0.0,0.0,0.0,0.0,0.0,0.0,14.0,0.0,1.0,0.0,0.0,0.0,28.0,0.0,0.0,0.0,0.0,0.0,0.0,0.0,0.0,0.0,0.0,0.0,3.0,0.0,0.0,0.0,0.0,0.0,0.0,0.0,0.0,0.0,0.0,0.0,0.0,0.0,0.0,0.0,0.0,0.0,0.0,0.0,0.0,0.0,0.0,0.0,0.0,0.0,0.0,0.0,0.0,0.0,0.0,0.0,0.0,0.0,0.0,0.0,0.0,0.0
c7670b0a.qasm,2,50,43,7,0,49,2,2,28.5,49,0.14,0.14,1.0204081632653061,1,1.0,1,1,1.0,1,7,7,0,28,28,28,22,0,0,0,0.0,0.0,0.0,21.0,0.0,0.0,0.0,0.0,0.0,14.0,0.0,8.0,0.0,0.0,0.0,7.0,0.0,0.0,0.0,0.0,0.0,0.0,0.0,0.0,0.0,0.0,0.0,0.0,0.0,0.0,0.0,0.0,0.0,0.0,0.0,0.0,0.0,0.0,0.0,0.0,0.0,0.0,0.0,0.0,0.0,0.0,0.0,0.0,0.0,0.0,0.0,0.0,0.0,0.0,0.0,0.0,0.0,0.0,0.0,0.0,0.0,0.0,0.0,0.0,0.0
c7a93f95.qasm,32,9580,8005,1575,0,501,2,32,348.59375,442,0.16440501043841335,0.16440501043841335,19.121756487025948,50,0.10080645161290322,1,3,2.954285714285714,7,198,126,0,5567,1925,5567,4013,0,519,0,156.0,1044.0,1380.0,1406.0,2100.0,1575.0,525.0,875.0,519.0,0.0,0.0,0.0,0.0,0.0,0.0,0.0,0.0,0.0,0.0,0.0,0.0,0.0,0.0,0.0,0.0,0.0,0.0,0.0,0.0,0.0,0.0,0.0,0.0,0.0,0.0,0.0,0.0,0.0,0.0,0.0,0.0,0.0,0.0,0.0,0.0,0.0,0.0,0.0,0.0,0.0,0.0,0.0,0.0,0.0,0.0,0.0,0.0,0.0,0.0,0.0,0.0,0.0,0.0,0.0,0.0
c7bddf55.qasm,16,4088,3422,666,0,500,2,16,297.125,442,0.16291585127201566,0.16291585127201566,8.176,23,0.19166666666666668,1,3,2.2162162162162162,4,135,126,0,2383,814,2383,1705,0,216,0,82.0,453.0,593.0,598.0,888.0,666.0,222.0,370.0,216.0,0.0,0.0,0.0,0.0,0.0,0.0,0.0,0.0,0.0,0.0,0.0,0.0,0.0,0.0,0.0,0.0,0.0,0.0,0.0,0.0,0.0,0.0,0.0,0.0,0.0,0.0,0.0,0.0,0.0,0.0,0.0,0.0,0.0,0.0,0.0,0.0,0.0,0.0,0.0,0.0,0.0,0.0,0.0,0.0,0.0,0.0,0.0,0.0,0.0,0.0,0.0,0.0,0.0,0.0,0.0,0.0
c82bb473.qasm,32,9580,8005,1575,0,501,2,32,348.59375,442,0.16440501043841335,0.16440501043841335,19.121756487025948,50,0.10080645161290322,1,3,2.954285714285714,7,198,126,0,5569,1925,5569,4011,0,519,0,159.0,1042.0,1379.0,1406.0,2100.0,1575.0,525.0,875.0,519.0,0.0,0.0,0.0,0.0,0.0,0.0,0.0,0.0,0.0,0.0,0.0,0.0,0.0,0.0,0.0,0.0,0.0,0.0,0.0,0.0,0.0,0.0,0.0,0.0,0.0,0.0,0.0,0.0,0.0,0.0,0.0,0.0,0.0,0.0,0.0,0.0,0.0,0.0,0.0,0.0,0.0,0.0,0.0,0.0,0.0,0.0,0.0,0.0,0.0,0.0,0.0,0.0,0.0,0.0,0.0,0.0
c84ad65b.qasm,28,7908,6612,1296,0,501,2,28,328.7142857142857,442,0.1638846737481032,0.1638846737481032,15.784431137724551,43,0.11375661375661375,1,3,2.8055555555555554,6,189,126,0,4604,1584,4604,3304,0,426,0,142.0,862.0,1144.0,1158.0,1728.0,1296.0,432.0,720.0,426.0,0.0,0.0,0.0,0.0,0.0,0.0,0.0,0.0,0.0,0.0,0.0,0.0,0.0,0.0,0.0,0.0,0.0,0.0,0.0,0.0,0.0,0.0,0.0,0.0,0.0,0.0,0.0,0.0,0.0,0.0,0.0,0.0,0.0,0.0,0.0,0.0,0.0,0.0,0.0,0.0,0.0,0.0,0.0,0.0,0.0,0.0,0.0,0.0,0.0,0.0,0.0,0.0,0.0,0.0,0.0,0.0
c8afe1ad.qasm,22,22,1,21,0,22,2,22,1.9545454545454546,2,0.9545454545454546,0.9545454545454546,1.0,21,0.09090909090909091,1,1,1.0,1,1,2,0,0,0,0,22,0,0,0,0.0,0.0,0.0,0.0,0.0,21.0,0.0,0.0,0.0,1.0,0.0,0.0,0.0,0.0,0.0,0.0,0.0,0.0,0.0,0.0,0.0,0.0,0.0,0.0,0.0,0.0,0.0,0.0,0.0,0.0,0.0,0.0,0.0,0.0,0.0,0.0,0.0,0.0,0.0,0.0,0.0,0.0,0.0,0.0,0.0,0.0,0.0,0.0,0.0,0.0,0.0,0.0,0.0,0.0,0.0,0.0,0.0,0.0,0.0,0.0,0.0,0.0,0.0,0.0,0.0
c945995d.qasm,39,11869,9916,1953,0,501,2,39,354.4102564102564,442,0.16454629707641755,0.16454629707641755,23.69061876247505,62,0.08367071524966262,1,4,3.2534562211981566,8,225,126,0,6901,2387,6901,4968,0,645,0,195.0,1285.0,1709.0,1742.0,2604.0,1953.0,651.0,1085.0,645.0,0.0,0.0,0.0,0.0,0.0,0.0,0.0,0.0,0.0,0.0,0.0,0.0,0.0,0.0,0.0,0.0,0.0,0.0,0.0,0.0,0.0,0.0,0.0,0.0,0.0,0.0,0.0,0.0,0.0,0.0,0.0,0.0,0.0,0.0,0.0,0.0,0.0,0.0,0.0,0.0,0.0,0.0,0.0,0.0,0.0,0.0,0.0,0.0,0.0,0.0,0.0,0.0,0.0,0.0,0.0,0.0
c95f41f8.qasm,8,23,16,7,0,9,2,8,3.75,4,0.30434782608695654,0.30434782608695654,2.5555555555555554,7,0.25,1,1,1.0,1,1,2,0,16,0,16,7,0,0,0,0.0,0.0,8.0,0.0,8.0,7.0,0.0,0.0,0.0,0.0,0.0,0.0,0.0,0.0,0.0,0.0,0.0,0.0,0.0,0.0,0.0,0.0,0.0,0.0,0.0,0.0,0.0,0.0,0.0,0.0,0.0,0.0,0.0,0.0,0.0,0.0,0.0,0.0,0.0,0.0,0.0,0.0,0.0,0.0,0.0,0.0,0.0,0.0,0.0,0.0,0.0,0.0,0.0,0.0,0.0,0.0,0.0,0.0,0.0,0.0,0.0,0.0,0.0,0.0,0.0
c96fe790.qasm,256,33280,257,33023,0,514,2,256,258.99609375,259,0.9922776442307693,0.9922776442307693,64.74708171206225,32640,1.0,1,255,85.17696756805863,255,16513,258,0,32640,32640,32640,640,0,0,0,0.0,0.0,0.0,0.0,0.0,255.0,0.0,0.0,0.0,257.0,0.0,0.0,0.0,0.0,0.0,32640.0,0.0,0.0,0.0,0.0,0.0,0.0,0.0,0.0,0.0,0.0,0.0,128.0,0.0,0.0,0.0,0.0,0.0,0.0,0.0,0.0,0.0,0.0,0.0,0.0,0.0,0.0,0.0,0.0,0.0,0.0,0.0,0.0,0.0,0.0,0.0,0.0,0.0,0.0,0.0,0.0,0.0,0.0,0.0,0.0,0.0,0.0,0.0,0.0,0.0
c999af32.qasm,28,8220,6870,1350,0,501,2,28,341.7857142857143,442,0.16423357664233576,0.16423357664233576,16.407185628742514,43,0.11375661375661375,1,3,2.8,6,198,126,0,4783,1650,4783,3437,0,444,0,142.0,893.0,1185.0,1206.0,1800.0,1350.0,450.0,750.0,444.0,0.0,0.0,0.0,0.0,0.0,0.0,0.0,0.0,0.0,0.0,0.0,0.0,0.0,0.0,0.0,0.0,0.0,0.0,0.0,0.0,0.0,0.0,0.0,0.0,0.0,0.0,0.0,0.0,0.0,0.0,0.0,0.0,0.0,0.0,0.0,0.0,0.0,0.0,0.0,0.0,0.0,0.0,0.0,0.0,0.0,0.0,0.0,0.0,0.0,0.0,0.0,0.0,0.0,0.0,0.0,0.0
ca0a2ce5.qasm,58,3651,2489,1162,0,2528,2,58,82.98275862068965,1331,0.3182689674061901,0.3182689674061901,1.4442246835443038,228,0.13793103448275862,1,7,11.258175559380378,53,734,434,0,2439,1929,2439,1212,0,0,0,0.0,0.0,0.0,1929.0,0.0,1162.0,510.0,0.0,0.0,50.0,0.0,0.0,0.0,0.0,0.0,0.0,0.0,0.0,0.0,0.0,0.0,0.0,0.0,0.0,0.0,0.0,0.0,0.0,0.0,0.0,0.0,0.0,0.0,0.0,0.0,0.0,0.0,0.0,0.0,0.0,0.0,0.0,0.0,0.0,0.0,0.0,0.0,0.0,0.0,0.0,0.0,0.0,0.0,0.0,0.0,0.0,0.0,0.0,0.0,0.0,0.0,0.0,0.0,0.0,0.0
ca634f4d.qasm,20,5448,4557,891,0,501,2,20,316.95,442,0.16354625550660792,0.16354625550660792,10.874251497005988,30,0.15789473684210525,1,3,2.5555555555555554,5,162,126,0,3167,1089,3167,2281,0,291,0,94.0,604.0,790.0,798.0,1188.0,891.0,297.0,495.0,291.0,0.0,0.0,0.0,0.0,0.0,0.0,0.0,0.0,0.0,0.0,0.0,0.0,0.0,0.0,0.0,0.0,0.0,0.0,0.0,0.0,0.0,0.0,0.0,0.0,0.0,0.0,0.0,0.0,0.0,0.0,0.0,0.0,0.0,0.0,0.0,0.0,0.0,0.0,0.0,0.0,0.0,0.0,0.0,0.0,0.0,0.0,0.0,0.0,0.0,0.0,0.0,0.0,0.0,0.0,0.0,0.0
ca8c6d9a.qasm,50,15674,13091,2583,0,502,2,50,365.14,442,0.1647952022457573,0.1647952022457573,31.223107569721115,82,0.06693877551020408,1,5,3.529616724738676,9,279,126,0,9124,3157,9124,6550,0,839,0,236.0,1693.0,2265.0,2318.0,3444.0,2583.0,861.0,1435.0,839.0,0.0,0.0,0.0,0.0,0.0,0.0,0.0,0.0,0.0,0.0,0.0,0.0,0.0,0.0,0.0,0.0,0.0,0.0,0.0,0.0,0.0,0.0,0.0,0.0,0.0,0.0,0.0,0.0,0.0,0.0,0.0,0.0,0.0,0.0,0.0,0.0,0.0,0.0,0.0,0.0,0.0,0.0,0.0,0.0,0.0,0.0,0.0,0.0,0.0,0.0,0.0,0.0,0.0,0.0,0.0,0.0
ca980007.qasm,32,9580,8005,1575,0,501,2,32,348.59375,442,0.16440501043841335,0.16440501043841335,19.121756487025948,50,0.10080645161290322,1,3,2.954285714285714,7,198,126,0,5572,1925,5572,4008,0,519,0,160.0,1039.0,1381.0,1406.0,2100.0,1575.0,525.0,875.0,519.0,0.0,0.0,0.0,0.0,0.0,0.0,0.0,0.0,0.0,0.0,0.0,0.0,0.0,0.0,0.0,0.0,0.0,0.0,0.0,0.0,0.0,0.0,0.0,0.0,0.0,0.0,0.0,0.0,0.0,0.0,0.0,0.0,0.0,0.0,0.0,0.0,0.0,0.0,0.0,0.0,0.0,0.0,0.0,0.0,0.0,0.0,0.0,0.0,0.0,0.0,0.0,0.0,0.0,0.0,0.0,0.0
cab2b6e9.qasm,36,10628,8882,1746,0,501,2,36,343.72222222222223,442,0.16428302596913813,0.16428302596913813,21.213572854291417,57,0.09047619047619047,1,4,3.134020618556701,7,216,126,0,6180,2134,6180,4448,0,576,0,175.0,1156.0,1537.0,1558.0,2328.0,1746.0,582.0,970.0,576.0,0.0,0.0,0.0,0.0,0.0,0.0,0.0,0.0,0.0,0.0,0.0,0.0,0.0,0.0,0.0,0.0,0.0,0.0,0.0,0.0,0.0,0.0,0.0,0.0,0.0,0.0,0.0,0.0,0.0,0.0,0.0,0.0,0.0,0.0,0.0,0.0,0.0,0.0,0.0,0.0,0.0,0.0,0.0,0.0,0.0,0.0,0.0,0.0,0.0,0.0,0.0,0.0,0.0,0.0,0.0,0.0
cb2b300f.qasm,39,11869,9916,1953,0,501,2,39,354.4102564102564,442,0.16454629707641755,0.16454629707641755,23.69061876247505,62,0.08367071524966262,1,4,3.2534562211981566,8,225,126,0,6897,2387,6897,4972,0,645,0,187.0,1289.0,1713.0,1742.0,2604.0,1953.0,651.0,1085.0,645.0,0.0,0.0,0.0,0.0,0.0,0.0,0.0,0.0,0.0,0.0,0.0,0.0,0.0,0.0,0.0,0.0,0.0,0.0,0.0,0.0,0.0,0.0,0.0,0.0,0.0,0.0,0.0,0.0,0.0,0.0,0.0,0.0,0.0,0.0,0.0,0.0,0.0,0.0,0.0,0.0,0.0,0.0,0.0,0.0,0.0,0.0,0.0,0.0,0.0,0.0,0.0,0.0,0.0,0.0,0.0,0.0
cc5bc6eb.qasm,36,141,71,70,0,72,2,36,5.861111111111111,6,0.49645390070921985,0.49645390070921985,1.9583333333333333,35,0.05555555555555555,1,1,1.0,1,2,4,0,70,35,70,71,0,0,0,0.0,0.0,70.0,0.0,0.0,35.0,0.0,0.0,0.0,0.0,0.0,1.0,0.0,0.0,0.0,0.0,0.0,0.0,35.0,0.0,0.0,0.0,0.0,0.0,0.0,0.0,0.0,0.0,0.0,0.0,0.0,0.0,0.0,0.0,0.0,0.0,0.0,0.0,0.0,0.0,0.0,0.0,0.0,0.0,0.0,0.0,0.0,0.0,0.0,0.0,0.0,0.0,0.0,0.0,0.0,0.0,0.0,0.0,0.0,0.0,0.0,0.0,0.0,0.0,0.0
ccfd978a.qasm,68,154691,98315,56376,0,72491,2,68,3103.926470588235,15952,0.3644426631155012,0.3644426631155012,2.1339338676525363,388,0.17032484635645304,1,8,33.23447921101178,62,50860,14016,0,94605,65643,94605,60086,0,60,0,0.0,0.0,0.0,65583.0,0.0,56376.0,29022.0,0.0,30.0,3650.0,0.0,0.0,0.0,0.0,0.0,0.0,0.0,0.0,0.0,0.0,30.0,0.0,0.0,0.0,0.0,0.0,0.0,0.0,0.0,0.0,0.0,0.0,0.0,0.0,0.0,0.0,0.0,0.0,0.0,0.0,0.0,0.0,0.0,0.0,0.0,0.0,0.0,0.0,0.0,0.0,0.0,0.0,0.0,0.0,0.0,0.0,0.0,0.0,0.0,0.0,0.0,0.0,0.0,0.0,0.0
cd51d9b8.qasm,53,14105,11783,2322,0,432,2,53,309.9433962264151,379,0.16462247429989366,0.16462247429989366,32.65046296296296,86,0.062409288824383166,1,5,4.093023255813954,10,270,108,0,8186,2838,8186,5919,0,768,0,225.0,1539.0,2021.0,2070.0,3096.0,2322.0,774.0,1290.0,768.0,0.0,0.0,0.0,0.0,0.0,0.0,0.0,0.0,0.0,0.0,0.0,0.0,0.0,0.0,0.0,0.0,0.0,0.0,0.0,0.0,0.0,0.0,0.0,0.0,0.0,0.0,0.0,0.0,0.0,0.0,0.0,0.0,0.0,0.0,0.0,0.0,0.0,0.0,0.0,0.0,0.0,0.0,0.0,0.0,0.0,0.0,0.0,0.0,0.0,0.0,0.0,0.0,0.0,0.0,0.0,0.0
cd592018.qasm,53,18009,15048,2961,0,574,2,53,395.66037735849056,505,0.16441779110444776,0.16441779110444776,31.374564459930312,86,0.062409288824383166,1,5,4.0638297872340425,10,342,144,0,10460,3619,10460,7549,0,979,0,284.0,1964.0,2601.0,2640.0,3948.0,2961.0,987.0,1645.0,979.0,0.0,0.0,0.0,0.0,0.0,0.0,0.0,0.0,0.0,0.0,0.0,0.0,0.0,0.0,0.0,0.0,0.0,0.0,0.0,0.0,0.0,0.0,0.0,0.0,0.0,0.0,0.0,0.0,0.0,0.0,0.0,0.0,0.0,0.0,0.0,0.0,0.0,0.0,0.0,0.0,0.0,0.0,0.0,0.0,0.0,0.0,0.0,0.0,0.0,0.0,0.0,0.0,0.0,0.0,0.0,0.0
cd5b55b6.qasm,16,15,0,1,14,15,4,16,3.3125,5,0.06666666666666667,1.0,1.0,30,0.25,1,3,6.257142857142857,12,42,14,0,0,0,0,1,0,0,0,0.0,0.0,0.0,0.0,0.0,1.0,0.0,0.0,0.0,0.0,0.0,0.0,0.0,0.0,0.0,0.0,0.0,0.0,0.0,0.0,0.0,0.0,0.0,0.0,0.0,0.0,0.0,0.0,0.0,0.0,0.0,0.0,0.0,0.0,0.0,0.0,0.0,0.0,0.0,0.0,0.0,0.0,0.0,0.0,0.0,5.0,5.0,4.0,0.0,0.0,0.0,0.0,0.0,0.0,0.0,0.0,0.0,0.0,0.0,0.0,0.0,0.0,0.0,0.0,0.0
ce4f4dde.qasm,118,469,235,234,0,236,2,118,5.9576271186440675,6,0.4989339019189765,0.4989339019189765,1.9872881355932204,117,0.01694915254237288,1,1,1.0,1,2,4,0,234,117,234,235,0,0,0,0.0,0.0,234.0,0.0,0.0,117.0,0.0,0.0,0.0,0.0,0.0,1.0,0.0,0.0,0.0,0.0,0.0,0.0,117.0,0.0,0.0,0.0,0.0,0.0,0.0,0.0,0.0,0.0,0.0,0.0,0.0,0.0,0.0,0.0,0.0,0.0,0.0,0.0,0.0,0.0,0.0,0.0,0.0,0.0,0.0,0.0,0.0,0.0,0.0,0.0,0.0,0.0,0.0,0.0,0.0,0.0,0.0,0.0,0.0,0.0,0.0,0.0,0.0,0.0,0.0
ce7207a3.qasm,58,3651,2489,1162,0,2528,2,58,82.98275862068965,1331,0.3182689674061901,0.3182689674061901,1.4442246835443038,228,0.13793103448275862,1,7,11.258175559380378,53,734,434,0,2439,1929,2439,1212,0,0,0,0.0,0.0,0.0,1929.0,0.0,1162.0,510.0,0.0,0.0,50.0,0.0,0.0,0.0,0.0,0.0,0.0,0.0,0.0,0.0,0.0,0.0,0.0,0.0,0.0,0.0,0.0,0.0,0.0,0.0,0.0,0.0,0.0,0.0,0.0,0.0,0.0,0.0,0.0,0.0,0.0,0.0,0.0,0.0,0.0,0.0,0.0,0.0,0.0,0.0,0.0,0.0,0.0,0.0,0.0,0.0,0.0,0.0,0.0,0.0,0.0,0.0,0.0,0.0,0.0,0.0
cee426fe.qasm,128,8596,384,8212,0,327,2,128,131.3125,163,0.9553280595625873,0.9553280595625873,26.287461773700304,4106,0.5051673228346457,1,114,41.73550901120312,127,4060,160,0,8468,8212,8468,128,0,0,0,0.0,0.0,0.0,0.0,0.0,0.0,256.0,0.0,0.0,128.0,0.0,0.0,0.0,0.0,0.0,0.0,0.0,0.0,0.0,8212.0,0.0,0.0,0.0,0.0,0.0,0.0,0.0,0.0,0.0,0.0,0.0,0.0,0.0,0.0,0.0,0.0,0.0,0.0,0.0,0.0,0.0,0.0,0.0,0.0,0.0,0.0,0.0,0.0,0.0,0.0,0.0,0.0,0.0,0.0,0.0,0.0,0.0,0.0,0.0,0.0,0.0,0.0,0.0,0.0,0.0
cf2c4cc9.qasm,8,53,32,21,0,15,2,8,9.25,10,0.39622641509433965,0.39622641509433965,3.533333333333333,7,0.25,1,1,1.0,1,3,6,0,32,0,32,21,0,0,0,0.0,0.0,32.0,0.0,0.0,21.0,0.0,0.0,0.0,0.0,0.0,0.0,0.0,0.0,0.0,0.0,0.0,0.0,0.0,0.0,0.0,0.0,0.0,0.0,0.0,0.0,0.0,0.0,0.0,0.0,0.0,0.0,0.0,0.0,0.0,0.0,0.0,0.0,0.0,0.0,0.0,0.0,0.0,0.0,0.0,0.0,0.0,0.0,0.0,0.0,0.0,0.0,0.0,0.0,0.0,0.0,0.0,0.0,0.0,0.0,0.0,0.0,0.0,0.0,0.0
cf5bfeb1.qasm,51,16053,13407,2646,0,502,2,51,366.6470588235294,442,0.1648290039245001,0.1648290039245001,31.97808764940239,84,0.06588235294117648,1,5,3.622448979591837,9,279,126,0,9345,3234,9345,6708,0,860,0,243.0,1732.0,2318.0,2374.0,3528.0,2646.0,882.0,1470.0,860.0,0.0,0.0,0.0,0.0,0.0,0.0,0.0,0.0,0.0,0.0,0.0,0.0,0.0,0.0,0.0,0.0,0.0,0.0,0.0,0.0,0.0,0.0,0.0,0.0,0.0,0.0,0.0,0.0,0.0,0.0,0.0,0.0,0.0,0.0,0.0,0.0,0.0,0.0,0.0,0.0,0.0,0.0,0.0,0.0,0.0,0.0,0.0,0.0,0.0,0.0,0.0,0.0,0.0,0.0,0.0,0.0
d168a391.qasm,64,381,192,189,0,192,2,64,8.90625,9,0.49606299212598426,0.49606299212598426,1.984375,63,0.03125,1,1,1.0,1,3,6,0,381,0,381,0,0,0,0,0.0,0.0,0.0,0.0,192.0,0.0,0.0,0.0,0.0,0.0,0.0,0.0,0.0,0.0,0.0,0.0,0.0,0.0,0.0,0.0,0.0,0.0,0.0,0.0,0.0,0.0,0.0,0.0,0.0,0.0,189.0,0.0,0.0,0.0,0.0,0.0,0.0,0.0,0.0,0.0,0.0,0.0,0.0,0.0,0.0,0.0,0.0,0.0,0.0,0.0,0.0,0.0,0.0,0.0,0.0,0.0,0.0,0.0,0.0,0.0,0.0,0.0,0.0,0.0,0.0
d20d9d2e.qasm,60,11581,8015,3566,0,10144,2,60,252.45,5171,0.3079181417839565,0.3079181417839565,1.141660094637224,295,0.16666666666666666,1,9,5.910824453168817,54,1986,1586,0,7965,5919,7965,3616,0,0,0,0.0,0.0,0.0,5919.0,0.0,3566.0,2046.0,0.0,0.0,50.0,0.0,0.0,0.0,0.0,0.0,0.0,0.0,0.0,0.0,0.0,0.0,0.0,0.0,0.0,0.0,0.0,0.0,0.0,0.0,0.0,0.0,0.0,0.0,0.0,0.0,0.0,0.0,0.0,0.0,0.0,0.0,0.0,0.0,0.0,0.0,0.0,0.0,0.0,0.0,0.0,0.0,0.0,0.0,0.0,0.0,0.0,0.0,0.0,0.0,0.0,0.0,0.0,0.0,0.0,0.0
d21812d8.qasm,30,10771,7505,3266,0,10099,2,30,467.9,5141,0.30322161359205274,0.30322161359205274,1.0665412417070996,145,0.3333333333333333,1,9,2.7795468462951622,24,1716,1556,0,7485,5439,7485,3286,0,0,0,0.0,0.0,0.0,5439.0,0.0,3266.0,2046.0,0.0,0.0,20.0,0.0,0.0,0.0,0.0,0.0,0.0,0.0,0.0,0.0,0.0,0.0,0.0,0.0,0.0,0.0,0.0,0.0,0.0,0.0,0.0,0.0,0.0,0.0,0.0,0.0,0.0,0.0,0.0,0.0,0.0,0.0,0.0,0.0,0.0,0.0,0.0,0.0,0.0,0.0,0.0,0.0,0.0,0.0,0.0,0.0,0.0,0.0,0.0,0.0,0.0,0.0,0.0,0.0,0.0,0.0
d2ffaf7e.qasm,64,191,128,63,0,65,2,64,3.96875,4,0.3298429319371728,0.3298429319371728,2.9384615384615387,63,0.03125,1,1,1.0,1,1,2,0,128,0,128,63,0,0,0,0.0,0.0,64.0,0.0,64.0,63.0,0.0,0.0,0.0,0.0,0.0,0.0,0.0,0.0,0.0,0.0,0.0,0.0,0.0,0.0,0.0,0.0,0.0,0.0,0.0,0.0,0.0,0.0,0.0,0.0,0.0,0.0,0.0,0.0,0.0,0.0,0.0,0.0,0.0,0.0,0.0,0.0,0.0,0.0,0.0,0.0,0.0,0.0,0.0,0.0,0.0,0.0,0.0,0.0,0.0,0.0,0.0,0.0,0.0,0.0,0.0,0.0,0.0,0.0,0.0
d3f98c63.qasm,51,16053,13407,2646,0,502,2,51,366.6470588235294,442,0.1648290039245001,0.1648290039245001,31.97808764940239,84,0.06588235294117648,1,5,3.622448979591837,9,279,126,0,9339,3234,9339,6714,0,860,0,255.0,1738.0,2300.0,2374.0,3528.0,2646.0,882.0,1470.0,860.0,0.0,0.0,0.0,0.0,0.0,0.0,0.0,0.0,0.0,0.0,0.0,0.0,0.0,0.0,0.0,0.0,0.0,0.0,0.0,0.0,0.0,0.0,0.0,0.0,0.0,0.0,0.0,0.0,0.0,0.0,0.0,0.0,0.0,0.0,0.0,0.0,0.0,0.0,0.0,0.0,0.0,0.0,0.0,0.0,0.0,0.0,0.0,0.0,0.0,0.0,0.0,0.0,0.0,0.0,0.0,0.0
d3f998bc.qasm,53,13689,11439,2250,0,432,2,53,300.7358490566038,379,0.16436554898093358,0.16436554898093358,31.6875,86,0.062409288824383166,1,5,4.096,10,261,108,0,7951,2750,7951,5738,0,744,0,226.0,1494.0,1969.0,2006.0,3000.0,2250.0,750.0,1250.0,744.0,0.0,0.0,0.0,0.0,0.0,0.0,0.0,0.0,0.0,0.0,0.0,0.0,0.0,0.0,0.0,0.0,0.0,0.0,0.0,0.0,0.0,0.0,0.0,0.0,0.0,0.0,0.0,0.0,0.0,0.0,0.0,0.0,0.0,0.0,0.0,0.0,0.0,0.0,0.0,0.0,0.0,0.0,0.0,0.0,0.0,0.0,0.0,0.0,0.0,0.0,0.0,0.0,0.0,0.0,0.0,0.0
d49ba491.qasm,28,7908,6612,1296,0,501,2,28,328.7142857142857,442,0.1638846737481032,0.1638846737481032,15.784431137724551,43,0.11375661375661375,1,3,2.8055555555555554,6,189,126,0,4607,1584,4607,3301,0,426,0,137.0,859.0,1152.0,1158.0,1728.0,1296.0,432.0,720.0,426.0,0.0,0.0,0.0,0.0,0.0,0.0,0.0,0.0,0.0,0.0,0.0,0.0,0.0,0.0,0.0,0.0,0.0,0.0,0.0,0.0,0.0,0.0,0.0,0.0,0.0,0.0,0.0,0.0,0.0,0.0,0.0,0.0,0.0,0.0,0.0,0.0,0.0,0.0,0.0,0.0,0.0,0.0,0.0,0.0,0.0,0.0,0.0,0.0,0.0,0.0,0.0,0.0,0.0,0.0,0.0,0.0
d4a7f2c7.qasm,16,4088,3422,666,0,500,2,16,297.125,442,0.16291585127201566,0.16291585127201566,8.176,23,0.19166666666666668,1,3,2.2162162162162162,4,135,126,0,2387,814,2387,1701,0,216,0,81.0,449.0,598.0,598.0,888.0,666.0,222.0,370.0,216.0,0.0,0.0,0.0,0.0,0.0,0.0,0.0,0.0,0.0,0.0,0.0,0.0,0.0,0.0,0.0,0.0,0.0,0.0,0.0,0.0,0.0,0.0,0.0,0.0,0.0,0.0,0.0,0.0,0.0,0.0,0.0,0.0,0.0,0.0,0.0,0.0,0.0,0.0,0.0,0.0,0.0,0.0,0.0,0.0,0.0,0.0,0.0,0.0,0.0,0.0,0.0,0.0,0.0,0.0,0.0,0.0
d706049b.qasm,41,62,42,0,20,22,3,41,2.4878048780487805,22,0.0,0.3225806451612903,2.8181818181818183,60,0.07317073170731707,1,2,20.333333333333332,40,40,40,0,40,0,40,2,0,0,0,0.0,0.0,0.0,0.0,0.0,0.0,40.0,0.0,0.0,2.0,0.0,0.0,0.0,0.0,0.0,0.0,0.0,0.0,0.0,0.0,0.0,0.0,0.0,0.0,20.0,0.0,0.0,0.0,0.0,0.0,0.0,0.0,0.0,0.0,0.0,0.0,0.0,0.0,0.0,0.0,0.0,0.0,0.0,0.0,0.0,0.0,0.0,0.0,0.0,0.0,0.0,0.0,0.0,0.0,0.0,0.0,0.0,0.0,0.0,0.0,0.0,0.0,0.0,0.0,0.0
d70a0bd6.qasm,48,746881,549786,197095,0,374697,2,48,19666.166666666668,40459,0.2638907670699884,0.2638907670699884,1.9932932476107361,699,0.6196808510638298,1,36,12.722088333037368,45,102185,13575,0,215383,57122,215383,517978,13520,64,0,0.0,0.0,0.0,43538.0,0.0,197095.0,171845.0,0.0,32.0,320819.0,0.0,0.0,0.0,13520.0,0.0,0.0,0.0,0.0,0.0,0.0,32.0,0.0,0.0,0.0,0.0,0.0,0.0,0.0,0.0,0.0,0.0,0.0,0.0,0.0,0.0,0.0,0.0,0.0,0.0,0.0,0.0,0.0,0.0,0.0,0.0,0.0,0.0,0.0,0.0,0.0,0.0,0.0,0.0,0.0,0.0,0.0,0.0,0.0,0.0,0.0,0.0,0.0,0.0,0.0,0.0
d7fe8918.qasm,260,1440,520,920,0,24,2,260,9.076923076923077,16,0.6388888888888888,0.6388888888888888,60.0,700,0.02079002079002079,20,5,4.478260869565218,10,28,12,0,0,140,0,1440,0,0,0,0.0,0.0,0.0,0.0,0.0,920.0,0.0,0.0,0.0,240.0,0.0,140.0,0.0,0.0,0.0,0.0,0.0,0.0,0.0,0.0,0.0,0.0,0.0,0.0,0.0,0.0,0.0,0.0,0.0,0.0,0.0,0.0,0.0,0.0,140.0,0.0,0.0,0.0,0.0,0.0,0.0,0.0,0.0,0.0,0.0,0.0,0.0,0.0,0.0,0.0,0.0,0.0,0.0,0.0,0.0,0.0,0.0,0.0,0.0,0.0,0.0,0.0,0.0,0.0,0.0
d87e1b4b.qasm,256,1021,511,510,0,512,2,256,5.98046875,6,0.49951028403525954,0.49951028403525954,1.994140625,255,0.0078125,1,1,1.0,1,2,4,0,510,255,510,511,0,0,0,0.0,0.0,510.0,0.0,0.0,255.0,0.0,0.0,0.0,0.0,0.0,1.0,0.0,0.0,0.0,0.0,0.0,0.0,255.0,0.0,0.0,0.0,0.0,0.0,0.0,0.0,0.0,0.0,0.0,0.0,0.0,0.0,0.0,0.0,0.0,0.0,0.0,0.0,0.0,0.0,0.0,0.0,0.0,0.0,0.0,0.0,0.0,0.0,0.0,0.0,0.0,0.0,0.0,0.0,0.0,0.0,0.0,0.0,0.0,0.0,0.0,0.0,0.0,0.0,0.0
d9b603b5.qasm,24,6808,5692,1116,0,501,2,24,330.1666666666667,442,0.16392479435957696,0.16392479435957696,13.588822355289421,37,0.13405797101449277,1,3,2.903225806451613,6,189,126,0,3961,1364,3961,2847,0,366,0,123.0,745.0,980.0,998.0,1488.0,1116.0,372.0,620.0,366.0,0.0,0.0,0.0,0.0,0.0,0.0,0.0,0.0,0.0,0.0,0.0,0.0,0.0,0.0,0.0,0.0,0.0,0.0,0.0,0.0,0.0,0.0,0.0,0.0,0.0,0.0,0.0,0.0,0.0,0.0,0.0,0.0,0.0,0.0,0.0,0.0,0.0,0.0,0.0,0.0,0.0,0.0,0.0,0.0,0.0,0.0,0.0,0.0,0.0,0.0,0.0,0.0,0.0,0.0,0.0,0.0
d9c77e07.qasm,8,16,15,0,1,3,8,8,2.875,3,0.0,0.0625,5.333333333333333,28,1.0,1,7,3.0,7,16,7,0,1,0,1,14,0,0,0,1.0,0.0,0.0,0.0,0.0,0.0,0.0,0.0,0.0,14.0,0.0,0.0,0.0,0.0,0.0,0.0,0.0,0.0,0.0,0.0,0.0,0.0,0.0,0.0,0.0,0.0,0.0,0.0,0.0,0.0,0.0,0.0,0.0,0.0,0.0,1.0,0.0,0.0,0.0,0.0,0.0,0.0,0.0,0.0,0.0,0.0,0.0,0.0,0.0,0.0,0.0,0.0,0.0,0.0,0.0,0.0,0.0,0.0,0.0,0.0,0.0,0.0,0.0,0.0,0.0
da0e58a0.qasm,34,18149,11859,6290,0,7976,2,34,718.7941176470588,2276,0.34657556890186786,0.34657556890186786,2.2754513540621866,151,0.26916221033868093,1,6,15.750079491255962,29,5188,1568,0,11559,8285,11559,6590,0,0,0,0.0,0.0,0.0,8285.0,0.0,6290.0,3274.0,0.0,0.0,300.0,0.0,0.0,0.0,0.0,0.0,0.0,0.0,0.0,0.0,0.0,0.0,0.0,0.0,0.0,0.0,0.0,0.0,0.0,0.0,0.0,0.0,0.0,0.0,0.0,0.0,0.0,0.0,0.0,0.0,0.0,0.0,0.0,0.0,0.0,0.0,0.0,0.0,0.0,0.0,0.0,0.0,0.0,0.0,0.0,0.0,0.0,0.0,0.0,0.0,0.0,0.0,0.0,0.0,0.0,0.0
da213329.qasm,49,15295,12775,2520,0,502,2,49,363.57142857142856,442,0.16475972540045766,0.16475972540045766,30.46812749003984,80,0.06802721088435375,1,5,3.432142857142857,9,252,126,0,8915,3080,8915,6380,0,818,0,243.0,1642.0,2210.0,2262.0,3360.0,2520.0,840.0,1400.0,818.0,0.0,0.0,0.0,0.0,0.0,0.0,0.0,0.0,0.0,0.0,0.0,0.0,0.0,0.0,0.0,0.0,0.0,0.0,0.0,0.0,0.0,0.0,0.0,0.0,0.0,0.0,0.0,0.0,0.0,0.0,0.0,0.0,0.0,0.0,0.0,0.0,0.0,0.0,0.0,0.0,0.0,0.0,0.0,0.0,0.0,0.0,0.0,0.0,0.0,0.0,0.0,0.0,0.0,0.0,0.0,0.0
da3a2f77.qasm,53,18789,15693,3096,0,574,2,53,412.92452830188677,505,0.1647772632923519,0.1647772632923519,32.73344947735192,86,0.062409288824383166,1,5,4.093023255813954,10,360,144,0,10908,3784,10908,7881,0,1024,0,294.0,2041.0,2694.0,2760.0,4128.0,3096.0,1032.0,1720.0,1024.0,0.0,0.0,0.0,0.0,0.0,0.0,0.0,0.0,0.0,0.0,0.0,0.0,0.0,0.0,0.0,0.0,0.0,0.0,0.0,0.0,0.0,0.0,0.0,0.0,0.0,0.0,0.0,0.0,0.0,0.0,0.0,0.0,0.0,0.0,0.0,0.0,0.0,0.0,0.0,0.0,0.0,0.0,0.0,0.0,0.0,0.0,0.0,0.0,0.0,0.0,0.0,0.0,0.0,0.0,0.0,0.0
da4d0871.qasm,68,154691,98315,56376,0,72491,2,68,3103.926470588235,15952,0.3644426631155012,0.3644426631155012,2.1339338676525363,388,0.17032484635645304,1,8,33.23447921101178,62,50860,14016,0,94605,65643,94605,60086,0,60,0,0.0,0.0,0.0,65583.0,0.0,56376.0,29022.0,0.0,30.0,3650.0,0.0,0.0,0.0,0.0,0.0,0.0,0.0,0.0,0.0,0.0,30.0,0.0,0.0,0.0,0.0,0.0,0.0,0.0,0.0,0.0,0.0,0.0,0.0,0.0,0.0,0.0,0.0,0.0,0.0,0.0,0.0,0.0,0.0,0.0,0.0,0.0,0.0,0.0,0.0,0.0,0.0,0.0,0.0,0.0,0.0,0.0,0.0,0.0,0.0,0.0,0.0,0.0,0.0,0.0,0.0
da505823.qasm,32,9580,8005,1575,0,501,2,32,348.59375,442,0.16440501043841335,0.16440501043841335,19.121756487025948,50,0.10080645161290322,1,3,2.954285714285714,7,198,126,0,5576,1925,5576,4004,0,519,0,155.0,1035.0,1390.0,1406.0,2100.0,1575.0,525.0,875.0,519.0,0.0,0.0,0.0,0.0,0.0,0.0,0.0,0.0,0.0,0.0,0.0,0.0,0.0,0.0,0.0,0.0,0.0,0.0,0.0,0.0,0.0,0.0,0.0,0.0,0.0,0.0,0.0,0.0,0.0,0.0,0.0,0.0,0.0,0.0,0.0,0.0,0.0,0.0,0.0,0.0,0.0,0.0,0.0,0.0,0.0,0.0,0.0,0.0,0.0,0.0,0.0,0.0,0.0,0.0,0.0,0.0
da601912.qasm,48,187921,138234,49687,0,94161,2,48,4950.166666666667,10171,0.26440365898436047,0.26440365898436047,1.995741336646807,699,0.6196808510638298,1,36,12.736128162295973,45,25769,3447,0,54391,14834,54391,129994,3536,16,0,0.0,0.0,0.0,11282.0,0.0,49687.0,43109.0,0.0,8.0,80291.0,0.0,0.0,0.0,3536.0,0.0,0.0,0.0,0.0,0.0,0.0,8.0,0.0,0.0,0.0,0.0,0.0,0.0,0.0,0.0,0.0,0.0,0.0,0.0,0.0,0.0,0.0,0.0,0.0,0.0,0.0,0.0,0.0,0.0,0.0,0.0,0.0,0.0,0.0,0.0,0.0,0.0,0.0,0.0,0.0,0.0,0.0,0.0,0.0,0.0,0.0,0.0,0.0,0.0,0.0,0.0
dae23358.qasm,32,9268,7747,1521,0,501,2,32,337.15625,442,0.1641130772550712,0.1641130772550712,18.499001996007983,50,0.10080645161290322,1,3,2.9585798816568047,7,189,126,0,5393,1859,5393,3875,0,501,0,164.0,1008.0,1336.0,1358.0,2028.0,1521.0,507.0,845.0,501.0,0.0,0.0,0.0,0.0,0.0,0.0,0.0,0.0,0.0,0.0,0.0,0.0,0.0,0.0,0.0,0.0,0.0,0.0,0.0,0.0,0.0,0.0,0.0,0.0,0.0,0.0,0.0,0.0,0.0,0.0,0.0,0.0,0.0,0.0,0.0,0.0,0.0,0.0,0.0,0.0,0.0,0.0,0.0,0.0,0.0,0.0,0.0,0.0,0.0,0.0,0.0,0.0,0.0,0.0,0.0,0.0
db12c1f0.qasm,32,574,63,511,0,94,2,32,33.90625,34,0.8902439024390244,0.8902439024390244,6.1063829787234045,496,1.0,1,31,11.146771037181995,31,271,32,0,496,496,496,78,0,0,0,0.0,0.0,0.0,0.0,0.0,0.0,0.0,0.0,0.0,62.0,0.0,1.0,0.0,0.0,0.0,496.0,0.0,0.0,0.0,0.0,0.0,0.0,0.0,0.0,0.0,0.0,0.0,15.0,0.0,0.0,0.0,0.0,0.0,0.0,0.0,0.0,0.0,0.0,0.0,0.0,0.0,0.0,0.0,0.0,0.0,0.0,0.0,0.0,0.0,0.0,0.0,0.0,0.0,0.0,0.0,0.0,0.0,0.0,0.0,0.0,0.0,0.0,0.0,0.0,0.0
db6ca211.qasm,256,1789,1024,765,0,263,2,256,9.9765625,10,0.4276131917272219,0.4276131917272219,6.802281368821292,255,0.0078125,1,1,1.0,1,3,6,0,1024,0,1024,765,0,0,0,0.0,0.0,1024.0,0.0,0.0,765.0,0.0,0.0,0.0,0.0,0.0,0.0,0.0,0.0,0.0,0.0,0.0,0.0,0.0,0.0,0.0,0.0,0.0,0.0,0.0,0.0,0.0,0.0,0.0,0.0,0.0,0.0,0.0,0.0,0.0,0.0,0.0,0.0,0.0,0.0,0.0,0.0,0.0,0.0,0.0,0.0,0.0,0.0,0.0,0.0,0.0,0.0,0.0,0.0,0.0,0.0,0.0,0.0,0.0,0.0,0.0,0.0,0.0,0.0,0.0
dbcc99b4.qasm,128,127,0,1,126,127,3,128,2.96875,4,0.007874015748031496,1.0,1.0,190,0.023375984251968504,1,2,42.72295514511873,64,253,8,0,0,0,0,1,0,0,0,0.0,0.0,0.0,0.0,0.0,1.0,0.0,0.0,0.0,0.0,0.0,0.0,0.0,0.0,0.0,0.0,0.0,0.0,0.0,0.0,0.0,0.0,0.0,0.0,0.0,0.0,0.0,0.0,0.0,0.0,0.0,63.0,63.0,0.0,0.0,0.0,0.0,0.0,0.0,0.0,0.0,0.0,0.0,0.0,0.0,0.0,0.0,0.0,0.0,0.0,0.0,0.0,0.0,0.0,0.0,0.0,0.0,0.0,0.0,0.0,0.0,0.0,0.0,0.0,0.0
dc86453a.qasm,32,69964,34714,28020,7230,48304,3,32,3513.875,18718,0.40049168143616715,0.5038305414213023,1.4484100695594568,372,0.75,1,22,10.144598672299336,31,23130,12096,0,6687,18576,6687,38023,18024,0,0,6135.0,0.0,0.0,0.0,0.0,27654.0,0.0,0.0,0.0,2256.0,84.0,8113.0,9012.0,9012.0,102.0,366.0,7056.0,174.0,0.0,0.0,0.0,0.0,0.0,0.0,0.0,0.0,0.0,0.0,0.0,0.0,0.0,0.0,0.0,0.0,0.0,0.0,0.0,0.0,0.0,0.0,0.0,0.0,0.0,0.0,0.0,0.0,0.0,0.0,0.0,0.0,0.0,0.0,0.0,0.0,0.0,0.0,0.0,0.0,0.0,0.0,0.0,0.0,0.0,0.0,0.0
de690b52.qasm,24,7120,5950,1170,0,501,2,24,345.4166666666667,442,0.16432584269662923,0.16432584269662923,14.211576846307386,37,0.13405797101449277,1,3,2.8923076923076922,6,198,126,0,4144,1430,4144,2976,0,384,0,121.0,772.0,1027.0,1046.0,1560.0,1170.0,390.0,650.0,384.0,0.0,0.0,0.0,0.0,0.0,0.0,0.0,0.0,0.0,0.0,0.0,0.0,0.0,0.0,0.0,0.0,0.0,0.0,0.0,0.0,0.0,0.0,0.0,0.0,0.0,0.0,0.0,0.0,0.0,0.0,0.0,0.0,0.0,0.0,0.0,0.0,0.0,0.0,0.0,0.0,0.0,0.0,0.0,0.0,0.0,0.0,0.0,0.0,0.0,0.0,0.0,0.0,0.0,0.0,0.0,0.0
deb00fe1.qasm,16,93,48,45,0,48,2,16,8.625,9,0.4838709677419355,0.4838709677419355,1.9375,15,0.125,1,1,1.0,1,3,6,0,93,0,93,0,0,0,0,0.0,0.0,0.0,0.0,48.0,0.0,0.0,0.0,0.0,0.0,0.0,0.0,0.0,0.0,0.0,0.0,0.0,0.0,0.0,0.0,0.0,0.0,0.0,0.0,0.0,0.0,0.0,0.0,0.0,0.0,45.0,0.0,0.0,0.0,0.0,0.0,0.0,0.0,0.0,0.0,0.0,0.0,0.0,0.0,0.0,0.0,0.0,0.0,0.0,0.0,0.0,0.0,0.0,0.0,0.0,0.0,0.0,0.0,0.0,0.0,0.0,0.0,0.0,0.0,0.0
df1a7a89.qasm,24,2298,24,0,2274,2275,24,24,2275.0,2275,0.0,0.9895561357702349,1.0101098901098902,276,1.0,1,23,8.333333333333334,23,327456,52302,0,0,0,0,24,0,0,0,0.0,0.0,0.0,0.0,0.0,0.0,0.0,0.0,0.0,23.0,0.0,1.0,0.0,0.0,0.0,0.0,0.0,0.0,0.0,0.0,0.0,0.0,0.0,2274.0,0.0,0.0,0.0,0.0,0.0,0.0,0.0,0.0,0.0,0.0,0.0,0.0,0.0,0.0,0.0,0.0,0.0,0.0,0.0,0.0,0.0,0.0,0.0,0.0,0.0,0.0,0.0,0.0,0.0,0.0,0.0,0.0,0.0,0.0,0.0,0.0,0.0,0.0,0.0,0.0,0.0
df43c2c2.qasm,47,14537,12143,2394,0,502,2,47,360.2340425531915,442,0.1646832221228589,0.1646832221228589,28.95816733067729,76,0.07030527289546716,1,5,3.4022556390977443,9,252,126,0,8466,2926,8466,6071,0,784,0,231.0,1563.0,2103.0,2142.0,3192.0,2394.0,798.0,1330.0,784.0,0.0,0.0,0.0,0.0,0.0,0.0,0.0,0.0,0.0,0.0,0.0,0.0,0.0,0.0,0.0,0.0,0.0,0.0,0.0,0.0,0.0,0.0,0.0,0.0,0.0,0.0,0.0,0.0,0.0,0.0,0.0,0.0,0.0,0.0,0.0,0.0,0.0,0.0,0.0,0.0,0.0,0.0,0.0,0.0,0.0,0.0,0.0,0.0,0.0,0.0,0.0,0.0,0.0,0.0,0.0,0.0
df458745.qasm,128,7438,2728,2496,2214,6770,4,128,127.703125,1199,0.335574079053509,0.6332347405216456,1.0986706056129985,3278,0.4032972440944882,1,63,42.013651424784626,124,7828,932,0,1572,2018,1572,2560,1092,0,0,646.0,0.0,0.0,0.0,0.0,2496.0,0.0,0.0,0.0,64.0,861.0,0.0,546.0,546.0,65.0,0.0,0.0,230.0,0.0,0.0,0.0,0.0,0.0,0.0,0.0,0.0,0.0,0.0,992.0,992.0,0.0,0.0,0.0,0.0,0.0,0.0,0.0,0.0,0.0,0.0,0.0,0.0,0.0,0.0,0.0,0.0,0.0,0.0,0.0,0.0,0.0,0.0,0.0,0.0,0.0,0.0,0.0,0.0,0.0,0.0,0.0,0.0,0.0,0.0,0.0
df75e229.qasm,53,18009,15048,2961,0,574,2,53,395.66037735849056,505,0.16441779110444776,0.16441779110444776,31.374564459930312,86,0.062409288824383166,1,5,4.0638297872340425,10,342,144,0,10458,3619,10458,7551,0,979,0,294.0,1966.0,2589.0,2640.0,3948.0,2961.0,987.0,1645.0,979.0,0.0,0.0,0.0,0.0,0.0,0.0,0.0,0.0,0.0,0.0,0.0,0.0,0.0,0.0,0.0,0.0,0.0,0.0,0.0,0.0,0.0,0.0,0.0,0.0,0.0,0.0,0.0,0.0,0.0,0.0,0.0,0.0,0.0,0.0,0.0,0.0,0.0,0.0,0.0,0.0,0.0,0.0,0.0,0.0,0.0,0.0,0.0,0.0,0.0,0.0,0.0,0.0,0.0,0.0,0.0,0.0
e10d312f.qasm,256,21286,6636,6104,8546,19862,4,256,205.2578125,2719,0.28676125152682513,0.6882457953584515,1.071694693384352,12746,0.39050245098039216,1,127,82.8665570136232,252,28588,1940,0,3660,4718,3660,6244,2836,0,0,1778.0,0.0,0.0,0.0,0.0,6104.0,0.0,0.0,0.0,140.0,1733.0,0.0,1418.0,1418.0,149.0,0.0,0.0,482.0,0.0,0.0,0.0,0.0,0.0,0.0,0.0,0.0,0.0,0.0,4032.0,4032.0,0.0,0.0,0.0,0.0,0.0,0.0,0.0,0.0,0.0,0.0,0.0,0.0,0.0,0.0,0.0,0.0,0.0,0.0,0.0,0.0,0.0,0.0,0.0,0.0,0.0,0.0,0.0,0.0,0.0,0.0,0.0,0.0,0.0,0.0,0.0
e260fc6a.qasm,33,8,0,0,8,8,19,33,4.606060606060606,8,0.0,1.0,1.0,416,0.7878787878787878,1,18,9.24561403508772,32,720,144,0,0,0,0,0,0,0,0,0.0,0.0,0.0,0.0,0.0,0.0,0.0,0.0,0.0,0.0,0.0,0.0,0.0,0.0,0.0,0.0,0.0,0.0,0.0,0.0,0.0,8.0,0.0,0.0,0.0,0.0,0.0,0.0,0.0,0.0,0.0,0.0,0.0,0.0,0.0,0.0,0.0,0.0,0.0,0.0,0.0,0.0,0.0,0.0,0.0,0.0,0.0,0.0,0.0,0.0,0.0,0.0,0.0,0.0,0.0,0.0,0.0,0.0,0.0,0.0,0.0,0.0,0.0,0.0,0.0
e3863462.qasm,56,2744,952,1792,0,257,2,56,81.0,81,0.6530612244897959,0.6530612244897959,10.67704280155642,112,0.07272727272727272,1,16,6.982142857142857,49,256,64,0,2744,1792,2744,0,0,0,0,0.0,0.0,0.0,0.0,0.0,0.0,952.0,0.0,0.0,0.0,0.0,0.0,0.0,0.0,0.0,0.0,0.0,0.0,0.0,1792.0,0.0,0.0,0.0,0.0,0.0,0.0,0.0,0.0,0.0,0.0,0.0,0.0,0.0,0.0,0.0,0.0,0.0,0.0,0.0,0.0,0.0,0.0,0.0,0.0,0.0,0.0,0.0,0.0,0.0,0.0,0.0,0.0,0.0,0.0,0.0,0.0,0.0,0.0,0.0,0.0,0.0,0.0,0.0,0.0,0.0
e3b97044.qasm,53,20143,16831,3312,0,645,2,53,442.54716981132077,568,0.16442436578463981,0.16442436578463981,31.229457364341084,86,0.062409288824383166,1,5,4.418478260869565,10,414,162,0,11696,4048,11696,8447,0,1096,0,331.0,2199.0,2893.0,2952.0,4416.0,3312.0,1104.0,1840.0,1096.0,0.0,0.0,0.0,0.0,0.0,0.0,0.0,0.0,0.0,0.0,0.0,0.0,0.0,0.0,0.0,0.0,0.0,0.0,0.0,0.0,0.0,0.0,0.0,0.0,0.0,0.0,0.0,0.0,0.0,0.0,0.0,0.0,0.0,0.0,0.0,0.0,0.0,0.0,0.0,0.0,0.0,0.0,0.0,0.0,0.0,0.0,0.0,0.0,0.0,0.0,0.0,0.0,0.0,0.0,0.0,0.0
e4a4359e.qasm,100,466533,293823,172710,0,224978,2,100,6392.43,45944,0.37019889268283274,0.37019889268283274,2.073682760092098,666,0.13454545454545455,1,9,49.50489259452261,93,163084,43032,0,287923,200697,287923,178610,0,60,0,0.0,0.0,0.0,200637.0,0.0,172710.0,87286.0,0.0,30.0,5840.0,0.0,0.0,0.0,0.0,0.0,0.0,0.0,0.0,0.0,0.0,30.0,0.0,0.0,0.0,0.0,0.0,0.0,0.0,0.0,0.0,0.0,0.0,0.0,0.0,0.0,0.0,0.0,0.0,0.0,0.0,0.0,0.0,0.0,0.0,0.0,0.0,0.0,0.0,0.0,0.0,0.0,0.0,0.0,0.0,0.0,0.0,0.0,0.0,0.0,0.0,0.0,0.0,0.0,0.0,0.0
e4b50619.qasm,8,8,1,7,0,8,2,8,1.875,2,0.875,0.875,1.0,7,0.25,1,1,1.0,1,1,2,0,0,0,0,8,0,0,0,0.0,0.0,0.0,0.0,0.0,7.0,0.0,0.0,0.0,1.0,0.0,0.0,0.0,0.0,0.0,0.0,0.0,0.0,0.0,0.0,0.0,0.0,0.0,0.0,0.0,0.0,0.0,0.0,0.0,0.0,0.0,0.0,0.0,0.0,0.0,0.0,0.0,0.0,0.0,0.0,0.0,0.0,0.0,0.0,0.0,0.0,0.0,0.0,0.0,0.0,0.0,0.0,0.0,0.0,0.0,0.0,0.0,0.0,0.0,0.0,0.0,0.0,0.0,0.0,0.0
e61acd2b.qasm,12,2988,2502,486,0,464,2,12,289.5,355,0.16265060240963855,0.16265060240963855,6.439655172413793,17,0.25757575757575757,1,3,2.2222222222222223,4,135,99,0,1737,594,1737,1251,0,162,0,59.0,333.0,436.0,432.0,648.0,486.0,162.0,270.0,162.0,0.0,0.0,0.0,0.0,0.0,0.0,0.0,0.0,0.0,0.0,0.0,0.0,0.0,0.0,0.0,0.0,0.0,0.0,0.0,0.0,0.0,0.0,0.0,0.0,0.0,0.0,0.0,0.0,0.0,0.0,0.0,0.0,0.0,0.0,0.0,0.0,0.0,0.0,0.0,0.0,0.0,0.0,0.0,0.0,0.0,0.0,0.0,0.0,0.0,0.0,0.0,0.0,0.0,0.0,0.0,0.0
e66c3381.qasm,50,15674,13091,2583,0,502,2,50,365.14,442,0.1647952022457573,0.1647952022457573,31.223107569721115,82,0.06693877551020408,1,5,3.529616724738676,9,279,126,0,9118,3157,9118,6556,0,839,0,248.0,1699.0,2247.0,2318.0,3444.0,2583.0,861.0,1435.0,839.0,0.0,0.0,0.0,0.0,0.0,0.0,0.0,0.0,0.0,0.0,0.0,0.0,0.0,0.0,0.0,0.0,0.0,0.0,0.0,0.0,0.0,0.0,0.0,0.0,0.0,0.0,0.0,0.0,0.0,0.0,0.0,0.0,0.0,0.0,0.0,0.0,0.0,0.0,0.0,0.0,0.0,0.0,0.0,0.0,0.0,0.0,0.0,0.0,0.0,0.0,0.0,0.0,0.0,0.0,0.0,0.0
e698c12d.qasm,4,23,13,10,0,11,2,4,8.25,11,0.43478260869565216,0.43478260869565216,2.090909090909091,4,0.6666666666666666,1,2,1.4,3,6,6,0,0,9,0,15,8,1,0,0.0,0.0,0.0,0.0,0.0,10.0,0.0,0.0,1.0,2.0,0.0,2.0,4.0,4.0,0.0,0.0,0.0,0.0,0.0,0.0,0.0,0.0,0.0,0.0,0.0,0.0,0.0,0.0,0.0,0.0,0.0,0.0,0.0,0.0,0.0,0.0,0.0,0.0,0.0,0.0,0.0,0.0,0.0,0.0,0.0,0.0,0.0,0.0,0.0,0.0,0.0,0.0,0.0,0.0,0.0,0.0,0.0,0.0,0.0,0.0,0.0,0.0,0.0,0.0,0.0
e7296260.qasm,53,18789,15693,3096,0,574,2,53,412.92452830188677,505,0.1647772632923519,0.1647772632923519,32.73344947735192,86,0.062409288824383166,1,5,4.093023255813954,10,360,144,0,10912,3784,10912,7877,0,1024,0,299.0,2037.0,2693.0,2760.0,4128.0,3096.0,1032.0,1720.0,1024.0,0.0,0.0,0.0,0.0,0.0,0.0,0.0,0.0,0.0,0.0,0.0,0.0,0.0,0.0,0.0,0.0,0.0,0.0,0.0,0.0,0.0,0.0,0.0,0.0,0.0,0.0,0.0,0.0,0.0,0.0,0.0,0.0,0.0,0.0,0.0,0.0,0.0,0.0,0.0,0.0,0.0,0.0,0.0,0.0,0.0,0.0,0.0,0.0,0.0,0.0,0.0,0.0,0.0,0.0,0.0,0.0
e751ad87.qasm,256,8258,0,8256,2,257,128,256,65.5,130,0.9997578106078954,1.0,32.13229571984436,16384,0.5019607843137255,1,128,85.88772845953002,255,14784,382,0,8256,8256,8256,0,0,0,0,0.0,0.0,0.0,0.0,0.0,0.0,0.0,0.0,0.0,0.0,0.0,0.0,0.0,0.0,0.0,8256.0,0.0,0.0,0.0,0.0,0.0,2.0,0.0,0.0,0.0,0.0,0.0,0.0,0.0,0.0,0.0,0.0,0.0,0.0,0.0,0.0,0.0,0.0,0.0,0.0,0.0,0.0,0.0,0.0,0.0,0.0,0.0,0.0,0.0,0.0,0.0,0.0,0.0,0.0,0.0,0.0,0.0,0.0,0.0,0.0,0.0,0.0,0.0,0.0,0.0
e7540ce6.qasm,53,23473,19603,3870,0,717,2,53,515.9056603773585,631,0.1648702764878797,0.1648702764878797,32.73779637377964,86,0.062409288824383166,1,5,4.093023255813954,10,450,180,0,13630,4730,13630,9843,0,1280,0,354.0,2543.0,3376.0,3450.0,5160.0,3870.0,1290.0,2150.0,1280.0,0.0,0.0,0.0,0.0,0.0,0.0,0.0,0.0,0.0,0.0,0.0,0.0,0.0,0.0,0.0,0.0,0.0,0.0,0.0,0.0,0.0,0.0,0.0,0.0,0.0,0.0,0.0,0.0,0.0,0.0,0.0,0.0,0.0,0.0,0.0,0.0,0.0,0.0,0.0,0.0,0.0,0.0,0.0,0.0,0.0,0.0,0.0,0.0,0.0,0.0,0.0,0.0,0.0,0.0,0.0,0.0
e815593a.qasm,32,64,63,0,1,3,32,32,2.96875,3,0.0,0.015625,21.333333333333332,496,1.0,1,31,11.0,31,256,31,0,1,0,1,62,0,0,0,1.0,0.0,0.0,0.0,0.0,0.0,0.0,0.0,0.0,62.0,0.0,0.0,0.0,0.0,0.0,0.0,0.0,0.0,0.0,0.0,0.0,0.0,0.0,0.0,0.0,0.0,0.0,0.0,0.0,0.0,0.0,0.0,0.0,0.0,0.0,1.0,0.0,0.0,0.0,0.0,0.0,0.0,0.0,0.0,0.0,0.0,0.0,0.0,0.0,0.0,0.0,0.0,0.0,0.0,0.0,0.0,0.0,0.0,0.0,0.0,0.0,0.0,0.0,0.0,0.0
e893b1a5.qasm,66,76267,48391,27876,0,35489,2,66,1577.9242424242425,7888,0.36550539551837624,0.36550539551837624,2.149032094451802,365,0.17016317016317017,1,7,31.773496914908883,60,25383,6976,0,46633,32375,46633,29634,0,28,0,0.0,0.0,0.0,32347.0,0.0,27876.0,14286.0,0.0,14.0,1730.0,0.0,0.0,0.0,0.0,0.0,0.0,0.0,0.0,0.0,0.0,14.0,0.0,0.0,0.0,0.0,0.0,0.0,0.0,0.0,0.0,0.0,0.0,0.0,0.0,0.0,0.0,0.0,0.0,0.0,0.0,0.0,0.0,0.0,0.0,0.0,0.0,0.0,0.0,0.0,0.0,0.0,0.0,0.0,0.0,0.0,0.0,0.0,0.0,0.0,0.0,0.0,0.0,0.0,0.0,0.0
ea801020.qasm,256,33278,511,32767,0,766,2,256,257.98828125,258,0.9846445098864114,0.9846445098864114,43.44386422976501,32640,1.0,1,255,85.83074434644612,255,16511,256,0,32640,32640,32640,638,0,0,0,0.0,0.0,0.0,0.0,0.0,0.0,0.0,0.0,0.0,510.0,0.0,1.0,0.0,0.0,0.0,32640.0,0.0,0.0,0.0,0.0,0.0,0.0,0.0,0.0,0.0,0.0,0.0,127.0,0.0,0.0,0.0,0.0,0.0,0.0,0.0,0.0,0.0,0.0,0.0,0.0,0.0,0.0,0.0,0.0,0.0,0.0,0.0,0.0,0.0,0.0,0.0,0.0,0.0,0.0,0.0,0.0,0.0,0.0,0.0,0.0,0.0,0.0,0.0,0.0,0.0
eb153d64.qasm,127,127,1,126,0,127,2,127,1.9921259842519685,2,0.9921259842519685,0.9921259842519685,1.0,126,0.015748031496062992,1,1,1.0,1,1,2,0,0,0,0,127,0,0,0,0.0,0.0,0.0,0.0,0.0,126.0,0.0,0.0,0.0,1.0,0.0,0.0,0.0,0.0,0.0,0.0,0.0,0.0,0.0,0.0,0.0,0.0,0.0,0.0,0.0,0.0,0.0,0.0,0.0,0.0,0.0,0.0,0.0,0.0,0.0,0.0,0.0,0.0,0.0,0.0,0.0,0.0,0.0,0.0,0.0,0.0,0.0,0.0,0.0,0.0,0.0,0.0,0.0,0.0,0.0,0.0,0.0,0.0,0.0,0.0,0.0,0.0,0.0,0.0,0.0
ebb0ac17.qasm,16,191,35,25,131,32,4,16,31.125,32,0.13089005235602094,0.8167539267015707,5.96875,118,0.9833333333333333,1,14,5.564853556485356,15,255,67,0,33,40,30,16,5,3,0,1.0,2.0,3.0,0.0,5.0,1.0,3.0,1.0,2.0,1.0,1.0,3.0,2.0,3.0,1.0,0.0,29.0,29.0,1.0,2.0,1.0,0.0,0.0,0.0,29.0,0.0,1.0,1.0,0.0,0.0,0.0,0.0,0.0,0.0,2.0,0.0,24.0,9.0,2.0,1.0,1.0,0.0,3.0,11.0,1.0,0.0,0.0,0.0,0.0,0.0,1.0,2.0,1.0,3.0,1.0,0.0,0.0,0.0,1.0,1.0,2.0,1.0,2.0,0.0,0.0
ebc18fd7.qasm,255,18414,9088,9073,253,12333,3,255,109.7764705882353,2573,0.4927229282067992,0.5064624742044097,1.493067380199465,1103,0.03405897792187741,1,35,95.62784784377543,247,5678,1505,0,4757,5782,4757,9436,3968,0,0,2911.0,0.0,0.0,0.0,32.0,9073.0,0.0,0.0,0.0,145.0,1666.0,218.0,1984.0,1984.0,148.0,0.0,0.0,253.0,0.0,0.0,0.0,0.0,0.0,0.0,0.0,0.0,0.0,0.0,0.0,0.0,0.0,0.0,0.0,0.0,0.0,0.0,0.0,0.0,0.0,0.0,0.0,0.0,0.0,0.0,0.0,0.0,0.0,0.0,0.0,0.0,0.0,0.0,0.0,0.0,0.0,0.0,0.0,0.0,0.0,0.0,0.0,0.0,0.0,0.0,0.0
ebc3e166.qasm,74,5572891,3255763,2317091,38,1391711,36,68,106639.13466684733,413687,0.41577899155034614,0.4157858102733393,4.004345011284671,1162,0.43021103295075896,7,35,11.09347578484688,72,1144821,213283,0,3254373,477897,3254373,2318480,0,0,6,54635.0,0.0,0.0,132626.0,0.0,2317091.0,0.0,0.0,0.0,1352.0,297020.0,38.0,0.0,0.0,48252.0,0.0,0.0,0.0,0.0,0.0,0.0,0.0,0.0,0.0,0.0,38.0,0.0,0.0,0.0,0.0,0.0,0.0,0.0,0.0,0.0,0.0,0.0,0.0,0.0,0.0,0.0,0.0,0.0,0.0,0.0,0.0,0.0,0.0,0.0,0.0,2721841.0,0.0,0.0,0.0,0.0,0.0,0.0,0.0,0.0,0.0,0.0,0.0,0.0,0.0,0.0
ec70915a.qasm,56,668,280,388,0,30,2,56,18.857142857142858,21,0.5808383233532934,0.5808383233532934,22.266666666666666,97,0.06298701298701298,1,10,4.030927835051546,7,32,16,0,668,388,668,0,0,0,0,0.0,0.0,0.0,0.0,0.0,0.0,280.0,0.0,0.0,0.0,0.0,0.0,0.0,0.0,0.0,0.0,0.0,0.0,0.0,388.0,0.0,0.0,0.0,0.0,0.0,0.0,0.0,0.0,0.0,0.0,0.0,0.0,0.0,0.0,0.0,0.0,0.0,0.0,0.0,0.0,0.0,0.0,0.0,0.0,0.0,0.0,0.0,0.0,0.0,0.0,0.0,0.0,0.0,0.0,0.0,0.0,0.0,0.0,0.0,0.0,0.0,0.0,0.0,0.0,0.0
eca6fb66.qasm,51,15481,12934,2547,0,502,2,51,353.4901960784314,442,0.16452425553904787,0.16452425553904787,30.838645418326692,84,0.06588235294117648,1,5,3.6431095406360425,9,270,126,0,9005,3113,9005,6476,0,831,0,255.0,1683.0,2223.0,2282.0,3396.0,2547.0,849.0,1415.0,831.0,0.0,0.0,0.0,0.0,0.0,0.0,0.0,0.0,0.0,0.0,0.0,0.0,0.0,0.0,0.0,0.0,0.0,0.0,0.0,0.0,0.0,0.0,0.0,0.0,0.0,0.0,0.0,0.0,0.0,0.0,0.0,0.0,0.0,0.0,0.0,0.0,0.0,0.0,0.0,0.0,0.0,0.0,0.0,0.0,0.0,0.0,0.0,0.0,0.0,0.0,0.0,0.0,0.0,0.0,0.0,0.0
ed52defd.qasm,12,3300,2760,540,0,499,2,12,320.0,442,0.16363636363636364,0.16363636363636364,6.613226452905812,17,0.25757575757575757,1,3,2.2,4,144,126,0,1915,660,1915,1385,0,180,0,55.0,365.0,480.0,480.0,720.0,540.0,180.0,300.0,180.0,0.0,0.0,0.0,0.0,0.0,0.0,0.0,0.0,0.0,0.0,0.0,0.0,0.0,0.0,0.0,0.0,0.0,0.0,0.0,0.0,0.0,0.0,0.0,0.0,0.0,0.0,0.0,0.0,0.0,0.0,0.0,0.0,0.0,0.0,0.0,0.0,0.0,0.0,0.0,0.0,0.0,0.0,0.0,0.0,0.0,0.0,0.0,0.0,0.0,0.0,0.0,0.0,0.0,0.0,0.0,0.0
eefd994e.qasm,51,16053,13407,2646,0,502,2,51,366.6470588235294,442,0.1648290039245001,0.1648290039245001,31.97808764940239,84,0.06588235294117648,1,5,3.622448979591837,9,279,126,0,9357,3234,9357,6696,0,860,0,263.0,1720.0,2310.0,2374.0,3528.0,2646.0,882.0,1470.0,860.0,0.0,0.0,0.0,0.0,0.0,0.0,0.0,0.0,0.0,0.0,0.0,0.0,0.0,0.0,0.0,0.0,0.0,0.0,0.0,0.0,0.0,0.0,0.0,0.0,0.0,0.0,0.0,0.0,0.0,0.0,0.0,0.0,0.0,0.0,0.0,0.0,0.0,0.0,0.0,0.0,0.0,0.0,0.0,0.0,0.0,0.0,0.0,0.0,0.0,0.0,0.0,0.0,0.0,0.0,0.0,0.0
ef8d10d7.qasm,56,2409,0,2409,0,99,2,56,86.03571428571429,99,1.0,1.0,24.333333333333332,73,0.047402597402597405,1,5,6.671232876712328,7,429,99,0,2409,1168,2409,0,0,0,0,0.0,0.0,0.0,0.0,0.0,0.0,0.0,0.0,0.0,0.0,0.0,0.0,0.0,0.0,0.0,0.0,0.0,0.0,0.0,1168.0,0.0,0.0,0.0,0.0,0.0,0.0,0.0,0.0,0.0,0.0,1241.0,0.0,0.0,0.0,0.0,0.0,0.0,0.0,0.0,0.0,0.0,0.0,0.0,0.0,0.0,0.0,0.0,0.0,0.0,0.0,0.0,0.0,0.0,0.0,0.0,0.0,0.0,0.0,0.0,0.0,0.0,0.0,0.0,0.0,0.0
efafd44f.qasm,32,62,16,46,0,32,2,32,3.375,4,0.7419354838709677,0.7419354838709677,1.9375,31,0.0625,1,1,1.0,1,2,3,0,0,0,0,62,0,0,0,0.0,0.0,0.0,0.0,0.0,46.0,0.0,0.0,0.0,16.0,0.0,0.0,0.0,0.0,0.0,0.0,0.0,0.0,0.0,0.0,0.0,0.0,0.0,0.0,0.0,0.0,0.0,0.0,0.0,0.0,0.0,0.0,0.0,0.0,0.0,0.0,0.0,0.0,0.0,0.0,0.0,0.0,0.0,0.0,0.0,0.0,0.0,0.0,0.0,0.0,0.0,0.0,0.0,0.0,0.0,0.0,0.0,0.0,0.0,0.0,0.0,0.0,0.0,0.0,0.0
f030e083.qasm,56,3696,0,3696,0,495,2,56,132.0,132,1.0,1.0,7.466666666666667,112,0.07272727272727272,1,16,6.982142857142857,49,528,132,0,3696,1792,3696,0,0,0,0,0.0,0.0,0.0,0.0,0.0,0.0,0.0,0.0,0.0,0.0,0.0,0.0,0.0,0.0,0.0,0.0,0.0,0.0,0.0,1792.0,0.0,0.0,0.0,0.0,0.0,0.0,0.0,0.0,0.0,0.0,1904.0,0.0,0.0,0.0,0.0,0.0,0.0,0.0,0.0,0.0,0.0,0.0,0.0,0.0,0.0,0.0,0.0,0.0,0.0,0.0,0.0,0.0,0.0,0.0,0.0,0.0,0.0,0.0,0.0,0.0,0.0,0.0,0.0,0.0,0.0
f05a6196.qasm,256,33278,511,32767,0,766,2,256,257.98828125,258,0.9846445098864114,0.9846445098864114,43.44386422976501,32640,1.0,1,255,85.83074434644612,255,16511,256,0,32640,32640,32640,638,0,0,0,0.0,0.0,0.0,0.0,0.0,0.0,0.0,0.0,0.0,510.0,0.0,1.0,0.0,0.0,0.0,32640.0,0.0,0.0,0.0,0.0,0.0,0.0,0.0,0.0,0.0,0.0,0.0,127.0,0.0,0.0,0.0,0.0,0.0,0.0,0.0,0.0,0.0,0.0,0.0,0.0,0.0,0.0,0.0,0.0,0.0,0.0,0.0,0.0,0.0,0.0,0.0,0.0,0.0,0.0,0.0,0.0,0.0,0.0,0.0,0.0,0.0,0.0,0.0,0.0,0.0
f0c5e28f.qasm,19,56,38,18,0,21,2,19,3.8947368421052633,20,0.32142857142857145,0.32142857142857145,2.6666666666666665,18,0.10526315789473684,1,1,9.5,18,18,18,0,0,0,0,56,0,0,0,0.0,0.0,0.0,0.0,0.0,18.0,0.0,0.0,0.0,37.0,0.0,1.0,0.0,0.0,0.0,0.0,0.0,0.0,0.0,0.0,0.0,0.0,0.0,0.0,0.0,0.0,0.0,0.0,0.0,0.0,0.0,0.0,0.0,0.0,0.0,0.0,0.0,0.0,0.0,0.0,0.0,0.0,0.0,0.0,0.0,0.0,0.0,0.0,0.0,0.0,0.0,0.0,0.0,0.0,0.0,0.0,0.0,0.0,0.0,0.0,0.0,0.0,0.0,0.0,0.0
f0e878db.qasm,32,5632,4096,1536,0,224,2,32,224.0,224,0.2727272727272727,0.2727272727272727,25.142857142857142,315,0.6350806451612904,1,24,10.76953125,30,792,96,0,4096,0,4096,1536,0,0,0,0.0,0.0,0.0,0.0,4096.0,1536.0,0.0,0.0,0.0,0.0,0.0,0.0,0.0,0.0,0.0,0.0,0.0,0.0,0.0,0.0,0.0,0.0,0.0,0.0,0.0,0.0,0.0,0.0,0.0,0.0,0.0,0.0,0.0,0.0,0.0,0.0,0.0,0.0,0.0,0.0,0.0,0.0,0.0,0.0,0.0,0.0,0.0,0.0,0.0,0.0,0.0,0.0,0.0,0.0,0.0,0.0,0.0,0.0,0.0,0.0,0.0,0.0,0.0,0.0,0.0
f0e91b40.qasm,56,1862,840,1022,0,57,2,56,51.5,57,0.5488721804511278,0.5488721804511278,32.666666666666664,73,0.047402597402597405,1,5,6.671232876712328,7,182,42,0,1862,1022,1862,0,0,0,0,0.0,0.0,0.0,0.0,0.0,0.0,840.0,0.0,0.0,0.0,0.0,0.0,0.0,0.0,0.0,0.0,0.0,0.0,0.0,1022.0,0.0,0.0,0.0,0.0,0.0,0.0,0.0,0.0,0.0,0.0,0.0,0.0,0.0,0.0,0.0,0.0,0.0,0.0,0.0,0.0,0.0,0.0,0.0,0.0,0.0,0.0,0.0,0.0,0.0,0.0,0.0,0.0,0.0,0.0,0.0,0.0,0.0,0.0,0.0,0.0,0.0,0.0,0.0,0.0,0.0
f1167cc3.qasm,32,9268,7747,1521,0,501,2,32,337.15625,442,0.1641130772550712,0.1641130772550712,18.499001996007983,50,0.10080645161290322,1,3,2.9585798816568047,7,189,126,0,5392,1859,5392,3876,0,501,0,160.0,1009.0,1339.0,1358.0,2028.0,1521.0,507.0,845.0,501.0,0.0,0.0,0.0,0.0,0.0,0.0,0.0,0.0,0.0,0.0,0.0,0.0,0.0,0.0,0.0,0.0,0.0,0.0,0.0,0.0,0.0,0.0,0.0,0.0,0.0,0.0,0.0,0.0,0.0,0.0,0.0,0.0,0.0,0.0,0.0,0.0,0.0,0.0,0.0,0.0,0.0,0.0,0.0,0.0,0.0,0.0,0.0,0.0,0.0,0.0,0.0,0.0,0.0,0.0,0.0,0.0
f163436d.qasm,13,14,4,4,6,7,3,13,2.3076923076923075,4,0.2857142857142857,0.7142857142857143,2.0,22,0.28205128205128205,1,3,4.545454545454546,9,12,6,0,0,0,0,8,0,0,0,0.0,0.0,0.0,0.0,0.0,4.0,0.0,0.0,0.0,0.0,0.0,4.0,0.0,0.0,0.0,0.0,0.0,6.0,0.0,0.0,0.0,0.0,0.0,0.0,0.0,0.0,0.0,0.0,0.0,0.0,0.0,0.0,0.0,0.0,0.0,0.0,0.0,0.0,0.0,0.0,0.0,0.0,0.0,0.0,0.0,0.0,0.0,0.0,0.0,0.0,0.0,0.0,0.0,0.0,0.0,0.0,0.0,0.0,0.0,0.0,0.0,0.0,0.0,0.0,0.0
f1bcea54.qasm,45,13935,11640,2295,0,501,2,45,360.6666666666667,442,0.16469321851453175,0.16469321851453175,27.81437125748503,73,0.07373737373737374,1,5,3.3529411764705883,8,252,126,0,8105,2805,8105,5830,0,751,0,213.0,1509.0,2013.0,2054.0,3060.0,2295.0,765.0,1275.0,751.0,0.0,0.0,0.0,0.0,0.0,0.0,0.0,0.0,0.0,0.0,0.0,0.0,0.0,0.0,0.0,0.0,0.0,0.0,0.0,0.0,0.0,0.0,0.0,0.0,0.0,0.0,0.0,0.0,0.0,0.0,0.0,0.0,0.0,0.0,0.0,0.0,0.0,0.0,0.0,0.0,0.0,0.0,0.0,0.0,0.0,0.0,0.0,0.0,0.0,0.0,0.0,0.0,0.0,0.0,0.0,0.0
f27a09cf.qasm,260,260,1,259,0,260,2,260,1.9961538461538462,2,0.9961538461538462,0.9961538461538462,1.0,259,0.007692307692307693,1,1,1.0,1,1,2,0,0,0,0,260,0,0,0,0.0,0.0,0.0,0.0,0.0,259.0,0.0,0.0,0.0,1.0,0.0,0.0,0.0,0.0,0.0,0.0,0.0,0.0,0.0,0.0,0.0,0.0,0.0,0.0,0.0,0.0,0.0,0.0,0.0,0.0,0.0,0.0,0.0,0.0,0.0,0.0,0.0,0.0,0.0,0.0,0.0,0.0,0.0,0.0,0.0,0.0,0.0,0.0,0.0,0.0,0.0,0.0,0.0,0.0,0.0,0.0,0.0,0.0,0.0,0.0,0.0,0.0,0.0,0.0,0.0
f2a5a67a.qasm,12,2988,2502,486,0,464,2,12,289.5,355,0.16265060240963855,0.16265060240963855,6.439655172413793,17,0.25757575757575757,1,3,2.2222222222222223,4,135,99,0,1735,594,1735,1253,0,162,0,55.0,335.0,438.0,432.0,648.0,486.0,162.0,270.0,162.0,0.0,0.0,0.0,0.0,0.0,0.0,0.0,0.0,0.0,0.0,0.0,0.0,0.0,0.0,0.0,0.0,0.0,0.0,0.0,0.0,0.0,0.0,0.0,0.0,0.0,0.0,0.0,0.0,0.0,0.0,0.0,0.0,0.0,0.0,0.0,0.0,0.0,0.0,0.0,0.0,0.0,0.0,0.0,0.0,0.0,0.0,0.0,0.0,0.0,0.0,0.0,0.0,0.0,0.0,0.0,0.0
f5398281.qasm,53,18789,15693,3096,0,574,2,53,412.92452830188677,505,0.1647772632923519,0.1647772632923519,32.73344947735192,86,0.062409288824383166,1,5,4.093023255813954,10,360,144,0,10932,3784,10932,7857,0,1024,0,305.0,2017.0,2707.0,2760.0,4128.0,3096.0,1032.0,1720.0,1024.0,0.0,0.0,0.0,0.0,0.0,0.0,0.0,0.0,0.0,0.0,0.0,0.0,0.0,0.0,0.0,0.0,0.0,0.0,0.0,0.0,0.0,0.0,0.0,0.0,0.0,0.0,0.0,0.0,0.0,0.0,0.0,0.0,0.0,0.0,0.0,0.0,0.0,0.0,0.0,0.0,0.0,0.0,0.0,0.0,0.0,0.0,0.0,0.0,0.0,0.0,0.0,0.0,0.0,0.0,0.0,0.0
f5aeb6f0.qasm,50,15674,13091,2583,0,502,2,50,365.14,442,0.1647952022457573,0.1647952022457573,31.223107569721115,82,0.06693877551020408,1,5,3.529616724738676,9,279,126,0,9136,3157,9136,6538,0,839,0,248.0,1681.0,2265.0,2318.0,3444.0,2583.0,861.0,1435.0,839.0,0.0,0.0,0.0,0.0,0.0,0.0,0.0,0.0,0.0,0.0,0.0,0.0,0.0,0.0,0.0,0.0,0.0,0.0,0.0,0.0,0.0,0.0,0.0,0.0,0.0,0.0,0.0,0.0,0.0,0.0,0.0,0.0,0.0,0.0,0.0,0.0,0.0,0.0,0.0,0.0,0.0,0.0,0.0,0.0,0.0,0.0,0.0,0.0,0.0,0.0,0.0,0.0,0.0,0.0,0.0,0.0
f5d72dae.qasm,32,64,32,32,0,8,2,32,3.0,3,0.5,0.5,8.0,32,0.06451612903225806,1,2,10.75,25,18,2,0,0,32,0,64,0,0,0,0.0,0.0,0.0,0.0,0.0,0.0,0.0,0.0,0.0,32.0,0.0,0.0,0.0,0.0,0.0,0.0,0.0,0.0,32.0,0.0,0.0,0.0,0.0,0.0,0.0,0.0,0.0,0.0,0.0,0.0,0.0,0.0,0.0,0.0,0.0,0.0,0.0,0.0,0.0,0.0,0.0,0.0,0.0,0.0,0.0,0.0,0.0,0.0,0.0,0.0,0.0,0.0,0.0,0.0,0.0,0.0,0.0,0.0,0.0,0.0,0.0,0.0,0.0,0.0,0.0
f67ec297.qasm,36,10940,9140,1800,0,501,2,36,353.8888888888889,442,0.16453382084095064,0.16453382084095064,21.836327345309382,57,0.09047619047619047,1,4,3.13,7,225,126,0,6366,2200,6366,4574,0,594,0,176.0,1180.0,1584.0,1606.0,2400.0,1800.0,600.0,1000.0,594.0,0.0,0.0,0.0,0.0,0.0,0.0,0.0,0.0,0.0,0.0,0.0,0.0,0.0,0.0,0.0,0.0,0.0,0.0,0.0,0.0,0.0,0.0,0.0,0.0,0.0,0.0,0.0,0.0,0.0,0.0,0.0,0.0,0.0,0.0,0.0,0.0,0.0,0.0,0.0,0.0,0.0,0.0,0.0,0.0,0.0,0.0,0.0,0.0,0.0,0.0,0.0,0.0,0.0,0.0,0.0,0.0
f7ff0727.qasm,5,11,9,2,0,4,2,5,2.6,3,0.18181818181818182,0.18181818181818182,2.75,2,0.2,3,1,1.5,2,1,2,0,0,0,0,11,0,0,0,0.0,0.0,0.0,0.0,0.0,2.0,0.0,0.0,0.0,9.0,0.0,0.0,0.0,0.0,0.0,0.0,0.0,0.0,0.0,0.0,0.0,0.0,0.0,0.0,0.0,0.0,0.0,0.0,0.0,0.0,0.0,0.0,0.0,0.0,0.0,0.0,0.0,0.0,0.0,0.0,0.0,0.0,0.0,0.0,0.0,0.0,0.0,0.0,0.0,0.0,0.0,0.0,0.0,0.0,0.0,0.0,0.0,0.0,0.0,0.0,0.0,0.0,0.0,0.0,0.0
f8a38627.qasm,36,124712,89810,34902,0,28561,2,36,4433.722222222223,5997,0.27986079928154467,0.27986079928154467,4.366513777528798,630,1.0,1,35,12.35513724141883,35,17915,2578,0,29820,43624,29820,94892,0,31938,0,0.0,0.0,0.0,5521.0,0.0,28737.0,18134.0,0.0,15964.0,34217.0,0.0,0.0,0.0,0.0,0.0,0.0,0.0,0.0,0.0,6165.0,15974.0,0.0,0.0,0.0,0.0,0.0,0.0,0.0,0.0,0.0,0.0,0.0,0.0,0.0,0.0,0.0,0.0,0.0,0.0,0.0,0.0,0.0,0.0,0.0,0.0,0.0,0.0,0.0,0.0,0.0,0.0,0.0,0.0,0.0,0.0,0.0,0.0,0.0,0.0,0.0,0.0,0.0,0.0,0.0,0.0
f8d235ae.qasm,4,98,64,34,0,56,2,4,33.0,48,0.3469387755102041,0.3469387755102041,1.75,3,0.5,1,1,1.0,1,14,24,0,46,50,46,52,0,0,0,0.0,0.0,0.0,46.0,0.0,28.0,0.0,0.0,0.0,14.0,0.0,0.0,0.0,0.0,0.0,0.0,0.0,0.0,0.0,0.0,0.0,0.0,0.0,0.0,0.0,0.0,0.0,6.0,0.0,0.0,0.0,0.0,0.0,0.0,4.0,0.0,0.0,0.0,0.0,0.0,0.0,0.0,0.0,0.0,0.0,0.0,0.0,0.0,0.0,0.0,0.0,0.0,0.0,0.0,0.0,0.0,0.0,0.0,0.0,0.0,0.0,0.0,0.0,0.0,0.0
f98536e0.qasm,3,18,12,6,0,12,2,3,8.0,10,0.3333333333333333,0.3333333333333333,1.5,3,1.0,1,2,1.3333333333333333,2,4,4,0,0,8,0,11,7,1,0,0.0,0.0,0.0,0.0,0.0,6.0,0.0,0.0,1.0,2.0,0.0,2.0,4.0,3.0,0.0,0.0,0.0,0.0,0.0,0.0,0.0,0.0,0.0,0.0,0.0,0.0,0.0,0.0,0.0,0.0,0.0,0.0,0.0,0.0,0.0,0.0,0.0,0.0,0.0,0.0,0.0,0.0,0.0,0.0,0.0,0.0,0.0,0.0,0.0,0.0,0.0,0.0,0.0,0.0,0.0,0.0,0.0,0.0,0.0,0.0,0.0,0.0,0.0,0.0,0.0
f9fee41b.qasm,53,20143,16831,3312,0,645,2,53,442.54716981132077,568,0.16442436578463981,0.16442436578463981,31.229457364341084,86,0.062409288824383166,1,5,4.418478260869565,10,414,162,0,11701,4048,11701,8442,0,1096,0,333.0,2194.0,2896.0,2952.0,4416.0,3312.0,1104.0,1840.0,1096.0,0.0,0.0,0.0,0.0,0.0,0.0,0.0,0.0,0.0,0.0,0.0,0.0,0.0,0.0,0.0,0.0,0.0,0.0,0.0,0.0,0.0,0.0,0.0,0.0,0.0,0.0,0.0,0.0,0.0,0.0,0.0,0.0,0.0,0.0,0.0,0.0,0.0,0.0,0.0,0.0,0.0,0.0,0.0,0.0,0.0,0.0,0.0,0.0,0.0,0.0,0.0,0.0,0.0,0.0,0.0,0.0
fabdaac7.qasm,32,189,96,93,0,96,2,32,8.8125,9,0.49206349206349204,0.49206349206349204,1.96875,31,0.0625,1,1,1.0,1,3,6,0,189,0,189,0,0,0,0,0.0,0.0,0.0,0.0,96.0,0.0,0.0,0.0,0.0,0.0,0.0,0.0,0.0,0.0,0.0,0.0,0.0,0.0,0.0,0.0,0.0,0.0,0.0,0.0,0.0,0.0,0.0,0.0,0.0,0.0,93.0,0.0,0.0,0.0,0.0,0.0,0.0,0.0,0.0,0.0,0.0,0.0,0.0,0.0,0.0,0.0,0.0,0.0,0.0,0.0,0.0,0.0,0.0,0.0,0.0,0.0,0.0,0.0,0.0,0.0,0.0,0.0,0.0,0.0,0.0
fadf1f0d.qasm,100,466533,293823,172710,0,224978,2,100,6392.43,45944,0.37019889268283274,0.37019889268283274,2.073682760092098,666,0.13454545454545455,1,9,49.50489259452261,93,163084,43032,0,287923,200697,287923,178610,0,60,0,0.0,0.0,0.0,200637.0,0.0,172710.0,87286.0,0.0,30.0,5840.0,0.0,0.0,0.0,0.0,0.0,0.0,0.0,0.0,0.0,0.0,30.0,0.0,0.0,0.0,0.0,0.0,0.0,0.0,0.0,0.0,0.0,0.0,0.0,0.0,0.0,0.0,0.0,0.0,0.0,0.0,0.0,0.0,0.0,0.0,0.0,0.0,0.0,0.0,0.0,0.0,0.0,0.0,0.0,0.0,0.0,0.0,0.0,0.0,0.0,0.0,0.0,0.0,0.0,0.0,0.0
fb107df5.qasm,64,126,32,94,0,64,2,64,3.4375,4,0.746031746031746,0.746031746031746,1.96875,63,0.03125,1,1,1.0,1,2,3,0,0,0,0,126,0,0,0,0.0,0.0,0.0,0.0,0.0,94.0,0.0,0.0,0.0,32.0,0.0,0.0,0.0,0.0,0.0,0.0,0.0,0.0,0.0,0.0,0.0,0.0,0.0,0.0,0.0,0.0,0.0,0.0,0.0,0.0,0.0,0.0,0.0,0.0,0.0,0.0,0.0,0.0,0.0,0.0,0.0,0.0,0.0,0.0,0.0,0.0,0.0,0.0,0.0,0.0,0.0,0.0,0.0,0.0,0.0,0.0,0.0,0.0,0.0,0.0,0.0,0.0,0.0,0.0,0.0
fb7e6eb0.qasm,115,549,157,392,0,15,2,115,8.182608695652174,12,0.7140255009107468,0.7140255009107468,36.6,387,0.059038901601830666,1,28,11.303571428571429,23,55,9,0,0,5,0,544,5,0,0,0.0,0.0,0.0,0.0,0.0,392.0,0.0,0.0,0.0,152.0,0.0,0.0,0.0,5.0,0.0,0.0,0.0,0.0,0.0,0.0,0.0,0.0,0.0,0.0,0.0,0.0,0.0,0.0,0.0,0.0,0.0,0.0,0.0,0.0,0.0,0.0,0.0,0.0,0.0,0.0,0.0,0.0,0.0,0.0,0.0,0.0,0.0,0.0,0.0,0.0,0.0,0.0,0.0,0.0,0.0,0.0,0.0,0.0,0.0,0.0,0.0,0.0,0.0,0.0,0.0
fb8a2851.qasm,32,125,63,62,0,64,2,32,5.84375,6,0.496,0.496,1.953125,31,0.0625,1,1,1.0,1,2,4,0,62,31,62,63,0,0,0,0.0,0.0,62.0,0.0,0.0,31.0,0.0,0.0,0.0,0.0,0.0,1.0,0.0,0.0,0.0,0.0,0.0,0.0,31.0,0.0,0.0,0.0,0.0,0.0,0.0,0.0,0.0,0.0,0.0,0.0,0.0,0.0,0.0,0.0,0.0,0.0,0.0,0.0,0.0,0.0,0.0,0.0,0.0,0.0,0.0,0.0,0.0,0.0,0.0,0.0,0.0,0.0,0.0,0.0,0.0,0.0,0.0,0.0,0.0,0.0,0.0,0.0,0.0,0.0,0.0
fb9223a1.qasm,16,15,0,1,14,15,3,16,2.75,4,0.06666666666666667,1.0,1.0,22,0.18333333333333332,1,2,5.395348837209302,8,29,8,0,0,0,0,1,0,0,0,0.0,0.0,0.0,0.0,0.0,1.0,0.0,0.0,0.0,0.0,0.0,0.0,0.0,0.0,0.0,0.0,0.0,0.0,0.0,0.0,0.0,0.0,0.0,0.0,0.0,0.0,0.0,0.0,0.0,0.0,0.0,7.0,7.0,0.0,0.0,0.0,0.0,0.0,0.0,0.0,0.0,0.0,0.0,0.0,0.0,0.0,0.0,0.0,0.0,0.0,0.0,0.0,0.0,0.0,0.0,0.0,0.0,0.0,0.0,0.0,0.0,0.0,0.0,0.0,0.0
fb9be929.qasm,8,10,7,3,0,5,2,4,1.625,4,0.3,0.3,2.0,3,0.10714285714285714,5,1,4.0,6,3,3,0,0,3,0,10,0,0,4,0.0,0.0,0.0,0.0,0.0,0.0,0.0,0.0,0.0,6.0,0.0,1.0,0.0,0.0,0.0,0.0,0.0,0.0,3.0,0.0,0.0,0.0,0.0,0.0,0.0,0.0,0.0,0.0,0.0,0.0,0.0,0.0,0.0,0.0,0.0,0.0,0.0,0.0,0.0,0.0,0.0,0.0,0.0,0.0,0.0,0.0,0.0,0.0,0.0,0.0,0.0,0.0,0.0,0.0,0.0,0.0,0.0,0.0,0.0,0.0,0.0,0.0,0.0,0.0,0.0
fbcf0ea3.qasm,51,15481,12934,2547,0,502,2,51,353.4901960784314,442,0.16452425553904787,0.16452425553904787,30.838645418326692,84,0.06588235294117648,1,5,3.6431095406360425,9,270,126,0,9022,3113,9022,6459,0,831,0,253.0,1666.0,2242.0,2282.0,3396.0,2547.0,849.0,1415.0,831.0,0.0,0.0,0.0,0.0,0.0,0.0,0.0,0.0,0.0,0.0,0.0,0.0,0.0,0.0,0.0,0.0,0.0,0.0,0.0,0.0,0.0,0.0,0.0,0.0,0.0,0.0,0.0,0.0,0.0,0.0,0.0,0.0,0.0,0.0,0.0,0.0,0.0,0.0,0.0,0.0,0.0,0.0,0.0,0.0,0.0,0.0,0.0,0.0,0.0,0.0,0.0,0.0,0.0,0.0,0.0,0.0
fbdc2a1f.qasm,12,3300,2760,540,0,499,2,12,320.0,442,0.16363636363636364,0.16363636363636364,6.613226452905812,17,0.25757575757575757,1,3,2.2,4,144,126,0,1918,660,1918,1382,0,180,0,58.0,362.0,480.0,480.0,720.0,540.0,180.0,300.0,180.0,0.0,0.0,0.0,0.0,0.0,0.0,0.0,0.0,0.0,0.0,0.0,0.0,0.0,0.0,0.0,0.0,0.0,0.0,0.0,0.0,0.0,0.0,0.0,0.0,0.0,0.0,0.0,0.0,0.0,0.0,0.0,0.0,0.0,0.0,0.0,0.0,0.0,0.0,0.0,0.0,0.0,0.0,0.0,0.0,0.0,0.0,0.0,0.0,0.0,0.0,0.0,0.0,0.0,0.0,0.0,0.0
fbe1d41c.qasm,15,70,4,30,36,48,3,15,11.466666666666667,24,0.42857142857142855,0.9428571428571428,1.4583333333333333,30,0.2857142857142857,1,4,2.4855072463768115,11,48,39,0,0,0,0,34,0,0,0,0.0,0.0,0.0,0.0,0.0,30.0,0.0,0.0,0.0,0.0,0.0,4.0,0.0,0.0,0.0,0.0,0.0,36.0,0.0,0.0,0.0,0.0,0.0,0.0,0.0,0.0,0.0,0.0,0.0,0.0,0.0,0.0,0.0,0.0,0.0,0.0,0.0,0.0,0.0,0.0,0.0,0.0,0.0,0.0,0.0,0.0,0.0,0.0,0.0,0.0,0.0,0.0,0.0,0.0,0.0,0.0,0.0,0.0,0.0,0.0,0.0,0.0,0.0,0.0,0.0
fc1ce5ab.qasm,98,231621,145699,85922,0,111511,2,98,3240.234693877551,22840,0.3709594553170913,0.3709594553170913,2.0771134686264134,641,0.13486219229960025,1,8,47.85703312306511,91,81470,21464,0,142903,99637,142903,88718,0,28,0,0.0,0.0,0.0,99609.0,0.0,85922.0,43294.0,0.0,14.0,2768.0,0.0,0.0,0.0,0.0,0.0,0.0,0.0,0.0,0.0,0.0,14.0,0.0,0.0,0.0,0.0,0.0,0.0,0.0,0.0,0.0,0.0,0.0,0.0,0.0,0.0,0.0,0.0,0.0,0.0,0.0,0.0,0.0,0.0,0.0,0.0,0.0,0.0,0.0,0.0,0.0,0.0,0.0,0.0,0.0,0.0,0.0,0.0,0.0,0.0,0.0,0.0,0.0,0.0,0.0,0.0
fc330f35.qasm,47,14537,12143,2394,0,502,2,47,360.2340425531915,442,0.1646832221228589,0.1646832221228589,28.95816733067729,76,0.07030527289546716,1,5,3.4022556390977443,9,252,126,0,8452,2926,8452,6085,0,784,0,219.0,1577.0,2101.0,2142.0,3192.0,2394.0,798.0,1330.0,784.0,0.0,0.0,0.0,0.0,0.0,0.0,0.0,0.0,0.0,0.0,0.0,0.0,0.0,0.0,0.0,0.0,0.0,0.0,0.0,0.0,0.0,0.0,0.0,0.0,0.0,0.0,0.0,0.0,0.0,0.0,0.0,0.0,0.0,0.0,0.0,0.0,0.0,0.0,0.0,0.0,0.0,0.0,0.0,0.0,0.0,0.0,0.0,0.0,0.0,0.0,0.0,0.0,0.0,0.0,0.0,0.0
fc56714f.qasm,8,52,24,28,0,20,2,8,10.0,13,0.5384615384615384,0.5384615384615384,2.6,14,0.5,1,3,3.0714285714285716,6,18,10,0,44,28,44,8,0,0,0,0.0,0.0,0.0,0.0,0.0,0.0,16.0,0.0,0.0,8.0,0.0,0.0,0.0,0.0,0.0,0.0,0.0,0.0,0.0,28.0,0.0,0.0,0.0,0.0,0.0,0.0,0.0,0.0,0.0,0.0,0.0,0.0,0.0,0.0,0.0,0.0,0.0,0.0,0.0,0.0,0.0,0.0,0.0,0.0,0.0,0.0,0.0,0.0,0.0,0.0,0.0,0.0,0.0,0.0,0.0,0.0,0.0,0.0,0.0,0.0,0.0,0.0,0.0,0.0,0.0
fc5872f2.qasm,42,641356,369143,272212,1,243471,20,42,21752.071428571428,76559,0.42443198473234833,0.42443354392880084,2.63421927046753,786,0.9128919860627178,1,31,7.759876946571611,40,134200,40000,0,369122,83414,369122,272233,0,0,0,10641.0,0.0,0.0,23412.0,0.0,272212.0,0.0,0.0,0.0,20.0,51582.0,1.0,0.0,0.0,8420.0,0.0,0.0,0.0,0.0,0.0,0.0,0.0,0.0,0.0,0.0,1.0,0.0,0.0,0.0,0.0,0.0,0.0,0.0,0.0,0.0,0.0,0.0,0.0,0.0,0.0,0.0,0.0,0.0,0.0,0.0,0.0,0.0,0.0,0.0,0.0,275067.0,0.0,0.0,0.0,0.0,0.0,0.0,0.0,0.0,0.0,0.0,0.0,0.0,0.0,0.0
fc66bdd4.qasm,128,2082,0,2080,2,129,64,128,33.5,66,0.9990393852065321,1.0,16.13953488372093,4096,0.5039370078740157,1,64,43.21989528795812,127,3705,190,0,2080,2080,2080,0,0,0,0,0.0,0.0,0.0,0.0,0.0,0.0,0.0,0.0,0.0,0.0,0.0,0.0,0.0,0.0,0.0,2080.0,0.0,0.0,0.0,0.0,0.0,2.0,0.0,0.0,0.0,0.0,0.0,0.0,0.0,0.0,0.0,0.0,0.0,0.0,0.0,0.0,0.0,0.0,0.0,0.0,0.0,0.0,0.0,0.0,0.0,0.0,0.0,0.0,0.0,0.0,0.0,0.0,0.0,0.0,0.0,0.0,0.0,0.0,0.0,0.0,0.0,0.0,0.0,0.0,0.0
fdf0b97e.qasm,49,14619,12216,2403,0,502,2,49,347.38775510204084,442,0.16437512825774678,0.16437512825774678,29.121513944223107,78,0.0663265306122449,1,4,3.4794007490636703,9,270,126,0,8501,2937,8501,6118,0,787,0,244.0,1593.0,2102.0,2150.0,3204.0,2403.0,801.0,1335.0,787.0,0.0,0.0,0.0,0.0,0.0,0.0,0.0,0.0,0.0,0.0,0.0,0.0,0.0,0.0,0.0,0.0,0.0,0.0,0.0,0.0,0.0,0.0,0.0,0.0,0.0,0.0,0.0,0.0,0.0,0.0,0.0,0.0,0.0,0.0,0.0,0.0,0.0,0.0,0.0,0.0,0.0,0.0,0.0,0.0,0.0,0.0,0.0,0.0,0.0,0.0,0.0,0.0,0.0,0.0,0.0,0.0
ffe82f32.qasm,31,47,32,0,15,17,3,31,2.4838709677419355,17,0.0,0.3191489361702128,2.764705882352941,45,0.0967741935483871,1,2,15.333333333333334,30,30,30,0,30,0,30,2,0,0,0,0.0,0.0,30.0,0.0,0.0,0.0,0.0,0.0,0.0,2.0,0.0,0.0,0.0,0.0,0.0,0.0,0.0,0.0,0.0,0.0,0.0,0.0,0.0,0.0,15.0,0.0,0.0,0.0,0.0,0.0,0.0,0.0,0.0,0.0,0.0,0.0,0.0,0.0,0.0,0.0,0.0,0.0,0.0,0.0,0.0,0.0,0.0,0.0,0.0,0.0,0.0,0.0,0.0,0.0,0.0,0.0,0.0,0.0,0.0,0.0,0.0,0.0,0.0,0.0,0.0
